Zip_Code,Latitude,Longitude,Tenure_Months,Monthly_Charges,Total_Charges,Gender_Male,Senior_Citizen_Yes,Partner_Yes,Dependents_Yes,Phone_Service_Yes,Multiple_Lines_No phone service,Multiple_Lines_Yes,Internet_Service_Fiber optic,Internet_Service_No,Online_Security_No internet service,Online_Security_Yes,Online_Backup_No internet service,Online_Backup_Yes,Device_Protection_No internet service,Device_Protection_Yes,Tech_Support_No internet service,Tech_Support_Yes,Streaming_TV_No internet service,Streaming_TV_Yes,Streaming_Movies_No internet service,Streaming_Movies_Yes,Contract_One year,Contract_Two year,Paperless_Billing_Yes,Payment_Method_Credit card (automatic),Payment_Method_Electronic check,Payment_Method_Mailed check,churn_probability,high_risk
90003,33.964131,-118.272783,2,53.85,108.15,1,0,0,0,1,0,0,0,0,0,1,0,1,0,0,0,0,0,0,0,0,0,0,1,0,0,1,0.6372326,False
90005,34.059281,-118.30742,2,70.7,151.65,0,0,0,1,1,0,0,1,0,0,0,0,0,0,0,0,0,0,0,0,0,0,0,1,0,1,0,0.7294862,True
90006,34.048013,-118.293953,8,99.65,820.5,0,0,0,1,1,0,1,1,0,0,0,0,0,0,1,0,0,0,1,0,1,0,0,1,0,1,0,0.79228354,True
90010,34.062125,-118.315709,28,104.8,3046.05,0,0,1,1,1,0,1,1,0,0,0,0,0,0,1,0,1,0,1,0,1,0,0,1,0,1,0,0.5572586,False
90015,34.039224,-118.266293,49,103.7,5036.3,1,0,0,1,1,0,1,1,0,0,0,0,1,0,1,0,0,0,1,0,1,0,0,1,0,0,0,0.5550007,False
90020,34.066367,-118.309868,10,55.2,528.35,0,0,1,0,1,0,0,0,0,0,0,0,0,0,1,0,1,0,0,0,0,0,0,0,1,0,0,0.4883198,False
90022,34.02381,-118.156582,1,39.65,39.65,1,1,0,0,0,1,0,0,0,0,0,0,0,0,1,0,0,0,0,0,1,0,0,1,0,1,0,0.7575833,True
90024,34.066303,-118.435479,1,20.15,20.15,1,0,0,0,1,0,0,0,1,1,0,1,0,1,0,1,0,1,0,1,0,0,0,0,0,0,1,0.5510429,False
90028,34.099869,-118.326843,47,99.35,4749.15,1,0,1,1,1,0,1,1,0,0,0,0,1,0,0,0,0,0,1,0,1,0,0,1,0,1,0,0.5247332,False
90029,34.089953,-118.294824,1,30.2,30.2,1,0,1,0,0,1,0,0,0,0,0,0,1,0,0,0,0,0,0,0,0,0,0,0,0,1,0,0.7237852,True
90032,34.078821,-118.177576,17,64.7,1093.1,0,0,0,0,1,0,0,0,0,0,0,0,0,0,0,0,0,0,1,0,1,0,0,1,0,0,1,0.5338165,False
90039,34.110845,-118.259595,5,69.7,316.9,1,0,0,1,1,0,0,1,0,0,0,0,0,0,0,0,0,0,0,0,0,0,0,1,0,1,0,0.706924,True
90041,34.137412,-118.207607,34,106.35,3549.25,1,0,0,1,1,0,1,1,0,0,0,0,1,0,1,0,0,0,1,0,1,0,0,1,0,1,0,0.5921394,False
90042,34.11572,-118.192754,11,97.85,1105.4,0,0,0,1,1,0,1,1,0,0,0,0,0,0,1,0,0,0,1,0,1,0,0,1,0,0,0,0.7614884,True
90056,33.987945,-118.370442,2,80.65,144.15,0,0,0,1,1,0,0,1,0,0,0,0,0,0,0,0,0,0,1,0,0,0,0,1,0,1,0,0.7690046,True
90061,33.92128,-118.274186,15,99.1,1426.4,0,0,0,1,1,0,0,1,0,0,1,0,1,0,0,0,0,0,1,0,1,0,0,1,1,0,0,0.67678475,False
90063,34.044271,-118.185237,8,80.65,633.3,0,1,1,1,1,0,1,1,0,0,0,0,1,0,0,0,0,0,0,0,0,0,0,1,1,0,0,0.69459116,False
90065,34.108833,-118.229715,18,95.45,1752.55,1,1,0,1,1,0,1,1,0,0,0,0,0,0,0,0,0,0,1,0,1,0,0,1,0,1,0,0.71144205,True
90211,34.063947,-118.383001,9,94.4,857.25,0,0,0,1,1,0,1,1,0,0,0,0,0,0,0,0,0,0,1,0,1,0,0,0,0,1,0,0.7708691,True
90255,33.97803,-118.217141,1,79.35,79.35,0,0,0,1,1,0,0,1,0,0,0,0,0,0,0,0,0,0,1,0,0,0,0,1,0,1,0,0.7840416,True
90262,33.923573,-118.200669,7,75.15,496.9,0,0,1,1,1,0,0,1,0,0,0,0,0,0,1,0,0,0,0,0,0,0,0,1,0,0,0,0.6554139,False
90292,33.977468,-118.445475,12,78.95,927.35,0,0,0,1,1,0,1,1,0,0,1,0,0,0,0,0,0,0,0,0,0,0,0,1,0,1,0,0.7143929,True
90301,33.956445,-118.358634,5,21.05,113.85,1,0,0,0,1,0,0,0,1,1,0,1,0,1,0,1,0,1,0,1,0,0,0,0,0,0,1,0.42513418,False
90303,33.936291,-118.332639,25,98.5,2514.5,0,1,1,1,1,0,0,1,0,0,0,0,1,0,1,0,0,0,1,0,1,0,0,1,0,1,0,0.56697214,False
90403,34.031529,-118.491156,68,110.0,7611.85,1,0,1,0,1,0,1,1,0,0,0,0,1,0,1,0,1,0,1,0,1,0,1,1,0,0,0,0.36622265,False
90504,33.867257,-118.330794,55,96.75,5238.9,1,0,1,1,1,0,1,1,0,0,1,0,1,0,0,0,0,0,1,0,0,0,0,1,0,1,0,0.39311594,False
90602,33.972119,-118.020188,37,76.5,2868.15,0,1,1,1,1,0,1,1,0,0,0,0,0,0,0,0,0,0,0,0,0,0,0,1,0,1,0,0.5254212,False
90606,33.976678,-118.065875,10,100.25,1064.65,0,0,1,1,1,0,1,1,0,0,1,0,0,0,0,0,0,0,1,0,1,0,0,1,0,1,0,0.6988811,False
90631,33.940619,-117.9513,3,74.4,229.55,1,0,0,1,1,0,1,1,0,0,0,0,0,0,0,0,0,0,0,0,0,0,0,1,0,1,0,0.7218503,True
90660,33.989524,-118.089299,27,78.05,2135.5,0,1,0,1,1,0,1,1,0,0,0,0,0,0,1,0,0,0,0,0,0,0,0,1,0,1,0,0.6176932,False
90704,33.391181,-118.421305,25,58.6,1502.65,0,0,1,0,0,1,0,0,0,0,1,0,1,0,1,0,0,0,1,0,1,0,0,1,1,0,0,0.4701816,False
90710,33.798266,-118.300237,1,35.45,35.45,1,0,0,0,0,1,0,0,0,0,0,0,0,0,0,0,0,0,0,0,1,0,0,1,0,1,0,0.7399685,True
90712,33.840524,-118.148403,2,44.35,81.25,1,0,0,0,1,0,0,0,0,0,0,0,0,0,0,0,0,0,0,0,0,0,0,0,0,1,0,0.7345319,True
90720,33.79499,-118.065591,1,70.45,70.45,0,1,1,1,1,0,0,1,0,0,0,0,0,0,0,0,0,0,0,0,0,0,0,1,0,0,1,0.7015138,True
90731,33.736387,-118.284363,8,71.15,563.65,0,0,0,0,1,0,1,0,0,0,1,0,0,0,0,0,1,0,0,0,1,0,0,0,0,1,0,0.57816553,False
90745,33.822295,-118.26411,1,45.65,45.65,1,0,0,0,1,0,0,0,0,0,0,0,0,0,0,0,0,0,0,0,0,0,0,1,0,1,0,0.7399685,True
90804,33.783047,-118.1486,7,95.0,655.5,1,0,0,1,1,0,1,1,0,0,0,0,0,0,0,0,0,0,1,0,1,0,0,0,0,0,1,0.73206115,True
91001,34.196837,-118.142236,20,82.4,1592.35,0,0,1,1,1,0,1,1,0,0,1,0,0,0,0,0,0,0,0,0,0,0,0,0,0,1,0,0.5471361,False
91016,34.1528,-118.000482,4,70.9,273.0,0,0,0,1,1,0,0,1,0,0,0,0,0,0,0,0,0,0,0,0,0,0,0,1,0,0,0,0.71210825,True
91024,34.168686,-118.057505,58,45.3,2651.2,1,1,1,0,0,1,0,0,0,0,0,0,1,0,1,0,0,0,0,0,1,0,0,1,0,1,0,0.57561946,False
91042,34.296574,-118.244839,2,104.4,242.8,0,0,1,1,1,0,1,1,0,0,0,0,0,0,1,0,1,0,1,0,1,0,0,1,0,1,0,0.7204759,True
91103,34.167465,-118.165327,53,94.85,5000.2,0,0,1,0,1,0,0,1,0,0,0,0,0,0,1,0,0,0,1,0,1,1,0,1,0,0,0,0.4447287,False
91106,34.139402,-118.128658,15,74.45,1145.7,0,1,0,1,1,0,1,1,0,0,0,0,0,0,0,0,0,0,0,0,0,0,0,1,0,0,1,0.7367616,True
91107,34.159007,-118.087353,7,76.45,503.6,0,1,0,1,1,0,0,1,0,0,1,0,0,0,0,0,0,0,0,0,0,0,0,0,0,0,0,0.66760117,False
91202,34.167926,-118.267539,1,29.95,29.95,0,0,0,0,0,1,0,0,0,0,0,0,1,0,0,0,0,0,0,0,0,0,0,0,0,0,0,0.69587576,False
91204,34.136306,-118.26036,8,84.5,662.65,1,0,0,1,1,0,1,1,0,0,0,0,0,0,0,0,0,0,0,0,1,0,0,0,0,0,0,0.74569446,True
91206,34.162515,-118.203869,13,79.25,1111.65,0,0,0,1,1,0,0,1,0,0,0,0,1,0,1,0,0,0,0,0,0,0,0,1,0,1,0,0.746728,True
91207,34.182378,-118.262922,1,24.8,24.8,0,0,1,0,0,1,0,0,0,0,0,0,0,0,0,0,0,0,0,0,0,0,0,1,0,1,0,0.7749278,True
91304,34.224377,-118.632656,6,91.0,531.0,1,0,1,1,1,0,0,1,0,0,0,0,1,0,1,0,0,0,0,0,1,0,0,1,0,1,0,0.6953901,False
91345,34.266389,-118.459744,1,79.9,79.9,1,0,0,1,1,0,0,1,0,0,0,0,0,0,0,0,0,0,0,0,1,0,0,0,0,1,0,0.77223504,True
91350,34.502432,-118.41459,19,106.6,1934.45,0,0,0,1,1,0,0,1,0,0,1,0,0,0,1,0,1,0,1,0,1,0,0,1,0,1,0,0.67400813,False
91352,34.231053,-118.338307,2,46.0,84.5,1,0,0,0,1,0,0,0,0,0,0,0,0,0,0,0,0,0,0,0,0,0,0,1,1,0,0,0.71456575,True
91381,34.364153,-118.615583,4,70.15,268.35,0,0,0,1,1,0,0,1,0,0,0,0,0,0,0,0,0,0,0,0,0,0,0,1,0,1,0,0.7146201,True
91402,34.223768,-118.445461,4,50.05,179.35,1,0,1,0,1,0,0,0,0,0,0,0,0,0,0,0,1,0,0,0,0,0,0,0,0,0,1,0.58646387,False
91411,34.17847,-118.459472,1,55.2,55.2,0,0,1,0,1,0,0,0,0,0,0,0,0,0,0,0,0,0,1,0,0,0,0,0,0,0,1,0.7023891,True
91504,34.213049,-118.317651,1,84.6,84.6,1,0,0,1,1,0,0,1,0,0,1,0,0,0,0,0,0,0,0,0,1,0,0,1,0,0,1,0.6935204,False
91601,34.1692,-118.372498,2,54.4,114.1,1,0,0,0,1,0,1,0,0,0,0,0,1,0,0,0,0,0,0,0,0,0,0,1,0,0,1,0.71906316,True
91605,34.207295,-118.400022,11,95.0,1120.3,0,1,0,1,1,0,0,1,0,0,0,0,1,0,0,0,0,0,1,0,1,0,0,1,0,1,0,0.75584894,True
91722,34.097345,-117.906736,15,74.4,1074.3,1,1,0,0,1,0,0,1,0,0,0,0,1,0,0,0,0,0,0,0,0,0,0,1,0,1,0,0.76601124,True
91723,34.084747,-117.886844,1,48.55,48.55,1,0,0,0,1,0,0,0,0,0,1,0,0,0,0,0,0,0,0,0,0,0,0,1,0,0,1,0.65557295,False
91731,34.079934,-118.046695,2,70.4,147.15,0,0,1,0,1,0,0,1,0,0,0,0,0,0,0,0,0,0,0,0,0,0,0,0,0,1,0,0.7752614,True
91732,34.074492,-118.01462,1,40.2,40.2,1,1,1,0,0,1,0,0,0,0,0,0,1,0,0,0,0,0,1,0,0,0,0,0,0,1,0,0.7237852,True
91744,34.031441,-117.936436,2,44.6,80.55,0,0,1,0,1,0,0,0,0,0,0,0,0,0,0,0,0,0,0,0,0,0,0,1,1,0,0,0.70511556,True
91746,34.038983,-117.991372,3,41.15,132.2,1,1,0,0,0,1,0,0,0,0,0,0,0,0,1,0,0,0,0,0,1,0,0,1,0,1,0,0.74199295,True
91748,33.976753,-117.897367,13,106.9,1364.3,1,1,0,0,1,0,1,1,0,0,0,0,1,0,1,0,0,0,1,0,1,0,0,1,0,1,0,0.80581874,True
91762,34.057256,-117.667677,59,19.35,1099.6,1,0,0,0,1,0,0,0,1,1,0,1,0,1,0,1,0,1,0,1,0,0,1,0,0,0,1,0.15556149,False
91764,34.074087,-117.605618,16,94.45,1511.2,0,1,0,0,1,0,0,1,0,0,0,0,0,0,0,0,1,0,1,0,1,0,0,1,0,1,0,0.73426425,True
91766,34.042286,-117.756106,1,24.8,24.8,1,0,0,0,0,1,0,0,0,0,0,0,0,0,0,0,0,0,0,0,0,0,0,0,0,0,0,0.7134723,True
91768,34.067932,-117.785168,1,70.6,70.6,1,0,0,0,1,0,0,1,0,0,0,0,0,0,0,0,0,0,0,0,0,0,0,0,0,0,1,0.78502506,True
91770,34.065108,-118.082791,5,85.4,401.1,1,0,1,0,1,0,1,1,0,0,0,0,1,0,0,0,1,0,0,0,0,0,0,1,0,1,0,0.8048731,True
91773,34.102119,-117.815532,52,105.05,5624.85,0,0,1,0,1,0,1,1,0,0,0,0,1,0,1,0,0,0,1,0,1,0,0,1,0,1,0,0.7359993,True
91791,34.061634,-117.893169,18,95.15,1779.95,1,0,1,0,1,0,0,1,0,0,0,0,0,0,1,0,0,0,1,0,1,0,0,0,0,0,1,0.65364337,False
91803,34.074736,-118.145959,1,70.0,70.0,1,0,1,0,1,0,0,1,0,0,0,0,0,0,0,0,0,0,0,0,0,0,0,0,0,1,0,0.81730294,True
91901,32.827184,-116.703729,8,74.5,606.55,1,1,0,0,1,0,0,1,0,0,0,0,1,0,0,0,0,0,0,0,0,0,0,1,0,1,0,0.7945005,True
91902,32.67117,-117.00232,10,44.85,435.4,1,0,0,0,1,0,0,0,0,0,0,0,0,0,0,0,0,0,0,0,0,0,0,1,1,0,0,0.648815,False
91905,32.677097,-116.304991,24,76.1,1712.7,1,1,0,0,1,0,1,1,0,0,0,0,0,0,0,0,0,0,0,0,0,0,0,1,0,1,0,0.73701143,True
91931,32.857946,-116.561917,1,73.6,73.6,0,0,0,0,1,0,0,1,0,0,1,0,0,0,0,0,0,0,0,0,0,0,0,1,0,0,1,0.7097923,True
91934,32.649787,-116.2237,4,95.45,396.1,0,1,0,0,1,0,1,1,0,0,0,0,0,0,0,0,0,0,1,0,1,0,0,1,0,1,0,0.81917614,True
91948,32.830852,-116.444601,32,74.9,2303.35,1,1,1,0,1,0,1,1,0,0,0,0,0,0,0,0,0,0,0,0,0,0,0,1,0,1,0,0.7168153,True
92004,33.200369,-116.192313,5,80.6,415.55,1,0,0,0,1,0,0,1,0,0,0,0,0,0,0,0,0,0,1,0,0,0,0,1,0,1,0,0.81270385,True
92009,33.098018,-117.258203,38,80.3,3058.65,0,0,1,0,1,0,0,0,0,0,1,0,1,0,0,0,1,0,1,0,1,1,0,0,1,0,0,0.34171325,False
92014,32.948262,-117.256086,24,93.15,2231.05,1,1,1,0,1,0,0,1,0,0,0,0,0,0,1,0,0,0,1,0,1,0,0,1,0,1,0,0.73077565,True
92020,32.79697,-116.969082,54,82.45,4350.1,0,1,0,0,1,0,1,0,0,0,1,0,1,0,0,0,1,0,1,0,1,1,0,0,0,0,0,0.3321934,False
92029,33.079834,-117.134275,2,70.35,139.05,0,1,0,0,1,0,0,1,0,0,0,0,0,0,0,0,0,0,0,0,0,0,0,1,0,1,0,0.7959464,True
92057,33.254497,-117.285879,7,73.85,511.25,0,0,0,0,1,0,1,1,0,0,0,0,0,0,0,0,0,0,0,0,0,0,0,1,0,1,0,0.80793536,True
92059,33.384345,-117.072619,2,80.6,155.8,0,0,0,0,1,0,1,1,0,0,0,0,0,0,1,0,0,0,0,0,0,0,0,0,0,0,1,0.7598586,True
92060,33.309852,-116.823091,68,75.8,5293.95,1,0,1,0,1,0,1,0,0,0,0,0,1,0,1,0,1,0,0,0,1,1,0,1,0,0,0,0.3345571,False
92061,33.313828,-116.940501,43,104.6,4759.85,0,0,0,0,1,0,1,1,0,0,0,0,1,0,1,0,0,0,1,0,1,0,1,1,0,1,0,0.57591695,False
92066,33.215251,-116.53633,63,103.4,6603.0,1,0,1,0,1,0,1,1,0,0,0,0,1,0,1,0,0,0,1,0,1,0,0,1,0,1,0,0.6550297,False
92082,33.25283,-116.986079,2,90.4,168.2,0,0,0,0,1,0,0,1,0,0,0,0,0,0,0,0,0,0,1,0,1,0,0,1,0,1,0,0.8230926,True
92103,32.747484,-117.166877,4,84.8,371.9,1,0,1,0,1,0,1,1,0,0,0,0,1,0,1,0,0,0,0,0,0,0,0,1,0,0,0,0.7701538,True
92104,32.741499,-117.127409,21,41.9,840.1,0,1,0,0,0,1,0,0,0,0,1,0,0,0,0,0,0,0,1,0,0,0,0,1,0,1,0,0.6831302,False
92105,32.741859,-117.090353,10,80.25,846.0,0,0,0,0,1,0,0,1,0,0,0,0,0,0,0,0,0,0,0,0,1,0,0,1,0,0,0,0.77984834,True
92108,32.774046,-117.142454,27,30.75,805.1,1,1,1,0,0,1,0,0,0,0,1,0,0,0,0,0,0,0,0,0,0,0,0,0,1,0,0,0.5407629,False
92116,32.765299,-117.122565,5,96.5,492.55,1,0,0,0,1,0,0,1,0,0,0,0,0,0,1,0,0,0,1,0,1,0,0,0,0,0,0,0.7766954,True
92122,32.85723,-117.209774,2,85.65,181.5,1,0,0,0,1,0,1,1,0,0,0,0,0,0,0,0,0,0,1,0,0,0,0,1,0,1,0,0.82244414,True
92129,32.961064,-117.134917,25,104.95,2566.5,0,0,1,0,1,0,1,1,0,0,0,0,0,0,1,0,1,0,1,0,1,0,0,1,0,0,0,0.7204082,True
92154,32.578103,-117.012975,1,50.65,50.65,1,0,0,0,1,0,0,0,0,0,0,0,1,0,0,0,0,0,0,0,0,0,0,0,0,0,1,0.68868124,False
92201,33.713891,-116.237257,1,90.85,90.85,1,0,0,0,1,0,1,1,0,0,0,0,1,0,0,0,0,0,0,0,1,0,0,1,1,0,0,0.796354,True
92210,33.537646,-116.291089,11,19.95,214.75,1,1,1,0,1,0,0,0,1,1,0,1,0,1,0,1,0,1,0,1,0,0,0,0,0,0,1,0.4163528,False
92211,33.762759,-116.324817,55,85.45,4874.7,0,1,1,0,1,0,1,1,0,0,0,0,1,0,1,0,0,0,0,0,0,0,0,1,0,1,0,0.6300253,False
92240,33.948558,-116.516976,34,73.95,2524.45,0,0,0,0,1,0,0,1,0,0,0,0,1,0,0,0,0,0,0,0,0,0,0,1,1,0,0,0.6050712,False
92250,32.811001,-115.152865,69,99.45,7007.6,1,0,1,0,1,0,1,1,0,0,0,0,0,0,1,0,0,0,1,0,1,0,0,1,1,0,0,0.5587715,False
92257,33.345825,-115.596574,1,19.9,19.9,0,0,0,0,1,0,0,0,1,1,0,1,0,1,0,1,0,1,0,1,0,0,0,1,0,0,1,0.5537547,False
92258,33.906496,-116.569499,1,19.6,19.6,1,0,0,0,1,0,0,0,1,1,0,1,0,1,0,1,0,1,0,1,0,0,0,1,0,0,1,0.5576849,False
92259,32.698964,-115.886656,3,81.35,233.7,1,1,0,0,1,0,1,1,0,0,0,0,1,0,0,0,0,0,0,0,0,0,0,1,0,1,0,0.8150042,True
92273,32.790282,-115.689559,22,83.3,1845.9,0,0,1,0,1,0,0,1,0,0,0,0,1,0,0,0,0,0,0,0,1,0,0,0,0,1,0,0.6542665,False
92274,33.53604,-116.119222,1,75.3,75.3,0,1,0,0,1,0,0,1,0,0,0,0,0,0,1,0,0,0,0,0,0,0,0,1,0,0,0,0.7926709,True
92301,34.667815,-117.536183,61,19.4,1182.55,0,0,1,0,1,0,0,0,1,1,0,1,0,1,0,1,0,1,0,1,0,0,0,1,0,0,1,0.29302064,False
92307,34.55082,-117.122396,12,45.4,518.9,1,0,0,0,1,0,0,0,0,0,0,0,0,0,0,0,0,0,0,0,0,0,0,1,0,0,0,0.57666576,False
92325,34.248061,-117.29028,60,105.9,6396.45,0,0,0,0,1,0,1,1,0,0,0,0,1,0,1,0,0,0,1,0,1,0,0,1,0,1,0,0.6777882,False
92327,34.875144,-116.821698,1,69.55,69.55,0,0,0,0,1,0,0,1,0,0,0,0,0,0,0,0,0,0,0,0,0,0,0,0,0,0,1,0.78502506,True
92338,34.702766,-116.093376,28,81.05,2227.1,0,0,1,0,1,0,0,1,0,0,0,0,0,0,0,0,0,0,0,0,1,0,0,1,0,1,0,0.6945493,False
92356,34.508417,-116.856103,4,101.15,385.9,1,0,1,0,1,0,1,1,0,0,0,0,0,0,1,0,0,0,1,0,1,0,0,0,0,1,0,0.8121547,True
92358,34.238162,-117.534306,7,99.8,673.25,1,0,0,0,1,0,1,1,0,0,0,0,1,0,0,0,0,0,1,0,1,0,0,1,0,1,0,0.82877123,True
92371,34.441123,-117.537886,13,55.95,734.35,0,0,1,0,1,0,0,0,0,0,0,0,0,0,0,0,0,0,0,0,1,0,0,0,0,1,0,0.58759874,False
92373,34.003243,-117.138286,1,55.0,55.0,1,0,0,0,1,0,0,0,0,0,0,0,0,0,0,0,0,0,0,0,1,0,0,1,0,1,0,0.74781144,True
92377,34.156758,-117.404686,1,74.7,74.7,0,0,1,0,1,0,0,1,0,0,0,0,1,0,0,0,0,0,0,0,0,0,0,1,0,1,0,0.83062106,True
92382,34.186211,-117.07683,24,80.25,1861.5,1,0,0,0,1,0,1,1,0,0,0,0,1,0,0,0,0,0,0,0,0,0,0,1,0,1,0,0.7345518,True
92389,35.824572,-116.274755,5,96.1,453.4,1,0,0,0,1,0,0,1,0,0,0,0,0,0,0,0,1,0,1,0,1,0,0,1,0,1,0,0.7882547,True
92392,34.486835,-117.362274,15,69.0,994.8,0,0,0,0,1,0,0,1,0,0,0,0,0,0,0,0,0,0,0,0,0,0,0,0,0,0,0,0.6286968,False
92397,34.358321,-117.618263,48,45.3,2145.0,0,0,1,0,0,1,0,0,0,0,1,0,0,0,1,0,0,0,0,0,1,0,0,1,0,0,0,0.38582265,False
92401,34.105935,-117.2914,8,83.55,680.05,0,0,1,0,1,0,0,1,0,0,0,0,1,0,0,0,0,0,1,0,0,0,0,1,0,1,0,0.8094615,True
92410,34.106922,-117.297553,1,74.35,74.35,1,0,0,0,1,0,1,1,0,0,0,0,0,0,0,0,0,0,0,0,0,0,0,1,0,1,0,0.8332858,True
92503,33.890046,-117.455583,2,74.4,139.4,0,0,1,0,1,0,0,1,0,0,1,0,0,0,0,0,0,0,0,0,0,0,0,1,0,1,0,0.7304172,True
92506,33.930931,-117.361788,22,43.75,903.6,1,0,0,0,0,1,0,0,0,0,0,0,1,0,1,0,0,0,0,0,1,1,0,1,0,0,0,0.4241279,False
92509,34.004379,-117.447864,5,28.45,131.05,0,1,0,0,0,1,0,0,0,0,0,0,1,0,0,0,0,0,0,0,0,0,0,0,0,1,0,0.6638998,False
92518,33.888323,-117.277533,12,99.7,1238.45,0,0,0,0,1,0,1,1,0,0,1,0,1,0,1,0,0,0,0,0,1,0,0,1,0,0,0,0.6734002,False
92544,33.644585,-116.871544,20,94.1,1782.4,0,1,0,0,1,0,1,1,0,0,0,0,1,0,1,0,0,0,0,0,1,0,0,1,0,1,0,0.762988,True
92548,33.761894,-117.120868,2,94.2,167.5,1,0,1,0,1,0,0,1,0,0,0,0,0,0,0,0,1,0,1,0,1,0,0,1,0,1,0,0.8033193,True
92549,33.755039,-116.741796,6,80.5,502.85,0,0,1,0,1,0,1,1,0,0,0,0,0,0,0,0,1,0,0,0,0,0,0,1,0,1,0,0.80424726,True
92557,33.970661,-117.255039,5,74.35,334.8,0,1,1,0,1,0,1,1,0,0,0,0,0,0,0,0,0,0,0,0,0,0,0,1,0,1,0,0.80793536,True
92563,33.581045,-117.14719,40,104.8,4131.95,1,0,0,0,1,0,1,1,0,0,0,0,0,0,1,0,1,0,1,0,1,0,0,0,0,0,0,0.64556617,False
92571,33.828289,-117.201666,27,75.2,1929.35,0,1,1,0,1,0,0,1,0,0,1,0,0,0,0,0,0,0,0,0,0,0,0,1,0,0,0,0.6319281,False
92586,33.707483,-117.200006,23,75.6,1758.6,0,0,0,0,1,0,1,1,0,0,0,0,0,0,0,0,0,0,0,0,0,0,0,0,0,0,0,0.58954436,False
92587,33.69887,-117.25071,34,100.05,3480.0,1,0,1,0,1,0,1,1,0,0,0,0,0,0,1,0,0,0,1,0,1,0,0,1,0,1,0,0.7571174,True
92612,33.643095,-117.810896,1,85.0,85.0,0,0,0,0,1,0,1,1,0,0,0,0,0,0,0,0,0,0,0,0,1,0,0,1,0,1,0,0.834597,True
92630,33.644849,-117.684254,10,86.05,834.1,1,0,0,0,1,0,1,1,0,0,0,0,0,0,0,0,0,0,1,0,0,0,0,1,0,0,0,0.7889319,True
92646,33.666301,-117.969501,13,45.55,597.0,1,0,0,0,0,1,0,0,0,0,1,0,0,0,0,0,1,0,1,0,0,0,0,1,1,0,0,0.47380736,False
92648,33.679659,-118.016195,39,86.3,3266.0,1,0,1,0,1,0,0,1,0,0,0,0,1,0,0,0,0,0,1,0,0,0,0,1,0,0,1,0.608228,False
92661,33.601309,-117.902304,32,80.35,2596.15,1,0,0,0,1,0,1,1,0,0,0,0,1,0,0,0,0,0,0,0,0,0,0,1,0,0,0,0.6570194,False
92701,33.748478,-117.858918,35,100.25,3527.6,0,0,0,0,1,0,1,1,0,0,0,0,0,0,1,0,0,0,1,0,1,0,0,1,0,1,0,0.7530255,True
92707,33.714829,-117.872941,56,100.3,5614.45,1,0,1,0,1,0,1,1,0,0,0,0,1,0,0,0,0,0,1,0,1,1,0,0,1,0,0,0.45911863,False
92805,33.830209,-117.906099,12,19.0,233.55,0,0,1,0,1,0,0,0,1,1,0,1,0,1,0,1,0,1,0,1,0,0,0,0,0,0,1,0.3291553,False
92806,33.83796,-117.870494,1,75.3,75.3,0,0,0,0,1,0,0,1,0,0,1,0,0,0,0,0,0,0,0,0,0,0,0,0,0,0,1,0.6919869,False
92807,33.848733,-117.788357,4,89.2,346.2,0,1,0,0,1,0,1,1,0,0,0,0,0,0,1,0,0,0,1,0,0,0,0,1,0,1,0,0.82244414,True
92823,33.924143,-117.79387,1,85.7,85.7,0,1,0,0,1,0,1,1,0,0,0,0,0,0,0,0,0,0,1,0,0,0,0,1,0,1,0,0.8381102,True
92860,33.925833,-117.559639,12,61.65,713.75,0,0,0,0,1,0,1,0,0,0,1,0,0,0,1,0,1,0,0,0,0,0,0,1,0,0,1,0.41107756,False
92887,33.884073,-117.732197,65,105.25,6786.4,0,1,1,0,1,0,1,1,0,0,1,0,0,0,1,0,0,0,1,0,1,0,0,0,0,0,0,0.5510839,False
93001,34.360261,-119.306383,9,29.95,248.95,1,0,1,0,0,1,0,0,0,0,0,0,1,0,0,0,0,0,0,0,0,0,0,1,0,1,0,0.6403363,False
93003,34.279221,-119.221437,9,65.0,663.05,0,0,1,0,1,0,0,0,0,0,1,0,1,0,1,0,1,0,0,0,0,0,0,0,0,0,1,0.36077765,False
93041,34.110124,-119.100972,7,20.0,137.6,0,0,0,0,1,0,0,0,1,1,0,1,0,1,0,1,0,1,0,1,0,0,0,0,0,0,0,0.30019084,False
93067,34.420998,-119.60137,49,90.05,4547.25,1,1,1,0,1,0,1,1,0,0,0,0,1,0,0,0,0,0,0,0,1,0,0,0,1,0,0,0.5870701,False
93101,34.419203,-119.710008,43,110.75,4687.9,1,1,1,0,1,0,1,1,0,0,0,0,1,0,1,0,1,0,1,0,1,0,0,1,0,0,0,0.6417827,False
93110,34.437945,-119.77191,65,105.5,6985.65,0,0,1,0,1,0,1,1,0,0,0,0,1,0,1,0,0,0,1,0,1,0,0,1,0,1,0,0.65165615,False
93201,35.869626,-119.498771,56,104.55,5794.65,1,1,1,0,1,0,1,1,0,0,1,0,0,0,1,0,0,0,1,0,1,1,0,1,0,0,0,0.6337928,False
93202,36.315979,-119.710852,10,85.25,855.3,1,0,1,0,1,0,1,1,0,0,0,0,0,0,0,0,0,0,0,0,1,0,0,1,0,1,0,0.81612056,True
93204,35.916943,-120.129921,43,56.15,2499.3,0,0,1,0,1,0,0,0,0,0,0,0,0,0,0,0,0,0,1,0,0,0,0,0,0,1,0,0.47753614,False
93205,35.523991,-118.400432,1,89.55,89.55,1,0,0,0,1,0,0,1,0,0,0,0,0,0,0,0,0,0,1,0,1,0,0,1,0,1,0,0.8381102,True
93208,36.057458,-118.591951,20,94.55,1899.65,1,1,1,0,1,0,1,1,0,0,0,0,0,0,0,0,0,0,1,0,1,0,0,1,0,1,0,0.77623177,True
93210,36.186867,-120.387793,1,45.7,45.7,1,0,0,0,1,0,0,0,0,0,0,0,0,0,0,0,0,0,0,0,0,0,0,1,0,0,1,0.7419262,True
93215,35.772244,-119.209689,2,89.5,161.5,0,1,0,0,1,0,1,1,0,0,0,0,1,0,0,0,0,0,0,0,1,0,0,0,0,1,0,0.7999324,True
93219,35.858054,-119.305858,3,69.55,222.3,0,0,0,0,1,0,0,1,0,0,0,0,0,0,0,0,0,0,0,0,0,0,0,1,0,0,0,0.76448005,True
93221,36.301689,-119.018233,1,74.6,74.6,0,0,0,0,1,0,0,1,0,0,0,0,0,0,1,0,0,0,0,0,0,0,0,1,0,0,1,0.7926709,True
93224,35.215731,-119.57013,8,19.65,164.3,0,1,0,0,1,0,0,0,1,1,0,1,0,1,0,1,0,1,0,1,0,0,0,0,0,1,0,0.32740355,False
93234,36.217864,-120.080117,2,19.85,35.9,1,0,1,0,1,0,0,0,1,1,0,1,0,1,0,1,0,1,0,1,0,1,0,0,0,0,1,0.24266548,False
93238,35.852892,-118.397782,4,24.25,96.05,0,0,0,0,0,1,0,0,0,0,0,0,0,0,0,0,0,0,0,0,0,0,0,1,0,0,1,0.6592731,False
93244,36.462671,-118.997291,2,69.65,145.15,0,0,0,0,1,0,0,1,0,0,0,0,0,0,0,0,0,0,0,0,0,0,0,0,0,1,0,0.7752614,True
93247,36.205465,-119.085807,4,45.65,191.05,0,0,0,0,1,0,0,0,0,0,0,0,0,0,0,0,0,0,0,0,0,0,0,0,0,0,1,0.62067235,False
93252,34.737031,-119.460557,1,75.05,75.05,0,0,0,0,1,0,1,1,0,0,0,0,0,0,0,0,0,0,0,0,0,0,0,1,0,0,1,0.8061753,True
93255,35.676978,-118.101378,52,49.15,2550.9,1,1,0,0,0,1,0,0,0,0,0,0,1,0,0,0,0,0,1,0,1,0,0,1,0,1,0,0.5820556,False
93260,35.861928,-118.636698,2,34.7,62.25,0,0,0,0,0,1,0,0,0,0,0,0,0,0,0,0,0,0,0,0,1,0,0,1,0,1,0,0.7564069,True
93263,35.490705,-119.286833,1,80.0,80.0,1,0,1,0,1,0,0,1,0,0,0,0,0,0,0,0,0,0,0,0,1,0,0,0,0,1,0,0.81871253,True
93272,36.047414,-119.344304,2,49.25,91.1,1,1,0,0,1,0,0,0,0,0,1,0,0,0,0,0,0,0,0,0,0,0,0,1,0,1,0,0.71752024,True
93285,35.690535,-118.552784,3,75.1,270.7,0,0,0,0,1,0,1,1,0,0,0,0,0,0,0,0,0,0,0,0,0,0,0,1,1,0,0,0.77063453,True
93292,36.37559,-119.211689,3,50.15,168.15,1,0,1,0,1,0,0,0,0,0,0,0,0,0,1,0,0,0,0,0,0,0,0,1,0,1,0,0.7318151,True
93311,35.16207,-119.194488,25,79.85,2015.35,0,0,0,0,1,0,0,1,0,0,1,0,1,0,0,0,0,0,0,0,0,0,0,1,0,0,0,0.6179439,False
93405,35.236549,-120.727344,1,19.55,19.55,1,0,0,0,1,0,0,0,1,1,0,1,0,1,0,1,0,1,0,1,0,0,0,0,0,0,1,0.56072414,False
93436,34.601055,-120.382917,4,85.95,381.3,0,0,1,0,1,0,1,1,0,0,0,0,0,0,0,0,0,0,0,0,1,0,0,1,0,1,0,0.82069004,True
93437,34.757477,-120.550507,3,45.35,141.5,1,0,0,0,1,0,0,0,0,0,0,0,0,0,0,0,0,0,0,0,0,0,0,1,0,1,0,0.74199295,True
93440,34.758699,-120.275839,33,94.5,3105.55,1,1,1,0,1,0,1,1,0,0,0,0,0,0,0,0,0,0,1,0,1,0,0,1,0,1,0,0.72526824,True
93445,35.059695,-120.604741,30,91.7,2758.15,0,1,0,0,1,0,1,1,0,0,1,0,1,0,1,0,0,0,0,0,0,0,0,0,1,0,0,0.5553658,False
93449,35.165668,-120.655842,45,87.25,3941.7,0,0,0,0,1,0,1,1,0,0,0,0,0,0,1,0,1,0,0,0,0,0,0,1,0,1,0,0.6827685,False
93501,35.097323,-118.171288,10,98.55,1008.55,1,0,0,0,1,0,1,1,0,0,1,0,0,0,0,0,0,0,1,0,1,0,0,0,0,1,0,0.76731056,True
93528,35.363339,-117.637641,20,98.55,1842.8,1,1,0,0,1,0,1,1,0,0,0,0,0,0,1,0,0,0,1,0,1,0,0,1,0,1,0,0.78938794,True
93531,35.214982,-118.59049,15,85.9,1269.55,0,0,0,0,1,0,0,1,0,0,0,0,1,0,0,0,0,0,0,0,1,0,0,1,0,0,0,0.70366997,True
93535,34.712708,-117.889656,22,89.25,1907.85,0,0,0,0,1,0,0,1,0,0,0,0,0,0,0,0,0,0,1,0,1,0,0,0,0,1,0,0.6902935,False
93536,34.741406,-118.38111,3,70.3,208.85,1,0,1,0,1,0,0,1,0,0,0,0,0,0,0,0,0,0,0,0,0,0,0,1,0,1,0,0.7959464,True
93552,34.557711,-118.029441,15,93.35,1444.65,1,0,0,0,1,0,1,1,0,0,0,0,0,0,0,0,0,0,1,0,1,0,0,1,0,1,0,0.7860552,True
93553,34.445239,-117.894868,1,19.9,19.9,0,0,0,0,1,0,0,0,1,1,0,1,0,1,0,1,0,1,0,1,0,0,0,0,0,0,1,0.56072414,False
93554,35.405722,-117.773354,5,88.9,454.15,0,0,1,0,1,0,0,1,0,0,1,0,0,0,1,0,0,0,0,0,1,0,0,1,0,0,1,0.68008596,False
93555,35.603913,-117.67828,33,95.8,3036.75,1,0,1,0,1,0,0,1,0,0,0,0,0,0,1,0,0,0,1,0,1,1,0,1,0,1,0,0.6648637,False
93562,35.74837,-117.384948,2,82.0,184.65,1,0,0,0,1,0,1,1,0,0,0,0,1,0,0,0,0,0,0,0,0,0,0,1,0,1,0,0.8185315,True
93591,34.598221,-117.79593,2,45.35,89.5,1,0,0,0,1,0,0,0,0,0,0,0,0,0,0,0,0,0,0,0,0,0,0,0,0,1,0,0.704921,True
93604,37.458367,-119.345011,1,52.2,52.2,0,0,0,0,1,0,0,0,0,0,0,0,0,0,0,0,1,0,0,0,0,0,0,1,0,1,0,0.6979975,False
93606,36.798882,-120.019511,46,110.0,4874.8,0,1,0,0,1,0,1,1,0,0,1,0,1,0,1,0,0,0,1,0,1,1,0,1,0,1,0,0.61016685,False
93624,36.397745,-120.119911,62,96.75,6125.4,1,0,0,0,1,0,1,1,0,0,0,0,0,0,1,0,0,0,1,0,1,1,0,1,0,1,0,0.6034488,False
93626,37.027663,-119.69056,10,98.5,1058.25,0,0,0,0,1,0,1,1,0,0,0,0,0,0,0,0,1,0,1,0,1,0,0,1,0,1,0,0.80264515,True
93630,36.727418,-120.123526,6,85.35,489.45,1,0,0,0,1,0,0,1,0,0,0,0,1,0,0,0,0,0,1,0,0,0,0,1,0,1,0,0.8094615,True
93637,36.902954,-120.194274,40,101.3,4113.1,1,0,1,0,1,0,1,1,0,0,0,0,1,0,0,0,0,0,1,0,1,0,0,1,0,1,0,0.757477,True
93638,37.004068,-119.930027,1,69.55,69.55,1,0,0,0,1,0,0,1,0,0,0,0,0,0,0,0,0,0,0,0,0,0,0,1,0,1,0,0.8332858,True
93640,36.687292,-120.437354,58,103.25,6017.65,1,0,0,0,1,0,1,1,0,0,0,0,1,0,1,0,0,0,1,0,1,1,0,1,0,0,0,0.62517583,False
93641,36.696759,-119.024051,70,104.0,7250.15,1,0,0,0,1,0,1,1,0,0,1,0,0,0,0,0,1,0,1,0,1,0,1,1,1,0,0,0.38566452,False
93647,36.600185,-119.175655,2,86.2,178.7,0,0,0,0,1,0,0,1,0,0,0,0,0,0,1,0,0,0,0,0,1,0,0,1,0,0,1,0.7705262,True
93650,36.841655,-119.797113,21,111.2,2317.1,1,0,1,0,1,0,1,1,0,0,0,0,1,0,1,0,1,0,1,0,1,0,0,1,0,1,0,0.7465621,True
93660,36.600193,-120.153393,16,89.45,1430.25,0,0,1,0,1,0,0,1,0,0,0,0,1,0,1,0,0,0,1,0,0,0,0,1,1,0,0,0.6741585,False
93662,36.545322,-119.642281,7,95.6,644.35,1,1,1,0,1,0,1,1,0,0,0,0,0,0,0,0,0,0,1,0,1,0,0,1,0,0,0,0.8052507,True
93665,36.959731,-120.653519,60,90.95,5453.4,1,0,1,0,1,0,0,1,0,0,0,0,1,0,1,0,0,0,1,0,0,1,0,0,0,1,0,0.48494542,False
93667,36.993666,-119.348267,50,108.55,5610.7,0,0,1,0,1,0,1,1,0,0,1,0,1,0,0,0,1,0,1,0,1,1,0,0,0,1,0,0.5591268,False
93675,36.719141,-119.202677,4,78.85,292.8,0,1,0,0,1,0,0,1,0,0,0,0,0,0,0,0,0,0,1,0,0,0,0,1,0,1,0,0.8162651,True
93703,36.768774,-119.762633,1,44.4,44.4,1,0,0,0,1,0,0,0,0,0,0,0,0,0,0,0,0,0,0,0,0,0,0,0,0,0,1,0.70083046,True
93706,36.654614,-119.903674,55,100.0,5509.3,0,1,0,0,1,0,1,1,0,0,0,0,0,0,1,0,0,0,1,0,1,1,0,1,0,1,0,0.6756896,False
93711,36.833002,-119.82947,12,19.8,229.6,0,0,1,0,1,0,0,0,1,1,0,1,0,1,0,1,0,1,0,1,0,1,0,0,0,0,0,0.21134618,False
93721,36.732694,-119.783786,1,89.9,89.9,1,0,0,0,1,0,0,1,0,0,0,0,0,0,0,0,0,0,1,0,1,0,0,1,0,1,0,0.8381102,True
93920,36.092975,-121.549826,62,100.15,6413.65,0,0,0,0,1,0,1,1,0,0,0,0,0,0,1,0,0,0,1,0,1,1,0,1,0,1,0,0.6197137,False
93923,36.460611,-121.852507,1,50.8,50.8,1,0,0,0,1,0,0,0,0,0,0,0,1,0,0,0,0,0,0,0,0,0,0,0,0,1,0,0.6795126,False
93928,35.930782,-121.189757,20,73.65,1463.5,1,1,1,0,1,0,0,1,0,0,0,0,1,0,0,0,0,0,0,0,0,0,0,1,0,1,0,0.7309696,True
93930,36.220761,-120.980777,3,95.1,307.4,0,0,0,0,1,0,0,1,0,0,0,0,1,0,0,0,0,0,1,0,1,0,0,1,0,1,0,0.81687725,True
93932,35.989792,-121.055933,22,94.65,2104.55,1,0,0,0,1,0,1,1,0,0,0,0,0,0,0,0,0,0,1,0,1,0,0,1,1,0,0,0.71617925,True
93933,36.689582,-121.758398,4,80.6,319.15,1,0,1,0,1,0,0,1,0,0,0,0,0,0,1,0,1,0,0,0,0,0,0,1,0,0,1,0.74289876,True
93953,36.587497,-121.944815,59,85.55,5084.65,1,0,1,0,1,0,1,1,0,0,0,0,0,0,0,0,0,0,0,0,1,1,0,0,0,1,0,0.39313236,False
94002,37.509366,-122.306132,60,50.8,3027.4,0,0,0,0,0,1,0,0,0,0,0,0,1,0,0,0,0,0,1,0,1,0,0,1,0,1,0,0.5699592,False
94014,37.691561,-122.445202,15,105.1,1582.75,0,0,0,0,1,0,0,1,0,0,1,0,0,0,1,0,1,0,1,0,1,0,0,0,0,1,0,0.70823944,True
94021,37.266388,-122.26308,10,110.1,1043.3,1,0,0,0,1,0,0,1,0,0,1,0,1,0,1,0,1,0,1,0,1,0,0,1,0,1,0,0.6837098,False
94024,37.352911,-122.093002,6,83.9,497.55,0,0,0,0,1,0,0,1,0,0,0,0,0,0,1,0,0,0,0,0,1,0,0,0,0,1,0,0.7971157,True
94040,37.380662,-122.086022,63,100.55,6215.35,0,0,1,0,1,0,1,1,0,0,1,0,1,0,1,0,0,0,1,0,0,0,0,1,0,1,0,0.5610731,False
94043,37.419725,-122.062947,50,103.85,5017.9,1,0,1,0,1,0,1,1,0,0,0,0,1,0,1,0,0,0,1,0,1,0,0,1,0,0,0,0.6917072,False
94060,37.22565,-122.297533,1,24.6,24.6,0,0,0,0,0,1,0,0,0,0,0,0,0,0,0,0,0,0,0,0,0,0,0,0,0,1,0,0.7409358,True
94066,37.624436,-122.430661,12,98.9,1120.95,0,0,0,0,1,0,0,1,0,0,1,0,0,0,0,0,1,0,1,0,1,0,0,1,0,0,0,0.73955387,True
94080,37.654436,-122.426468,9,98.3,923.5,0,0,0,0,1,0,1,1,0,0,0,0,0,0,1,0,0,0,1,0,1,0,0,0,1,0,0,0.77875465,True
94086,37.378541,-122.020456,17,93.85,1625.65,1,0,0,0,1,0,0,1,0,0,1,0,0,0,0,0,0,0,1,0,1,0,0,0,0,1,0,0.7152574,True
94102,37.7795,-122.419233,9,100.5,918.6,1,1,0,0,1,0,1,1,0,0,0,0,0,0,1,0,0,0,1,0,1,0,0,1,0,1,0,0.8281769,True
94108,37.791998,-122.408653,10,72.85,688.65,1,1,0,0,1,0,0,1,0,0,0,0,1,0,0,0,0,0,0,0,0,0,0,1,0,1,0,0.7933261,True
94114,37.758085,-122.434801,1,73.55,73.55,1,1,1,0,1,0,1,1,0,0,0,0,0,0,0,0,0,0,0,0,0,0,0,1,0,1,0,0.8332858,True
94130,37.820894,-122.369725,3,79.4,205.05,0,1,0,0,1,0,1,1,0,0,0,0,1,0,0,0,0,0,0,0,0,0,0,1,0,1,0,0.8185315,True
94131,37.746699,-122.442833,13,81.15,952.3,0,0,0,0,1,0,0,1,0,0,0,0,1,0,1,0,0,0,0,0,0,0,0,1,0,1,0,0.7820131,True
94304,37.386978,-122.177746,4,84.6,360.1,0,1,0,0,1,0,1,1,0,0,0,0,0,0,0,0,0,0,0,0,1,0,0,1,0,1,0,0.82069004,True
94402,37.556634,-122.317723,6,79.05,434.5,0,0,0,0,1,0,1,1,0,0,1,0,0,0,0,0,0,0,0,0,0,0,0,1,0,1,0,0.69930065,False
94509,37.980057,-121.801599,3,74.4,215.8,0,0,0,0,1,0,1,1,0,0,0,0,0,0,0,0,0,0,0,0,0,0,0,0,0,0,0,0.7522739,True
94512,38.140719,-121.838298,35,99.05,3395.8,1,1,0,0,1,0,1,1,0,0,0,0,0,0,1,0,0,0,1,0,1,0,0,1,0,1,0,0.7623238,True
94514,37.83323,-121.601461,2,44.95,85.15,1,1,0,0,1,0,0,0,0,0,0,0,0,0,0,0,0,0,0,0,0,0,0,0,0,0,1,0.67040396,False
94520,38.013825,-122.039144,1,44.7,44.7,1,0,1,0,1,0,0,0,0,0,0,0,0,0,0,0,0,0,0,0,0,0,0,0,1,0,0,0.6911221,False
94538,37.505768,-121.962472,1,45.7,45.7,1,0,0,0,1,0,0,0,0,0,0,0,0,0,0,0,0,0,0,0,0,0,0,1,0,0,1,0.7419262,True
94539,37.516791,-121.899117,8,100.3,832.35,1,1,0,0,1,0,0,1,0,0,1,0,0,0,0,0,1,0,1,0,1,0,0,0,1,0,0,0.7232352,True
94541,37.674002,-122.076796,7,19.25,112.3,1,0,0,0,1,0,0,0,1,1,0,1,0,1,0,1,0,1,0,1,0,0,0,0,0,1,0,0.32740355,False
94545,37.62984,-122.120843,2,96.0,174.8,0,0,0,0,1,0,1,1,0,0,0,0,0,0,0,0,0,0,1,0,1,0,0,1,0,1,0,0.83250827,True
94546,37.708327,-122.083473,1,90.55,90.55,0,0,0,0,1,0,0,1,0,0,0,0,0,0,0,0,0,0,1,0,1,0,0,0,0,1,0,0.8224914,True
94550,37.571748,-121.659562,44,30.35,1359.7,1,1,1,0,0,1,0,0,0,0,0,0,1,0,0,0,0,0,0,0,0,0,0,1,0,1,0,0.56280303,False
94553,38.014457,-122.115432,71,108.05,7532.15,1,0,0,0,1,0,1,1,0,0,1,0,0,0,1,0,1,0,1,0,1,0,1,1,0,1,0,0.41735232,False
94555,37.555473,-122.080312,1,69.9,69.9,1,0,0,0,1,0,0,1,0,0,0,0,0,0,0,0,0,0,0,0,0,0,0,1,0,1,0,0.8332858,True
94558,38.489789,-122.27011,62,103.75,6383.35,1,1,1,0,1,0,1,1,0,0,0,0,1,0,1,0,0,0,1,0,1,1,0,1,0,1,0,0.59056306,False
94564,37.996462,-122.293716,1,86.6,86.6,1,0,0,0,1,0,1,1,0,0,0,0,0,0,0,0,0,0,0,0,1,0,0,1,0,1,0,0.834597,True
94566,37.633361,-121.862395,33,80.6,2656.5,0,1,1,0,1,0,1,1,0,0,0,0,1,0,0,0,0,0,0,0,0,0,0,1,0,0,0,0.6790174,False
94579,37.687264,-122.15728,35,85.3,2917.5,0,0,0,0,1,0,1,1,0,0,0,0,1,0,0,0,1,0,0,0,0,0,0,0,1,0,0,0.5195044,False
94580,37.676249,-122.132415,34,70.0,2416.1,0,0,0,0,1,0,0,1,0,0,0,0,0,0,0,0,0,0,0,0,0,0,0,1,1,0,0,0.6276859,False
94583,37.766556,-121.976784,4,94.3,424.45,0,1,0,0,1,0,1,1,0,0,0,0,0,0,0,0,0,0,1,0,1,0,0,1,0,1,0,0.83250827,True
94587,37.59485,-122.051521,7,95.35,660.9,0,0,0,0,1,0,0,1,0,0,0,0,0,0,1,0,0,0,1,0,1,0,0,1,0,1,0,0.8266056,True
94588,37.685052,-121.912061,27,75.5,1893.95,1,1,1,0,1,0,1,1,0,0,0,0,0,0,0,0,0,0,0,0,0,0,0,1,0,1,0,0.73415536,True
94595,37.862128,-122.075197,18,90.1,1612.75,0,0,0,0,1,0,1,1,0,0,0,0,0,0,0,0,1,0,0,0,1,0,0,1,0,1,0,0.74328166,True
94596,37.900662,-122.052782,2,68.95,119.75,0,0,0,0,1,0,0,1,0,0,0,0,0,0,0,0,0,0,0,0,0,0,0,0,0,1,0,0.7857457,True
94598,37.916648,-122.008483,32,99.55,3204.65,1,0,1,0,1,0,1,1,0,0,1,0,0,0,0,0,0,0,1,0,1,0,0,1,1,0,0,0.69130117,False
94606,37.792489,-122.244314,18,57.45,990.85,1,0,1,0,1,0,0,0,0,0,0,0,0,0,1,0,0,0,0,0,1,0,0,0,0,1,0,0.5557843,False
94607,37.80707,-122.297401,12,53.65,696.35,1,0,1,0,1,0,0,0,0,0,0,0,0,0,0,0,0,0,0,0,1,1,0,0,1,0,0,0.43096492,False
94704,37.871416,-122.246597,8,100.6,819.4,1,1,0,0,1,0,1,1,0,0,0,0,0,0,1,0,0,0,1,0,1,0,0,1,0,1,0,0.83250827,True
94706,37.890274,-122.295192,26,83.75,2070.6,1,0,1,0,1,0,1,1,0,0,0,0,0,0,0,0,0,0,1,0,0,0,0,1,0,1,0,0.76133937,True
94707,37.897753,-122.279391,3,88.3,273.75,0,1,1,0,1,0,0,1,0,0,1,0,0,0,0,0,1,0,1,0,0,0,0,1,0,0,1,0.6541559,False
94710,37.872902,-122.303708,8,92.1,729.95,0,1,0,0,1,0,0,1,0,0,0,0,0,0,1,0,0,0,1,0,1,0,0,1,0,1,0,0.8230926,True
94903,38.018065,-122.546024,38,79.45,3013.05,1,0,1,0,1,0,0,1,0,0,1,0,1,0,0,0,0,0,0,0,0,0,0,1,0,1,0,0.61138016,False
94904,37.946617,-122.563571,14,90.45,1266.1,1,1,0,0,1,0,0,1,0,0,0,0,0,0,0,0,0,0,1,0,1,0,0,0,1,0,0,0.7034153,True
94923,38.377165,-123.037957,32,69.75,2347.9,1,0,1,0,1,0,0,1,0,0,0,0,0,0,0,0,0,0,0,0,0,0,0,1,0,0,0,0.6512459,False
94931,38.326215,-122.718742,1,19.65,19.65,0,0,0,0,1,0,0,0,1,1,0,1,0,1,0,1,0,1,0,1,0,0,0,0,0,0,1,0.54221225,False
94933,38.010092,-122.689442,12,43.65,526.95,1,1,0,0,0,1,0,0,0,0,0,0,0,0,1,0,1,0,0,0,1,0,0,1,0,1,0,0.59276813,False
94939,37.937082,-122.532369,5,39.5,210.75,0,0,0,0,0,1,0,0,0,0,0,0,0,0,1,0,0,0,0,0,1,0,0,0,0,1,0,0.6961892,False
94940,38.129308,-122.834815,40,97.1,3706.95,1,0,1,0,1,0,1,1,0,0,0,0,0,0,0,0,0,0,1,0,1,0,0,1,0,0,0,0.7195764,True
94945,38.135897,-122.563683,5,80.0,412.5,0,0,0,0,1,0,0,1,0,0,0,0,0,0,0,0,0,0,0,0,1,0,0,1,0,1,0,0.8144637,True
94946,38.065359,-122.665566,10,84.7,832.05,0,0,0,0,1,0,0,1,0,0,1,0,0,0,0,0,0,0,1,0,0,0,0,1,0,0,1,0.69255877,False
94947,38.112166,-122.634384,2,89.55,185.55,1,0,1,0,1,0,0,1,0,0,0,0,0,0,0,0,0,0,1,0,1,0,0,1,0,0,0,0.7900408,True
94949,38.067204,-122.524004,23,90.6,1943.2,1,0,0,0,1,0,1,1,0,0,0,0,0,0,0,0,1,0,1,0,0,0,0,1,0,1,0,0.7392113,True
94960,37.99272,-122.575026,23,90.05,2169.8,0,0,0,0,1,0,1,1,0,0,1,0,0,0,0,0,0,0,1,0,0,0,0,1,0,0,0,0.6394564,False
94965,37.848641,-122.515692,49,99.05,4853.75,1,0,1,0,1,0,1,1,0,0,0,0,1,0,0,0,0,0,1,0,1,0,0,1,0,0,0,0.6877269,False
94971,38.240769,-122.901041,2,69.75,144.55,0,0,0,0,1,0,0,1,0,0,0,0,0,0,0,0,0,0,0,0,0,0,0,0,0,0,0,0.7379374,True
94972,38.339996,-122.935056,2,49.05,91.1,0,0,0,0,1,0,0,0,0,0,0,0,1,0,0,0,0,0,0,0,0,0,0,1,1,0,0,0.68214047,False
95002,37.449537,-121.994813,7,98.05,713.0,1,0,0,0,1,0,1,1,0,0,0,0,0,0,1,0,0,0,1,0,1,0,0,1,0,0,0,0.8059552,True
95006,37.171727,-122.142961,41,114.5,4527.45,0,0,0,0,1,0,1,1,0,0,1,0,1,0,1,0,1,0,1,0,1,0,0,1,0,0,0,0.55618435,False
95017,37.114335,-122.237162,2,80.95,171.15,1,0,0,0,1,0,0,1,0,0,0,0,0,0,0,0,0,0,0,0,1,0,0,1,0,1,0,0.8144637,True
95019,36.936228,-121.785559,13,74.3,940.35,0,1,0,0,1,0,0,1,0,0,0,0,0,0,1,0,0,0,0,0,0,0,0,1,0,1,0,0.7852449,True
95020,37.03889,-121.528955,11,89.7,1047.7,0,1,0,0,1,0,0,1,0,0,0,0,0,0,0,0,0,0,1,0,1,0,0,0,0,0,0,0.74383146,True
95030,37.222842,-121.988727,17,100.45,1622.45,1,1,1,0,1,0,1,1,0,0,0,0,0,0,1,0,0,0,1,0,1,0,0,1,1,0,0,0.7364414,True
95046,37.084697,-121.606417,25,90.4,2178.6,1,0,1,0,1,0,0,1,0,0,0,0,0,0,0,0,0,0,1,0,1,1,0,1,0,1,0,0.59063894,False
95062,36.974575,-121.991149,3,56.15,168.15,1,0,1,0,1,0,0,0,0,0,0,0,1,0,1,0,0,0,0,0,0,0,0,1,0,0,1,0.61172384,False
95112,37.343827,-121.883119,4,94.4,387.2,0,0,0,0,1,0,0,1,0,0,1,0,0,0,1,0,1,0,0,0,1,0,0,1,0,0,0,0.727275,True
95116,37.350284,-121.852855,37,78.95,2839.65,0,0,1,0,1,0,1,1,0,0,0,0,0,0,1,0,0,0,0,0,0,0,0,1,1,0,0,0.64934343,False
95125,37.294926,-121.894763,19,44.85,893.55,0,0,0,0,0,1,0,0,0,0,0,0,0,0,0,0,0,0,1,0,1,1,0,1,1,0,0,0.5260657,False
95128,37.316146,-121.936285,39,105.65,4284.8,1,1,1,0,1,0,1,1,0,0,0,0,1,0,1,0,0,0,1,0,1,0,0,1,0,1,0,0.757477,True
95129,37.305622,-122.000887,7,74.65,544.55,1,0,0,0,1,0,0,1,0,0,0,0,0,0,1,0,0,0,0,0,0,0,0,0,0,0,1,0.7381311,True
95134,37.42765,-121.945416,14,64.7,941.0,0,0,1,0,1,0,1,0,0,0,1,0,0,0,0,0,0,0,1,0,0,0,0,1,0,0,0,0.52009374,False
95135,37.28682,-121.723877,11,104.05,1133.65,0,1,1,0,1,0,1,1,0,0,0,0,0,0,1,0,1,0,1,0,1,0,0,1,0,0,0,0.7512677,True
95209,38.044523,-121.348048,1,35.55,35.55,1,0,0,0,0,1,0,0,0,0,0,0,0,0,0,0,0,0,0,0,1,0,0,1,0,1,0,0.7749278,True
95219,38.029729,-121.387999,2,95.15,196.9,0,0,0,0,1,0,1,1,0,0,0,0,0,0,0,0,0,0,1,0,1,0,0,1,0,1,0,0.83250827,True
95220,38.200231,-121.235034,13,96.65,1162.85,1,0,1,0,1,0,0,1,0,0,0,0,0,0,1,0,0,0,1,0,1,0,0,1,0,0,1,0.7676689,True
95232,38.358464,-120.579304,3,80.4,224.05,0,1,1,0,1,0,0,1,0,0,0,0,0,0,0,0,0,0,1,0,0,0,0,1,0,1,0,0.8119488,True
95236,38.047746,-121.030499,1,31.35,31.35,1,0,0,0,0,1,0,0,0,0,0,0,1,0,0,0,0,0,0,0,0,0,0,1,0,0,1,0.7377213,True
95240,38.123544,-121.159078,12,89.75,1052.4,0,0,0,0,1,0,1,1,0,0,0,0,1,0,0,0,0,0,1,0,0,0,0,1,0,0,0,0.76859134,True
95252,38.156971,-120.849231,60,94.4,5610.25,1,0,1,0,1,0,0,1,0,0,0,0,1,0,0,0,0,0,1,0,1,1,0,1,0,1,0,0.50679517,False
95255,38.41935,-120.469545,1,19.85,19.85,1,0,0,0,1,0,0,0,1,1,0,1,0,1,0,1,0,1,0,1,0,0,0,1,0,1,0,0.60846424,False
95301,37.321233,-120.656354,6,109.9,669.45,0,0,0,0,1,0,1,1,0,0,0,0,1,0,1,0,1,0,1,0,1,0,0,1,1,0,0,0.6877984,False
95305,37.818589,-120.256995,15,101.35,1553.95,1,0,0,0,1,0,0,1,0,0,0,0,0,0,1,0,1,0,1,0,1,0,0,1,0,1,0,0.73138666,True
95310,38.085839,-120.37855,21,60.05,1236.15,1,1,0,0,1,0,0,0,0,0,0,0,0,0,1,0,0,0,1,0,0,0,0,1,0,0,0,0.5093484,False
95315,37.422961,-120.765493,1,60.15,60.15,0,0,0,0,1,0,1,0,0,0,0,0,0,0,0,0,0,0,0,0,1,0,0,1,0,1,0,0.6912509,False
95323,37.605926,-120.69955,7,90.45,593.45,1,0,0,0,1,0,1,1,0,0,0,0,0,0,1,0,0,0,1,0,0,0,0,1,0,1,0,0.8271395,True
95335,38.109125,-120.078597,53,94.25,4867.95,1,0,1,0,1,0,0,1,0,0,0,0,1,0,0,0,0,0,1,0,1,1,0,1,0,0,0,0.510704,False
95338,37.526791,-119.99437,1,74.9,74.9,1,0,0,0,1,0,1,1,0,0,0,0,0,0,0,0,0,0,0,0,0,0,0,1,0,1,0,0.8332858,True
95346,38.121601,-120.133915,1,80.25,80.25,0,0,0,0,1,0,0,1,0,0,0,0,0,0,0,0,0,0,1,0,0,0,0,1,0,1,0,0.8381102,True
95350,37.671806,-121.007575,17,69.0,1149.65,1,0,1,0,1,0,0,1,0,0,0,0,0,0,0,0,0,0,0,0,0,0,0,1,0,1,0,0.7537382,True
95351,37.621458,-121.012295,11,66.35,740.8,0,0,1,0,1,0,1,0,0,0,0,0,0,0,0,0,1,0,0,0,1,0,0,1,0,1,0,0.575061,False
95356,37.716186,-121.025836,19,86.0,1532.45,1,0,0,0,1,0,1,1,0,0,0,0,0,0,0,0,0,0,0,0,1,0,0,1,0,0,0,0.704341,True
95357,37.670526,-120.877572,3,80.3,250.05,0,0,1,0,1,0,0,1,0,0,0,0,0,0,0,0,0,0,0,0,1,0,0,1,0,1,0,0.8144637,True
95361,37.785033,-120.776141,24,90.55,2282.55,1,0,0,0,1,0,1,1,0,0,0,0,1,0,0,0,0,0,1,0,0,0,0,1,1,0,0,0.6904411,False
95367,37.734971,-120.954271,2,75.9,143.35,0,0,0,0,1,0,1,1,0,0,0,0,0,0,0,0,0,0,0,0,0,0,0,1,0,1,0,0.8186645,True
95368,37.713152,-121.08739,1,45.85,45.85,1,0,1,0,1,0,0,0,0,0,0,0,0,0,0,0,0,0,0,0,0,0,0,1,0,0,1,0.73304343,True
95369,37.521708,-120.426843,16,49.95,810.2,0,0,1,0,0,1,0,0,0,0,0,0,0,0,0,0,1,0,1,0,1,0,0,1,0,1,0,0.6095028,False
95382,37.529656,-120.854357,34,78.3,2564.3,1,0,1,0,1,0,0,1,0,0,0,0,0,0,0,0,0,0,1,0,0,0,0,0,0,1,0,0.6669094,False
95387,37.546007,-121.28257,3,76.95,228.4,1,0,0,0,1,0,1,1,0,0,0,0,0,0,0,0,0,0,0,0,0,0,0,1,0,1,0,0.8186645,True
95389,37.704267,-119.607001,16,96.15,1529.2,0,1,0,0,1,0,1,1,0,0,0,0,0,0,0,0,0,0,1,0,1,0,0,1,0,1,0,0.78938794,True
95407,38.394091,-122.739814,1,45.3,45.3,1,0,0,0,1,0,0,0,0,0,0,0,0,0,0,0,0,0,0,0,0,0,0,0,0,1,0,0.7409358,True
95409,38.468893,-122.580539,15,19.4,289.3,0,0,0,0,1,0,0,0,1,1,0,1,0,1,0,1,0,1,0,1,0,0,0,0,0,0,0,0.3007748,False
95417,39.710591,-123.682799,11,90.15,987.95,0,0,0,0,1,0,1,1,0,0,0,0,0,0,0,0,1,0,1,0,0,0,0,0,0,1,0,0.7561588,True
95420,39.361283,-123.784599,1,45.05,45.05,1,0,0,0,1,0,0,0,0,0,0,0,0,0,0,0,0,0,0,0,0,0,0,0,0,0,1,0.70083046,True
95422,38.965804,-122.631779,1,75.8,75.8,0,0,0,0,1,0,0,1,0,0,0,0,1,0,0,0,0,0,0,0,0,0,0,0,0,1,0,0.80732924,True
95425,38.801936,-122.938935,7,79.3,523.15,0,0,0,0,1,0,0,1,0,0,0,0,0,0,0,0,0,0,0,0,1,0,0,1,0,1,0,0.8144637,True
95427,39.239818,-123.565432,2,30.9,59.05,0,0,0,0,0,1,0,0,0,0,0,0,0,0,0,0,1,0,0,0,0,0,0,1,0,1,0,0.7185881,True
95431,38.348884,-122.51699,46,95.25,4424.2,0,1,0,0,1,0,0,1,0,0,0,0,1,0,0,0,0,0,1,0,1,1,0,0,1,0,0,0.47232947,False
95439,38.493888,-122.777141,68,89.6,6127.6,0,1,1,0,1,0,1,1,0,0,0,0,1,0,0,0,0,0,0,0,1,0,0,1,0,0,0,0.5388431,False
95445,38.848082,-123.50608,59,110.15,6448.05,1,0,1,0,1,0,1,1,0,0,1,0,1,0,1,0,0,0,1,0,1,1,0,1,0,1,0,0.501123,False
95464,39.12334,-122.838198,7,89.5,676.7,1,1,1,0,1,0,0,1,0,0,0,0,0,0,0,0,0,0,1,0,1,0,0,1,0,1,0,0.81890106,True
95471,38.522328,-122.97932,8,75.0,632.95,1,0,1,0,1,0,0,1,0,0,1,0,0,0,0,0,0,0,0,0,0,0,0,0,0,1,0,0.6751216,False
95482,39.134075,-123.23422,6,44.75,270.95,1,0,0,0,1,0,0,0,0,0,0,0,0,0,0,0,0,0,0,0,0,0,0,0,0,1,0,0.61983126,False
95493,39.222323,-122.985488,11,44.05,483.7,0,0,1,0,1,0,0,0,0,0,0,0,0,0,0,0,0,0,0,0,0,0,0,1,0,1,0,0.656996,False
95511,40.166028,-123.584144,15,85.6,1345.55,1,1,1,0,1,0,1,1,0,0,0,0,0,0,0,0,0,0,0,0,1,0,0,1,0,0,0,0.73928064,True
95519,40.965011,-124.015255,70,115.55,8127.6,0,0,0,0,1,0,1,1,0,0,1,0,1,0,1,0,1,0,1,0,1,1,0,0,1,0,0,0.48063698,False
95524,40.825486,-124.049485,16,86.6,1281.0,1,1,0,0,1,0,1,1,0,0,0,0,0,0,0,0,0,0,1,0,0,0,0,1,0,1,0,0.7745777,True
95525,40.94338,-123.831799,18,85.2,1553.9,0,0,0,0,1,0,1,1,0,0,0,0,0,0,0,0,0,0,1,0,0,0,0,1,0,1,0,0.7745777,True
95526,40.372532,-123.525626,34,97.65,3207.55,0,0,1,0,1,0,1,1,0,0,0,0,0,0,0,0,0,0,1,0,1,0,0,1,0,1,0,0.7476828,True
95531,41.701223,-124.003393,47,109.55,5124.55,1,0,1,0,1,0,1,1,0,0,0,0,1,0,1,0,1,0,1,0,1,0,0,1,0,1,0,0.703998,True
95536,40.4785,-124.301372,39,89.55,3474.45,0,0,1,0,1,0,1,1,0,0,0,0,1,0,1,0,1,0,0,0,0,1,0,1,0,1,0,0.50310594,False
95545,40.342928,-124.063329,1,19.45,19.45,1,0,0,0,1,0,0,0,1,1,0,1,0,1,0,1,0,1,0,1,0,0,0,1,0,0,1,0.57707614,False
95550,40.7666,-123.80458,4,20.35,76.35,0,0,1,0,1,0,0,0,1,1,0,1,0,1,0,1,0,1,0,1,0,0,0,0,0,0,1,0.39972934,False
95551,40.665952,-124.240051,1,69.25,69.25,0,1,0,0,1,0,0,1,0,0,0,0,0,0,0,0,0,0,0,0,0,0,0,1,0,1,0,0.8036878,True
95553,40.210895,-123.86,59,99.5,5961.1,1,0,1,0,1,0,1,1,0,0,0,0,0,0,1,0,0,0,1,0,1,1,0,1,0,0,0,0.578572,False
95562,40.485849,-124.163234,1,25.2,25.2,0,1,0,0,0,1,0,0,0,0,0,0,0,0,0,0,0,0,0,0,0,0,0,1,0,1,0,0.7323501,True
95563,40.89866,-123.539754,2,45.0,96.45,1,0,0,0,1,0,0,0,0,0,0,0,0,0,0,0,0,0,0,0,0,0,0,1,0,0,1,0.6933531,False
95567,41.950683,-124.097094,1,20.15,20.15,1,0,0,0,1,0,0,0,1,1,0,1,0,1,0,1,0,1,0,1,0,0,0,0,0,0,1,0.61617595,False
95568,41.444606,-123.471895,66,105.0,7133.25,1,0,1,0,1,0,1,1,0,0,0,0,1,0,1,0,0,0,1,0,1,0,0,1,1,0,0,0.6534278,False
95570,41.162295,-124.027381,3,54.7,169.45,1,0,0,0,1,0,0,0,0,0,0,0,0,0,0,0,0,0,1,0,0,0,0,1,1,0,0,0.65084434,False
95589,40.053159,-123.995867,14,87.25,1258.6,0,0,1,0,1,0,1,1,0,0,0,0,0,0,1,0,0,0,0,0,1,0,0,1,0,1,0,0.78779566,True
95601,38.431407,-120.8421,10,79.95,857.2,1,0,1,0,1,0,0,1,0,0,0,0,0,0,0,0,0,0,1,0,0,0,0,1,0,1,0,0.80720896,True
95608,38.626128,-121.328011,18,88.35,1639.3,0,0,0,0,1,0,1,1,0,0,0,0,0,0,0,0,1,0,1,0,0,0,0,1,0,1,0,0.75276244,True
95616,38.508735,-121.678813,9,94.75,889.9,0,0,0,0,1,0,1,1,0,0,0,0,0,0,0,0,0,0,1,0,1,0,0,1,0,1,0,0.8281769,True
95618,38.544002,-121.685559,13,95.05,1290.0,0,1,0,0,1,0,1,1,0,0,0,0,0,0,0,0,0,0,1,0,1,0,0,1,0,1,0,0.8099418,True
95619,38.683605,-120.811852,4,78.45,330.05,1,0,0,0,1,0,1,1,0,0,0,0,1,0,0,0,0,0,0,0,0,0,0,0,0,1,0,0.7904605,True
95620,38.392821,-121.799917,4,70.2,237.95,1,0,0,0,1,0,0,1,0,0,0,0,0,0,0,0,0,0,0,0,0,0,0,1,0,1,0,0.7959464,True
95624,38.434138,-121.30587,59,41.05,2452.7,1,0,1,0,0,1,0,0,0,0,0,0,1,0,0,0,0,0,0,0,1,0,0,1,0,0,0,0.5336224,False
95625,38.349195,-121.902943,10,85.6,813.85,1,0,1,0,1,0,1,1,0,0,0,0,0,0,0,0,0,0,1,0,0,0,0,1,0,1,0,0.813623,True
95630,38.672638,-121.147403,1,79.2,79.2,0,1,0,0,1,0,0,1,0,0,0,0,0,0,0,0,0,0,1,0,0,0,0,1,0,1,0,0.8381102,True
95635,38.921333,-120.897718,5,70.0,347.4,1,0,0,0,1,0,0,0,0,0,0,0,0,0,1,0,0,0,1,0,1,1,0,1,0,0,1,0.53723204,False
95642,38.336216,-120.76901,1,49.95,49.95,0,0,0,0,1,0,1,0,0,0,0,0,0,0,0,0,0,0,0,0,0,0,0,1,0,0,0,0.7321654,True
95645,38.875508,-121.765866,22,69.25,1554.0,0,0,1,0,1,0,0,1,0,0,0,0,0,0,0,0,0,0,0,0,0,0,0,1,0,1,0,0.72181416,True
95653,38.674276,-121.961866,34,94.25,3217.55,0,1,1,0,1,0,1,1,0,0,0,0,1,0,1,0,0,0,0,0,1,0,0,1,0,1,0,0.70453954,True
95662,38.689174,-121.218435,41,73.0,3001.2,1,0,1,0,1,0,1,0,0,0,0,0,0,0,1,0,0,0,1,0,1,1,0,1,0,1,0,0.41419506,False
95663,38.859093,-121.182872,64,100.05,6254.2,0,0,0,0,1,0,1,1,0,0,0,0,0,0,1,0,0,0,1,0,1,1,0,1,1,0,0,0.5697369,False
95668,38.833554,-121.498102,4,99.8,442.85,0,1,0,0,1,0,0,1,0,0,0,0,1,0,1,0,0,0,1,0,1,0,0,1,1,0,0,0.7608014,True
95669,38.489273,-120.891614,18,35.0,553.0,0,0,0,0,0,1,0,0,0,0,0,0,0,0,0,0,0,0,0,0,1,0,0,1,0,1,0,0.6416683,False
95673,38.688764,-121.457596,1,76.0,76.0,0,0,0,0,1,0,1,1,0,0,0,0,0,0,0,0,0,0,0,0,0,0,0,0,0,1,0,0.81871253,True
95681,38.984756,-121.345074,2,93.85,170.85,0,1,0,0,1,0,1,1,0,0,0,0,0,0,0,0,0,0,1,0,1,0,0,1,0,1,0,0.83250827,True
95683,38.470423,-121.114897,15,84.3,1308.4,0,0,1,0,1,0,0,1,0,0,0,0,0,0,1,0,0,0,1,0,0,0,0,1,0,1,0,0.7666882,True
95692,39.043387,-121.409837,9,84.4,732.5,1,1,0,0,1,0,1,1,0,0,0,0,0,0,0,0,0,0,0,0,1,0,0,1,1,0,0,0.7799765,True
95694,38.578604,-122.024579,15,101.1,1504.05,1,0,1,0,1,0,1,1,0,0,0,0,0,0,1,0,0,0,1,0,1,0,0,1,0,1,0,0.7934718,True
95713,39.084645,-120.894014,1,50.45,50.45,1,0,0,0,1,0,1,0,0,0,0,0,0,0,0,0,0,0,0,0,0,0,0,1,0,1,0,0.75648046,True
95722,39.003358,-121.022539,12,99.95,1132.75,1,0,0,0,1,0,1,1,0,0,0,0,0,0,0,0,1,0,1,0,1,0,0,1,0,0,1,0.7607994,True
95728,39.279068,-120.414275,2,91.4,193.6,0,0,0,0,1,0,1,1,0,0,0,0,0,0,1,0,0,0,1,0,0,0,0,1,0,1,0,0.8271395,True
95742,38.591134,-121.161585,5,75.55,349.65,0,1,0,0,1,0,0,1,0,0,0,0,0,0,1,0,0,0,0,0,0,0,0,1,1,0,0,0.74760914,True
95815,38.608405,-121.449942,4,80.8,332.45,1,0,0,0,1,0,1,1,0,0,0,0,0,0,0,0,1,0,0,0,0,0,0,0,1,0,0,0.75341105,True
95824,38.517295,-121.439819,16,100.0,1534.75,0,0,1,0,1,0,1,1,0,0,0,0,1,0,0,0,0,0,1,0,1,0,0,1,0,1,0,0.7849373,True
95826,38.542532,-121.378826,1,20.55,20.55,1,0,0,0,1,0,0,0,1,1,0,1,0,1,0,1,0,1,0,1,0,0,0,0,0,1,0,0.57289416,False
95828,38.486938,-121.395805,5,85.3,424.15,1,0,0,0,1,0,1,1,0,0,0,0,1,0,1,0,0,0,0,0,0,0,0,1,0,1,0,0.8185315,True
95831,38.494832,-121.529447,4,70.4,281.0,0,0,0,0,1,0,0,1,0,0,0,0,0,0,0,0,0,0,0,0,0,0,0,0,0,1,0,0.7752614,True
95838,38.646096,-121.442433,37,98.8,3475.55,1,0,0,0,1,0,1,1,0,0,0,0,0,0,0,0,1,0,1,0,1,0,0,0,0,0,0,0.6422514,False
95843,38.715498,-121.363411,13,74.4,896.75,1,0,1,0,1,0,1,1,0,0,0,0,0,0,0,0,0,0,0,0,0,0,0,1,1,0,0,0.74880695,True
95864,38.585826,-121.376263,24,98.75,2407.3,0,0,0,0,1,0,1,1,0,0,0,0,0,0,1,0,0,0,1,0,1,0,0,1,0,1,0,0.787644,True
95912,38.982373,-122.047751,61,106.0,6547.7,1,0,1,0,1,0,1,1,0,0,1,0,1,0,0,0,0,0,1,0,1,1,0,1,0,1,0,0.4567644,False
95914,39.396585,-121.38029,41,104.7,4346.4,1,0,0,0,1,0,1,1,0,0,0,0,1,0,1,0,0,0,1,0,1,0,0,1,0,1,0,0.757477,True
95923,40.171312,-121.120605,22,96.7,2082.95,1,1,0,0,1,0,1,1,0,0,0,0,0,0,0,0,0,0,1,0,1,0,0,1,0,1,0,0.78190774,True
95925,39.461768,-121.195825,2,55.05,102.75,0,0,0,0,1,0,0,0,0,0,0,0,1,0,0,0,1,0,0,0,0,0,0,1,1,0,0,0.66159534,False
95935,39.381174,-121.21191,19,88.2,1775.8,1,1,0,0,1,0,1,1,0,0,0,0,1,0,0,0,0,0,1,0,0,0,0,1,0,1,0,0.7699053,True
95937,38.931425,-121.946081,8,19.75,145.0,0,0,1,0,1,0,0,0,1,1,0,1,0,1,0,1,0,1,0,1,0,1,0,1,0,0,1,0.21974286,False
95942,40.077028,-121.494168,15,75.65,1146.65,1,1,0,0,1,0,1,1,0,0,0,0,0,0,0,0,0,0,0,0,0,0,0,0,0,1,0,0.7416179,True
95949,39.099204,-121.137962,1,74.7,74.7,1,1,0,0,1,0,1,1,0,0,0,0,0,0,0,0,0,0,0,0,0,0,0,1,0,1,0,0.8332858,True
95954,39.933852,-121.584371,17,76.65,1313.55,1,0,0,0,1,0,0,1,0,0,0,0,0,0,1,0,0,0,0,0,0,0,0,1,0,1,0,0.73371226,True
95959,39.333737,-120.858667,1,25.8,25.8,0,1,0,0,0,1,0,0,0,0,0,0,0,0,0,0,0,0,0,0,0,0,0,1,0,0,1,0.7419262,True
95966,39.473896,-121.415927,2,42.6,72.4,0,0,0,0,0,1,0,0,0,0,1,0,1,0,0,0,0,0,0,0,1,0,0,1,0,1,0,0.65841734,False
95970,39.424957,-122.039307,29,68.85,1970.5,0,0,0,0,1,0,0,0,0,0,1,0,1,0,1,0,0,0,0,0,1,0,0,1,0,0,0,0.3702407,False
95981,39.58458,-121.093256,2,90.0,190.05,1,0,1,0,1,0,0,1,0,0,0,0,0,0,1,0,1,0,0,0,1,0,0,0,1,0,0,0.7284151,True
95984,40.022184,-121.062384,14,75.35,1025.95,0,0,0,0,1,0,0,1,0,0,0,0,0,0,1,0,0,0,0,0,0,0,0,0,0,1,0,0.7327375,True
95993,39.075694,-121.70606,8,100.85,819.55,1,0,0,0,1,0,1,1,0,0,0,0,1,0,0,0,0,0,1,0,1,0,0,0,0,1,0,0.8037957,True
96007,40.448632,-122.306657,5,69.95,330.15,0,0,1,0,1,0,0,1,0,0,0,0,0,0,0,0,0,0,0,0,0,0,0,0,0,1,0,0.7752614,True
96011,41.096569,-121.879082,63,107.5,6873.75,0,0,1,0,1,0,1,1,0,0,0,0,1,0,1,0,0,0,1,0,1,1,0,1,0,1,0,0.54942465,False
96014,41.388397,-122.794636,1,45.85,45.85,1,0,0,0,1,0,0,0,0,0,0,0,0,0,0,0,0,0,0,0,0,0,0,1,0,0,1,0.7073366,True
96021,39.913777,-122.289984,53,106.1,5769.75,0,0,1,0,1,0,0,1,0,0,1,0,1,0,1,0,0,0,1,0,1,1,0,1,0,0,0,0.49120107,False
96022,40.336392,-122.448533,1,91.7,91.7,0,0,0,0,1,0,0,1,0,0,0,0,1,0,0,0,1,0,1,0,0,0,0,0,0,1,0,0.7808841,True
96024,40.586588,-122.903677,16,95.6,1555.65,0,0,0,0,1,0,1,1,0,0,0,0,1,0,1,0,0,0,0,0,1,0,0,1,1,0,0,0.7068432,True
96028,41.017282,-121.468945,1,74.95,74.95,1,0,0,0,1,0,1,1,0,0,0,0,0,0,0,0,0,0,0,0,0,0,0,1,0,1,0,0.8332858,True
96032,41.5837,-122.935922,10,95.35,898.35,1,1,0,0,1,0,1,1,0,0,0,0,0,0,0,0,0,0,1,0,1,0,0,1,0,1,0,0.8281769,True
96041,40.547857,-123.187265,3,45.0,127.1,0,1,0,0,1,0,0,0,0,0,0,0,0,0,0,0,0,0,0,0,0,0,0,0,0,1,0,0.6922537,False
96047,40.524535,-122.647172,66,99.5,6710.5,1,0,0,0,1,0,0,1,0,0,0,0,1,0,1,0,0,0,1,0,1,0,0,0,0,1,0,0.6651451,False
96050,41.816595,-122.948287,17,98.6,1704.95,0,0,1,0,1,0,0,1,0,0,0,0,0,0,1,0,1,0,1,0,1,1,0,0,0,0,0,0.5259718,False
96051,40.883853,-122.418258,7,59.5,415.95,0,0,0,0,1,0,0,0,0,0,0,0,0,0,0,0,1,0,1,0,0,0,0,1,0,0,1,0.5122375,False
96052,40.704293,-122.803899,12,80.45,950.2,1,1,1,0,1,0,0,1,0,0,0,0,0,0,0,0,0,0,0,0,1,0,0,1,0,1,0,0.79859316,True
96068,41.082472,-121.195215,42,77.95,3384.0,0,0,1,0,1,0,0,1,0,0,0,0,0,0,0,0,0,0,1,0,0,0,0,1,1,0,0,0.6284027,False
96073,40.582399,-122.195512,2,74.7,165.4,1,1,0,0,1,0,0,1,0,0,0,0,1,0,0,0,0,0,0,0,0,0,0,1,0,1,0,0.798322,True
96084,40.923558,-122.059933,1,88.8,88.8,1,1,0,0,1,0,1,1,0,0,0,0,0,0,1,0,0,0,1,0,0,0,0,1,0,1,0,0.8381102,True
96086,41.924174,-123.260788,30,90.25,2755.35,1,0,0,0,1,0,0,1,0,0,0,0,0,0,0,0,0,0,1,0,1,0,0,1,0,1,0,0.70183766,True
96087,40.617614,-122.512861,15,64.65,994.55,0,0,0,0,1,0,1,0,0,0,1,0,0,0,0,0,0,0,0,0,1,0,0,1,0,0,0,0.5089565,False
96092,39.955164,-122.018567,13,89.05,1169.35,1,1,1,0,1,0,0,1,0,0,0,0,1,0,0,0,1,0,0,0,1,0,0,1,0,0,0,0.7125498,True
96101,41.468877,-120.54229,67,87.4,5918.8,1,0,1,0,1,0,1,1,0,0,0,0,1,0,1,0,0,0,0,0,0,1,0,0,0,1,0,0.49774742,False
96108,41.750354,-120.403885,23,94.75,2293.6,0,1,0,0,1,0,0,1,0,0,0,0,1,0,0,0,0,0,1,0,1,0,0,1,0,1,0,0.73638844,True
96112,41.932207,-120.135941,35,86.45,3029.1,0,0,0,0,1,0,1,1,0,0,0,0,0,0,0,0,0,0,1,0,0,0,0,1,0,1,0,0.74807215,True
96115,41.729079,-120.225025,56,98.25,5508.35,0,0,1,0,1,0,1,1,0,0,0,0,1,0,0,0,0,0,1,0,1,1,0,1,0,1,0,0.5794641,False
96116,41.266008,-120.490731,9,75.75,655.9,0,0,1,0,1,0,0,1,0,0,0,0,0,0,1,0,0,0,0,0,0,0,0,1,0,0,0,0.7625721,True
96122,39.786755,-120.445626,17,85.35,1463.45,0,1,1,0,1,0,1,1,0,0,1,0,0,0,1,0,0,0,0,0,0,0,0,1,0,0,0,0.6636775,False
96123,40.845738,-120.322219,48,106.1,5082.8,1,0,0,0,1,0,1,1,0,0,0,0,1,0,1,0,0,0,1,0,1,1,0,1,1,0,0,0.59185046,False
96133,38.636052,-119.489162,17,45.05,770.6,1,1,0,0,1,0,0,0,0,0,0,0,0,0,0,0,0,0,0,0,0,0,0,1,0,1,0,0.62698114,False
96141,39.117018,-120.212535,34,109.8,3587.25,0,0,0,0,1,0,1,1,0,0,1,0,1,0,1,0,0,0,1,0,1,0,0,1,0,0,1,0.5884701,False
96142,39.061227,-120.179546,42,84.65,3541.35,0,1,0,0,1,0,1,1,0,0,0,0,0,0,0,0,0,0,1,0,0,0,0,1,0,1,0,0.7425669,True
96145,39.178337,-120.162806,11,79.5,868.5,1,0,1,0,1,0,0,1,0,0,0,0,0,0,0,0,0,0,1,0,0,0,0,1,0,0,0,0.7650782,True
96150,38.911577,-120.106169,1,85.8,85.8,0,0,0,0,1,0,1,1,0,0,0,0,0,0,0,0,0,0,0,0,1,0,0,0,0,0,1,0.78661865,True
96161,39.342498,-120.247127,1,79.1,79.1,1,1,0,0,1,0,0,1,0,0,0,0,0,0,0,0,0,0,1,0,0,0,0,1,0,1,0,0.8381102,True
90004,34.076259,-118.310715,3,44.3,134.5,0,0,1,0,1,0,0,0,0,0,0,0,0,0,0,0,0,0,0,0,0,0,0,0,0,0,1,0.6746016,False
90007,34.027337,-118.28515,50,105.95,5341.8,1,0,1,0,1,0,1,1,0,0,1,0,0,0,1,0,0,0,1,0,1,0,0,0,1,0,0,0.6470065,False
90012,34.065875,-118.238728,5,69.75,324.6,1,0,0,0,1,0,0,1,0,0,0,0,0,0,0,0,0,0,0,0,0,0,0,1,0,1,0,0.77146405,True
90013,34.044639,-118.240413,51,94.65,4812.75,1,0,1,0,1,0,1,1,0,0,0,0,0,0,0,0,0,0,1,0,1,0,0,1,0,1,0,0.7068523,True
90014,34.043144,-118.251977,46,96.05,4399.5,0,0,0,0,1,0,1,1,0,0,0,0,0,0,0,0,0,0,1,0,1,0,0,0,0,0,0,0.6611179,False
90020,34.066367,-118.309868,1,50.15,50.15,1,1,0,0,1,0,0,0,0,0,0,0,0,0,1,0,0,0,0,0,0,0,0,1,0,0,1,0.72418106,True
90023,34.017697,-118.200577,41,113.6,4594.95,0,0,1,0,1,0,1,1,0,0,1,0,1,0,1,0,1,0,1,0,1,0,0,1,0,0,0,0.53480875,False
90025,34.046174,-118.446333,29,78.9,2384.15,0,0,0,0,1,0,0,1,0,0,0,0,0,0,0,0,0,0,1,0,0,0,0,1,0,1,0,0.6919734,False
90037,34.002642,-118.287596,26,60.05,1616.15,0,0,1,0,1,0,1,0,0,0,0,0,1,0,0,0,1,0,0,0,0,0,0,1,0,1,0,0.4309766,False
90045,33.954017,-118.402447,1,34.7,34.7,0,0,0,0,0,1,0,0,0,0,0,0,0,0,0,0,0,0,1,0,0,0,0,1,0,1,0,0.7575833,True
90047,33.958149,-118.308441,3,85.3,264.8,1,0,0,0,1,0,1,1,0,0,0,0,0,0,0,0,0,0,0,0,1,0,0,1,0,1,0,0.806968,True
90058,34.001617,-118.222274,66,102.45,6615.15,0,0,1,0,1,0,1,1,0,0,0,0,1,0,1,0,0,0,1,0,1,1,0,1,1,0,0,0.4072574,False
90059,33.927254,-118.249826,21,104.4,2200.25,0,0,1,0,1,0,1,1,0,0,1,0,0,0,1,0,0,0,1,0,1,0,0,1,0,0,0,0.70453477,True
90062,34.003553,-118.308933,1,99.75,99.75,1,0,0,0,1,0,1,1,0,0,0,0,0,0,1,0,0,0,1,0,1,0,0,1,0,1,0,0.8150447,True
90066,34.002028,-118.430656,4,74.4,299.7,1,0,0,0,1,0,0,0,0,0,0,0,0,0,1,0,1,0,1,0,1,0,0,1,0,1,0,0.5897223,False
90230,33.993991,-118.39704,9,74.25,639.65,0,0,0,0,1,0,0,1,0,0,1,0,0,0,0,0,0,0,0,0,0,0,0,1,1,0,0,0.68961024,False
90250,33.914775,-118.348083,1,59.85,59.85,1,0,0,0,1,0,1,0,0,0,0,0,0,0,0,0,0,0,1,0,0,0,0,1,0,1,0,0.70420784,True
90254,33.86532,-118.396336,1,69.6,69.6,0,1,0,0,1,0,0,1,0,0,0,0,0,0,0,0,0,0,0,0,0,0,0,1,0,1,0,0.79702556,True
90262,33.923573,-118.200669,9,45.4,418.8,1,0,0,0,0,1,0,0,0,0,0,0,0,0,0,0,0,0,1,0,1,0,0,1,0,1,0,0.65928626,False
90265,34.074572,-118.831181,1,19.5,19.5,0,0,0,0,1,0,0,0,1,1,0,1,0,1,0,1,0,1,0,1,0,0,0,0,0,0,1,0.5510429,False
90272,34.079449,-118.548306,1,69.9,69.9,1,0,0,0,1,0,0,1,0,0,0,0,0,0,0,0,0,0,0,0,0,0,0,1,0,1,0,0.79702556,True
90277,33.830453,-118.384565,2,87.15,183.75,0,0,0,0,1,0,0,1,0,0,0,0,1,0,0,0,0,0,1,0,0,0,0,1,0,0,0,0.7737158,True
90292,33.977468,-118.445475,3,84.75,264.85,0,0,1,0,1,0,1,1,0,0,0,0,0,0,0,0,0,0,0,0,1,0,0,1,0,0,0,0.7948781,True
90303,33.936291,-118.332639,14,89.95,1178.4,1,0,0,0,1,0,1,1,0,0,0,0,0,0,0,0,1,0,1,0,0,0,0,1,0,1,0,0.7500105,True
90620,33.845706,-118.012204,41,113.2,4689.5,0,1,0,0,1,0,1,1,0,0,1,0,1,0,1,0,0,0,1,0,1,0,0,1,0,1,0,0.62750757,False
90621,33.874224,-117.993368,13,90.5,1201.15,1,1,0,0,1,0,0,1,0,0,0,0,0,0,0,0,0,0,1,0,1,0,0,1,0,1,0,0.77994317,True
90623,33.850504,-118.039892,2,79.0,143.65,1,0,0,0,1,0,0,1,0,0,0,0,0,0,0,0,0,0,1,0,0,0,0,0,0,1,0,0.77273273,True
90680,33.801869,-117.995068,18,20.15,390.85,0,0,0,0,1,0,0,0,1,1,0,1,0,1,0,1,0,1,0,1,0,1,0,0,0,0,0,0.21321413,False
90704,33.391181,-118.421305,1,71.65,71.65,1,0,0,0,1,0,0,1,0,0,0,0,0,0,0,0,0,0,0,0,0,0,0,1,0,1,0,0.81222665,True
90706,33.887676,-118.127289,4,20.35,77.5,0,0,0,0,1,0,0,0,1,1,0,1,0,1,0,1,0,1,0,1,0,0,0,0,0,0,1,0.4153482,False
90712,33.840524,-118.148403,38,84.25,3264.5,0,0,0,0,1,0,0,1,0,0,0,0,1,0,1,0,1,0,0,0,0,0,0,1,1,0,0,0.52998984,False
90717,33.794209,-118.317354,12,78.1,947.3,0,0,0,0,1,0,0,1,0,0,0,0,0,0,0,0,0,0,0,0,1,0,0,0,0,0,0,0.71226305,True
90740,33.75462,-118.071128,19,89.65,1761.05,0,0,1,0,1,0,1,1,0,0,0,0,0,0,1,0,0,0,0,0,1,0,0,0,0,0,1,0.64440936,False
90745,33.822295,-118.26411,10,98.7,973.25,0,0,0,0,1,0,1,1,0,0,1,0,0,0,0,0,0,0,1,0,1,0,0,1,0,1,0,0.77422523,True
90808,33.823943,-118.111335,1,76.35,76.35,0,0,0,0,1,0,0,1,0,0,0,0,0,0,1,0,0,0,0,0,0,0,0,0,0,1,0,0.79626256,True
90810,33.819814,-118.222416,23,79.15,1676.95,0,0,0,0,1,0,1,1,0,0,0,0,1,0,0,0,0,0,0,0,0,0,0,1,0,1,0,0.73197836,True
90813,33.781086,-118.199049,32,85.0,2642.05,1,1,1,0,1,0,1,1,0,0,0,0,0,0,0,0,0,0,0,0,1,0,0,1,0,1,0,0.73094374,True
91030,34.110444,-118.156957,32,85.3,2661.1,1,1,1,0,1,0,1,1,0,0,0,0,0,0,0,0,0,0,0,0,1,0,0,0,0,1,0,0.68950427,False
91040,34.282704,-118.312929,31,86.55,2697.4,0,0,0,0,1,0,1,1,0,0,0,0,0,0,0,0,0,0,1,0,0,0,0,1,1,0,0,0.6930496,False
91042,34.296574,-118.244839,19,73.85,1424.5,1,0,0,0,1,0,0,1,0,0,0,0,1,0,0,0,0,0,0,0,0,0,0,1,1,0,0,0.64399284,False
91202,34.167926,-118.267539,57,44.85,2572.95,1,1,1,0,0,1,0,0,0,0,0,0,0,0,0,0,0,0,1,0,1,0,0,1,0,1,0,0.6041271,False
91204,34.136306,-118.26036,1,45.1,45.1,1,1,0,0,1,0,0,0,0,0,0,0,0,0,0,0,0,0,0,0,0,0,0,0,0,1,0,0.75224644,True
91206,34.162515,-118.203869,24,96.0,2122.45,1,0,0,0,1,0,0,1,0,0,0,0,0,0,0,0,1,0,1,0,1,0,0,1,0,1,0,0.7050893,True
91207,34.182378,-118.262922,1,20.05,20.05,1,0,0,0,1,0,0,0,1,1,0,1,0,1,0,1,0,1,0,1,0,0,0,0,0,0,0,0.53393036,False
91301,34.129058,-118.759788,65,108.65,6937.95,1,0,1,0,1,0,1,1,0,0,1,0,0,0,1,0,1,0,1,0,1,0,1,0,0,0,0,0.40957767,False
91321,34.370378,-118.504118,10,45.55,402.6,1,0,0,0,1,0,0,0,0,0,0,0,0,0,0,0,0,0,0,0,0,0,0,1,0,1,0,0.65928626,False
91325,34.236683,-118.517588,2,35.1,68.75,0,0,1,0,0,1,0,0,0,0,0,0,0,0,0,0,0,0,0,0,1,0,0,1,0,1,0,0.7564069,True
91326,34.281911,-118.556218,1,46.2,46.2,1,0,0,0,1,0,0,0,0,0,0,0,0,0,0,0,0,0,0,0,0,0,0,0,1,0,0,0.72211015,True
91331,34.255442,-118.421314,1,45.15,45.15,0,0,0,0,1,0,0,0,0,0,0,0,0,0,0,0,0,0,0,0,0,0,0,0,0,1,0,0.75224644,True
91335,34.200175,-118.540958,1,43.3,43.3,1,1,0,0,0,1,0,0,0,0,0,0,1,0,1,0,0,0,0,0,1,0,0,1,0,1,0,0.75857353,True
91342,34.321621,-118.399841,38,57.15,2250.65,0,1,0,0,1,0,0,0,0,0,1,0,1,0,0,0,0,0,0,0,0,0,0,1,1,0,0,0.38207126,False
91344,34.291273,-118.505104,19,73.2,1441.1,0,0,1,0,1,0,0,1,0,0,1,0,0,0,0,0,0,0,0,0,0,0,0,1,0,1,0,0.6828048,False
91345,34.266389,-118.459744,52,85.35,4338.6,1,0,0,0,1,0,0,1,0,0,0,0,1,0,0,0,0,0,0,0,1,0,0,1,0,1,0,0.60507137,False
91351,34.422519,-118.420717,1,45.95,45.95,0,0,0,0,1,0,0,0,0,0,0,0,0,0,0,0,0,0,0,0,0,0,0,0,0,0,1,0.72211015,True
91361,34.130992,-118.894673,3,83.75,247.25,0,0,0,0,1,0,0,1,0,0,0,0,1,0,0,0,0,0,1,0,0,0,0,0,0,1,0,0.760566,True
91411,34.17847,-118.459472,1,70.05,70.05,1,0,0,0,1,0,0,1,0,0,0,0,0,0,0,0,0,0,0,0,0,0,0,1,0,1,0,0.81222665,True
91423,34.146957,-118.432138,2,86.0,165.45,1,0,0,0,1,0,1,1,0,0,0,0,0,0,0,0,0,0,0,0,1,0,0,1,0,1,0,0.806968,True
91502,34.177267,-118.31003,35,100.5,3653.35,0,1,1,0,1,0,1,1,0,0,1,0,1,0,0,0,1,0,1,0,0,0,0,1,0,0,0,0.56776226,False
91601,34.1692,-118.372498,16,72.65,1194.3,0,0,0,0,1,0,1,1,0,0,0,0,0,0,0,0,0,0,0,0,0,0,0,0,0,1,0,0.61397034,False
91605,34.207295,-118.400022,1,21.0,21.0,0,0,1,0,1,0,0,0,1,1,0,1,0,1,0,1,0,1,0,1,0,0,0,1,0,1,0,0.5618708,False
91606,34.187599,-118.387125,1,45.1,45.1,0,1,0,0,1,0,0,0,0,0,0,0,0,0,0,0,0,0,0,0,0,0,0,0,0,0,1,0.72211015,True
91710,33.990646,-117.663025,30,50.4,1527.5,1,1,1,0,1,0,0,0,0,0,0,0,1,0,0,0,0,0,0,0,0,0,0,1,0,0,0,0.44846895,False
91711,34.127621,-117.717863,5,78.95,378.4,0,1,0,0,1,0,0,1,0,0,0,0,0,0,0,0,0,0,0,0,1,0,0,0,0,1,0,0.77273375,True
91732,34.074492,-118.01462,56,94.45,5124.6,1,0,0,0,1,0,1,1,0,0,0,0,1,0,0,0,1,0,0,0,1,0,0,1,0,1,0,0.5544138,False
91754,34.050322,-118.147037,44,84.8,3862.55,0,0,0,0,1,0,1,1,0,0,0,0,1,0,1,0,0,0,0,0,0,0,0,1,0,0,0,0.6319191,False
91761,34.035602,-117.591528,1,50.9,50.9,1,0,0,0,1,0,0,0,0,0,0,0,0,0,1,0,0,0,0,0,0,0,0,0,0,0,1,0.70579284,True
91768,34.067932,-117.785168,49,99.8,4872.45,1,0,1,0,1,0,1,1,0,0,0,0,0,0,1,0,0,0,1,0,1,0,0,1,0,1,0,0.745351,True
91770,34.065108,-118.082791,47,107.35,5118.95,1,0,1,0,1,0,1,1,0,0,0,0,0,0,1,0,1,0,1,0,1,0,0,1,0,0,0,0.6150813,False
91773,34.102119,-117.815532,31,19.55,658.95,0,0,1,0,1,0,0,0,1,1,0,1,0,1,0,1,0,1,0,1,0,0,0,1,0,0,1,0.29302064,False
91789,34.018354,-117.85492,3,79.1,246.5,0,0,0,0,1,0,0,1,0,0,1,0,1,0,0,0,0,0,0,0,0,0,0,1,0,1,0,0.7164332,True
91910,32.636792,-117.054989,8,25.5,215.2,1,0,0,0,0,1,0,0,0,0,0,0,0,0,0,0,0,0,0,0,0,0,0,0,0,0,1,0.69118017,False
91915,32.605012,-116.97595,2,80.75,159.45,0,0,0,0,1,0,0,1,0,0,0,0,0,0,0,0,0,0,0,0,1,0,0,0,0,1,0,0.7971157,True
91917,32.622999,-116.687855,65,91.85,5940.85,1,0,1,0,1,0,1,1,0,0,0,0,1,0,0,0,0,0,1,0,0,0,0,1,0,0,0,0.5559951,False
91934,32.649787,-116.2237,1,75.35,75.35,1,0,0,0,1,0,0,1,0,0,0,0,1,0,0,0,0,0,0,0,0,0,0,1,0,1,0,0.8272792,True
91935,32.695681,-116.798386,1,75.45,75.45,1,0,0,0,1,0,1,1,0,0,0,0,0,0,0,0,0,0,0,0,0,0,0,1,0,1,0,0.82998574,True
92003,33.290907,-117.202895,24,49.55,1210.4,1,0,0,0,1,0,0,0,0,0,1,0,0,0,0,0,0,0,0,0,0,0,0,1,0,0,0,0.46695378,False
92007,33.015866,-117.272254,69,78.6,5356.45,1,0,0,0,1,0,1,0,0,0,1,0,1,0,1,0,1,0,0,0,1,1,0,1,1,0,0,0.3123284,False
92014,32.948262,-117.256086,7,81.1,576.65,0,0,1,0,1,0,0,1,0,0,0,0,0,0,0,0,0,0,1,0,0,0,0,1,0,1,0,0.8119488,True
92024,33.054579,-117.25665,11,74.95,825.7,1,0,1,0,1,0,1,1,0,0,0,0,0,0,0,0,0,0,0,0,0,0,0,1,0,1,0,0.8008365,True
92026,33.21846,-117.116916,1,93.55,93.55,1,1,0,0,1,0,1,1,0,0,0,0,0,0,0,0,0,0,1,0,1,0,0,1,0,1,0,0.8381102,True
92037,32.853743,-117.25034,58,102.1,5885.4,0,0,1,0,1,0,1,1,0,0,0,0,0,0,1,0,1,0,1,0,1,0,0,1,1,0,0,0.62294257,False
92056,33.194742,-117.29032,14,90.9,1259.0,0,0,1,0,1,0,1,1,0,0,0,0,1,0,0,0,0,0,0,0,1,0,0,1,0,0,0,0.7356092,True
92057,33.254497,-117.285879,12,29.2,309.1,0,0,1,0,0,1,0,0,0,0,0,0,1,0,0,0,0,0,0,0,0,0,0,0,0,0,1,0.5228283,False
92060,33.309852,-116.823091,25,89.15,2257.75,0,0,1,0,1,0,0,1,0,0,0,0,1,0,1,0,0,0,1,0,0,0,0,1,0,0,0,0.638826,False
92061,33.313828,-116.940501,58,108.85,6287.25,1,1,1,0,1,0,1,1,0,0,1,0,1,0,1,0,0,0,1,0,1,1,0,1,0,1,0,0.54484665,False
92065,33.044541,-116.833922,16,84.75,1350.15,0,1,0,0,1,0,1,1,0,0,0,0,0,0,0,0,0,0,1,0,0,0,0,1,0,1,0,0.75675905,True
92069,33.162624,-117.170863,1,45.7,45.7,0,0,1,0,1,0,0,0,0,0,0,0,0,0,0,0,0,0,0,0,0,0,0,1,0,1,0,0.7707999,True
92071,32.847336,-116.997605,1,69.95,69.95,0,1,0,0,1,0,0,1,0,0,0,0,0,0,0,0,0,0,0,0,0,0,0,1,0,1,0,0.8332858,True
92082,33.25283,-116.986079,2,44.6,97.1,0,0,1,0,0,1,0,0,0,0,0,0,0,0,0,0,0,0,1,0,1,0,0,0,0,1,0,0.72690696,True
92083,33.17494,-117.242761,23,74.95,1710.45,1,0,0,0,1,0,1,1,0,0,0,0,0,0,0,0,0,0,0,0,0,0,0,1,0,1,0,0.75354004,True
92101,32.72523,-117.171346,57,95.25,5464.65,0,0,0,0,1,0,0,1,0,0,0,0,0,0,1,0,0,0,1,0,1,0,1,1,0,1,0,0.3722371,False
92102,32.716007,-117.117462,24,89.85,2165.05,1,0,0,0,1,0,1,1,0,0,0,0,0,0,1,0,0,0,1,0,0,0,0,1,0,0,1,0.6931231,False
92103,32.747484,-117.166877,49,100.45,4941.8,0,0,1,0,1,0,1,1,0,0,0,0,1,0,0,0,0,0,1,0,1,1,0,0,0,0,1,0.43198955,False
92104,32.741499,-117.127409,5,47.15,223.15,1,0,0,0,1,0,1,0,0,0,0,0,0,0,0,0,0,0,0,0,0,0,0,0,0,1,0,0.75011593,True
92105,32.741859,-117.090353,2,80.2,181.1,1,0,0,0,1,0,0,1,0,0,0,0,0,0,0,0,0,0,0,0,1,0,0,1,0,1,0,0.8144637,True
92106,32.71346,-117.236378,4,87.1,341.45,0,0,0,0,1,0,1,1,0,0,0,0,0,0,1,0,1,0,0,0,0,0,0,1,0,0,1,0.7566459,True
92108,32.774046,-117.142454,5,75.9,357.75,1,0,0,0,1,0,1,1,0,0,0,0,0,0,0,0,0,0,0,0,0,0,0,1,0,0,0,0.7897762,True
92110,32.76501,-117.19938,47,98.75,4533.7,0,0,1,0,1,0,1,1,0,0,1,0,1,0,1,0,0,0,1,0,0,0,0,1,0,1,0,0.6345734,False
92115,32.762506,-117.07245,10,86.45,830.85,0,0,0,0,1,0,1,1,0,0,0,0,0,0,0,0,0,0,0,0,1,0,0,0,0,1,0,0.7891907,True
92117,32.825086,-117.199424,1,45.3,45.3,0,0,0,0,1,0,0,0,0,0,0,0,0,0,0,0,0,0,0,0,0,0,0,1,0,0,1,0.74581116,True
92118,32.68674,-117.186612,67,104.1,7040.85,1,0,1,0,1,0,1,1,0,0,0,0,1,0,1,0,0,0,1,0,1,1,0,0,0,1,0,0.584602,False
92122,32.85723,-117.209774,5,81.0,371.65,0,1,1,0,1,0,1,1,0,0,0,0,1,0,0,0,0,0,0,0,0,0,0,1,0,1,0,0.8185315,True
92129,32.961064,-117.134917,67,90.6,6056.15,1,0,1,0,1,0,0,1,0,0,1,0,1,0,0,0,0,0,0,0,1,1,0,1,1,0,0,0.34605566,False
92139,32.677716,-117.047666,15,88.15,1390.6,0,0,1,0,1,0,0,1,0,0,0,0,0,0,0,0,0,0,1,0,1,0,0,0,0,1,0,0.726304,True
92154,32.578103,-117.012975,1,20.2,20.2,1,0,0,0,1,0,0,0,1,1,0,1,0,1,0,1,0,1,0,1,0,0,0,1,0,0,1,0.53152716,False
92211,33.762759,-116.324817,26,90.8,2361.8,0,0,1,0,1,0,0,1,0,0,0,0,0,0,0,0,0,0,1,0,1,0,0,1,0,1,0,0.69895107,False
92220,33.936298,-116.849577,22,79.35,1730.35,1,0,0,0,1,0,1,1,0,0,0,0,1,0,0,0,0,0,0,0,0,0,0,1,0,1,0,0.7348172,True
92239,33.889605,-115.257009,21,96.8,2030.3,1,1,0,0,1,0,0,1,0,0,0,0,0,0,1,0,0,0,1,0,1,0,0,1,0,0,0,0.6778538,False
92249,32.730583,-115.501083,47,83.35,4065.0,1,0,1,0,1,0,1,1,0,0,0,0,1,0,1,0,0,0,0,0,0,0,0,1,0,0,0,0.641425,False
92250,32.811001,-115.152865,2,49.4,106.55,0,0,0,0,1,0,1,0,0,0,0,0,0,0,0,0,0,0,0,0,0,0,0,1,0,1,0,0.7502426,True
92253,33.695532,-116.310571,22,79.2,1742.75,0,0,1,0,1,0,1,0,0,0,1,0,0,0,0,0,1,0,1,0,1,0,0,1,0,1,0,0.5148559,False
92258,33.906496,-116.569499,7,48.7,340.25,1,0,1,0,1,0,0,0,0,0,0,0,0,0,1,0,0,0,0,0,0,0,0,0,0,1,0,0.63151294,False
92270,33.763678,-116.429928,1,95.6,95.6,0,0,0,0,1,0,0,1,0,0,1,0,0,0,0,0,0,0,1,0,1,0,0,1,0,1,0,0.7773474,True
92273,32.790282,-115.689559,49,59.75,2934.3,0,0,0,0,1,0,1,0,0,0,1,0,1,0,0,0,0,0,0,0,0,0,0,1,1,0,0,0.3619021,False
92277,34.17211,-115.769773,43,108.15,4600.7,0,1,0,0,1,0,0,1,0,0,1,0,1,0,0,0,1,0,1,0,1,0,0,1,1,0,0,0.5432625,False
92281,33.03679,-115.60503,1,71.35,71.35,0,0,0,0,1,0,0,1,0,0,0,0,0,0,0,0,0,0,0,0,0,0,0,0,0,1,0,0.7886037,True
92304,34.559882,-115.637164,1,20.15,20.15,0,0,0,0,1,0,0,0,1,1,0,1,0,1,0,1,0,1,0,1,0,0,0,1,0,0,1,0.61284053,False
92305,34.1678,-116.86433,1,69.75,69.75,1,0,0,0,1,0,0,1,0,0,0,0,0,0,0,0,0,0,0,0,0,0,0,0,0,0,0,0.78502506,True
92307,34.55082,-117.122396,32,93.2,2931.0,0,1,1,0,1,0,1,1,0,0,0,0,0,0,0,0,0,0,1,0,1,0,0,1,0,1,0,0.74394155,True
92308,34.424926,-117.184503,17,80.85,1400.85,1,0,1,0,1,0,0,1,0,0,0,0,0,0,0,0,0,0,1,0,0,0,0,0,0,1,0,0.6853831,False
92309,35.28952,-116.092214,4,33.65,137.85,0,0,0,0,0,1,0,0,0,0,1,0,1,0,0,0,0,0,0,0,0,0,0,1,0,1,0,0.65323246,False
92321,34.255203,-117.175654,1,79.95,79.95,1,0,0,0,1,0,0,1,0,0,0,0,0,0,0,0,0,0,1,0,0,0,0,1,0,1,0,0.8381102,True
92324,34.030915,-117.273201,1,19.3,19.3,0,0,0,0,1,0,0,0,1,1,0,1,0,1,0,1,0,1,0,1,0,0,0,0,0,1,0,0.54702485,False
92333,34.274846,-116.937581,37,99.2,3754.6,0,0,1,0,1,0,1,1,0,0,1,0,0,0,1,0,1,0,0,0,1,1,0,1,0,1,0,0.54657274,False
92337,34.049671,-117.468896,8,85.2,627.4,0,0,1,0,1,0,1,1,0,0,0,0,0,0,0,0,0,0,0,0,1,0,0,1,1,0,0,0.7852077,True
92338,34.702766,-116.093376,3,75.25,242.0,0,0,0,0,1,0,1,1,0,0,0,0,0,0,0,0,0,0,0,0,0,0,0,0,0,1,0,0.7841801,True
92359,34.103578,-117.04054,1,54.35,54.35,1,0,0,0,1,0,1,0,0,0,0,0,0,0,1,0,0,0,0,0,0,0,0,0,0,1,0,0.72070664,True
92374,34.064073,-117.166158,5,24.95,100.4,1,0,1,0,0,1,0,0,0,0,0,0,0,0,0,0,0,0,0,0,0,0,0,1,0,1,0,0.7271987,True
92382,34.186211,-117.07683,40,42.35,1716.45,1,0,1,0,0,1,0,0,0,0,1,0,1,0,1,0,0,0,0,0,0,1,0,1,0,1,0,0.40448493,False
92386,34.243088,-116.830015,1,75.3,75.3,1,0,0,0,1,0,1,1,0,0,0,0,0,0,0,0,0,0,0,0,0,0,0,1,0,1,0,0.82998574,True
92389,35.824572,-116.274755,51,94.8,4837.6,1,0,0,0,1,0,1,1,0,0,1,0,1,0,0,0,0,0,1,0,0,1,0,1,0,1,0,0.58478665,False
92397,34.358321,-117.618263,1,70.55,70.55,0,1,0,0,1,0,0,1,0,0,0,0,0,0,0,0,0,0,0,0,0,0,0,1,0,1,0,0.8332858,True
92408,34.084909,-117.258107,33,86.15,2745.7,0,0,1,0,1,0,1,1,0,0,0,0,0,0,0,0,0,0,0,0,1,0,0,0,1,0,0,0.6444571,False
92539,33.527605,-116.666551,30,85.0,2624.25,0,0,1,0,1,0,1,1,0,0,0,0,0,0,0,0,0,0,0,0,1,0,0,1,0,1,0,0.7178383,True
92543,33.739415,-116.968339,2,80.55,184.1,0,0,0,0,1,0,0,1,0,0,0,0,0,0,0,0,0,0,0,0,1,0,0,0,0,1,0,0.7971157,True
92551,33.88274,-117.224878,2,75.8,160.75,0,0,0,0,1,0,0,1,0,0,0,0,0,0,1,0,0,0,0,0,0,0,0,1,0,1,0,0.8123839,True
92555,33.907361,-117.109972,29,98.5,3004.15,1,1,1,0,1,0,1,1,0,0,0,0,0,0,1,0,0,0,1,0,1,0,0,1,0,1,0,0.7653177,True
92563,33.581045,-117.14719,13,95.25,1233.65,1,1,1,0,1,0,1,1,0,0,0,0,0,0,0,0,0,0,1,0,1,0,0,1,0,1,0,0.8055124,True
92567,33.82769,-117.102244,7,74.4,527.9,1,1,1,0,1,0,1,1,0,0,0,0,0,0,0,0,0,0,0,0,0,0,0,1,0,0,1,0.7778018,True
92586,33.707483,-117.200006,30,85.15,2555.9,0,0,0,0,1,0,0,1,0,0,0,0,0,0,0,0,1,0,1,0,0,0,0,0,0,1,0,0.6405819,False
92606,33.703976,-117.824172,2,88.55,179.25,0,1,0,0,1,0,1,1,0,0,0,0,0,0,1,0,0,0,0,0,1,0,0,1,0,1,0,0.82069004,True
92610,33.698728,-117.67768,24,54.75,1338.15,1,0,1,1,1,0,1,0,0,0,1,0,0,0,0,0,0,0,0,0,0,0,0,0,0,1,0,0.30875963,False
92625,33.600987,-117.862734,1,91.3,91.3,0,1,0,0,1,0,0,1,0,0,0,0,0,0,0,0,0,0,1,0,1,0,0,1,0,1,0,0.8381102,True
92629,33.477923,-117.705314,1,79.5,79.5,1,0,0,0,1,0,0,1,0,0,0,0,0,0,0,0,0,0,1,0,0,0,0,1,0,1,0,0.8381102,True
92655,33.744439,-117.98588,7,70.1,467.55,1,1,1,0,1,0,0,1,0,0,0,0,0,0,0,0,0,0,0,0,0,0,0,1,0,0,1,0.7591682,True
92657,33.603282,-117.821841,67,111.3,7482.1,1,0,1,0,1,0,1,1,0,0,1,0,1,0,1,0,0,0,1,0,1,1,0,1,0,1,0,0.42441446,False
92661,33.601309,-117.902304,57,95.25,5427.05,1,1,1,0,1,0,1,1,0,0,0,0,1,0,1,0,0,0,0,0,1,0,0,1,0,0,0,0.50554043,False
92662,33.606336,-117.893042,7,86.25,587.1,0,0,1,0,1,0,0,1,0,0,0,0,0,0,1,0,0,0,1,0,0,0,0,1,0,1,0,0.8119488,True
92663,33.62251,-117.927024,1,100.8,100.8,0,1,1,0,1,0,1,1,0,0,0,0,0,0,1,0,0,0,1,0,1,0,0,1,0,1,0,0.8342029,True
92679,33.631119,-117.567346,14,86.3,1180.95,0,0,0,0,1,0,0,1,0,0,0,0,1,0,0,0,0,0,0,0,1,0,0,1,0,1,0,0.7733151,True
92705,33.766004,-117.786763,28,89.95,2625.55,0,0,0,0,1,0,1,1,0,0,0,0,1,0,0,0,0,0,0,0,1,0,0,1,0,1,0,0.74821633,True
92706,33.765893,-117.881533,17,76.45,1233.4,1,1,1,0,1,0,0,1,0,0,0,0,1,0,0,0,0,0,0,0,0,0,0,1,0,1,0,0.74303484,True
92804,33.818,-117.974404,10,70.0,740.0,1,0,0,0,1,0,0,1,0,0,0,0,0,0,0,0,0,0,0,0,0,0,0,1,0,1,0,0.7860244,True
92843,33.764018,-117.931507,34,64.4,2088.75,0,0,0,0,1,0,1,0,0,0,1,0,1,0,0,0,1,0,0,0,0,1,0,1,0,0,1,0.21195062,False
92845,33.782955,-118.026456,1,102.45,102.45,0,0,1,0,1,0,1,1,0,0,1,0,0,0,1,0,0,0,1,0,1,0,0,1,0,1,0,0.7773474,True
92886,33.897253,-117.792202,3,80.1,217.55,0,0,0,0,1,0,0,1,0,0,0,0,0,0,1,0,1,0,0,0,0,0,0,0,1,0,0,0.7271301,True
93001,34.360261,-119.306383,2,80.2,146.05,0,0,0,0,1,0,0,1,0,0,0,0,0,0,0,0,0,0,1,0,0,0,0,1,0,1,0,0.8162651,True
93003,34.279221,-119.221437,6,98.15,567.45,0,0,0,0,1,0,0,1,0,0,1,0,1,0,1,0,1,0,0,0,1,0,0,1,0,0,0,0.71253264,True
93010,34.227846,-119.079903,12,112.95,1384.75,1,0,0,0,1,0,1,1,0,0,0,0,1,0,1,0,1,0,1,0,1,0,0,1,0,0,1,0.70625794,True
93021,34.312945,-118.858169,1,70.9,70.9,0,0,0,0,1,0,0,1,0,0,0,0,0,0,0,0,0,0,0,0,0,0,0,0,0,0,1,0.78502506,True
93022,34.404544,-119.302118,3,86.85,220.95,0,1,0,0,1,0,0,1,0,0,0,0,0,0,1,0,0,0,1,0,0,0,0,1,0,1,0,0.8162651,True
93035,34.18454,-119.224666,23,99.85,2331.3,1,0,1,0,1,0,0,1,0,0,1,0,0,0,0,0,1,0,1,0,1,0,0,1,0,1,0,0.7148107,True
93040,34.432843,-118.730106,1,74.5,74.5,1,0,1,0,1,0,1,1,0,0,0,0,0,0,0,0,0,0,0,0,0,0,0,1,0,1,0,0.8332858,True
93060,34.402343,-119.094824,65,109.15,6941.2,1,0,0,0,1,0,1,1,0,0,0,0,1,0,1,0,1,0,1,0,1,0,0,1,0,1,0,0.6463893,False
93067,34.420998,-119.60137,16,65.2,1043.35,0,0,0,0,1,0,1,0,0,0,0,0,0,0,1,0,0,0,0,0,1,0,0,1,1,0,0,0.50363314,False
93101,34.419203,-119.710008,66,99.5,6822.15,1,1,1,0,1,0,1,1,0,0,0,0,0,0,1,0,0,0,1,0,1,0,0,1,1,0,0,0.5587715,False
93103,34.438581,-119.685368,1,71.55,71.55,1,0,0,0,1,0,0,1,0,0,0,0,0,0,0,0,0,0,0,0,0,0,0,1,0,0,1,0.8061753,True
93108,34.457541,-119.631072,53,93.9,5029.2,1,0,1,0,1,0,1,1,0,0,1,0,0,0,1,0,0,0,0,0,1,0,0,0,0,1,0,0.61102515,False
93110,34.437945,-119.77191,69,108.4,7318.2,1,1,1,0,1,0,1,1,0,0,0,0,1,0,1,0,1,0,1,0,1,0,1,1,0,0,0,0.3952653,False
93201,35.869626,-119.498771,13,48.75,633.4,0,0,1,0,0,1,0,0,0,0,0,0,0,0,1,0,0,0,1,0,1,0,0,1,0,0,0,0.5621326,False
93202,36.315979,-119.710852,4,85.65,321.65,0,0,0,0,1,0,1,1,0,0,0,0,0,0,0,0,0,0,1,0,0,0,0,1,0,1,0,0.82244414,True
93205,35.523991,-118.400432,12,106.7,1253.9,1,0,0,0,1,0,1,1,0,0,0,0,1,0,1,0,0,0,1,0,1,0,0,1,0,1,0,0.80581874,True
93206,35.451402,-119.488413,1,25.15,25.15,1,0,0,0,0,1,0,0,0,0,0,0,0,0,0,0,0,0,0,0,0,0,0,1,0,1,0,0.7749278,True
93208,36.057458,-118.591951,54,110.35,5893.15,0,0,1,0,1,0,1,1,0,0,0,0,1,0,1,0,1,0,1,0,1,1,0,0,0,1,0,0.6224443,False
93215,35.772244,-119.209689,48,103.25,5037.55,0,0,1,0,1,0,1,1,0,0,1,0,1,0,0,0,0,0,1,0,1,1,0,1,1,0,0,0.60306036,False
93221,36.301689,-119.018233,2,47.8,92.45,1,0,0,0,1,0,0,0,0,0,1,0,0,0,0,0,0,0,0,0,0,0,0,1,0,1,0,0.71752024,True
93251,35.38381,-119.730885,29,98.6,2933.2,0,0,0,0,1,0,1,1,0,0,0,0,0,0,1,0,0,0,1,0,1,0,0,1,1,0,0,0.6962571,False
93252,34.737031,-119.460557,15,83.05,1258.3,0,1,1,0,1,0,1,1,0,0,0,0,0,0,1,0,1,0,0,0,0,0,0,1,0,1,0,0.7570794,True
93268,35.184837,-119.402525,17,70.4,1214.05,1,0,1,0,1,0,0,1,0,0,0,0,0,0,0,0,0,0,0,0,0,0,0,1,0,0,0,0.6782613,False
93270,35.939068,-119.043666,56,104.75,5510.65,0,1,0,0,1,0,1,1,0,0,0,0,1,0,1,0,0,0,1,0,1,1,0,1,0,0,0,0.6305645,False
93272,36.047414,-119.344304,21,94.25,1973.75,0,1,0,0,1,0,1,1,0,0,0,0,0,0,0,0,0,0,1,0,1,0,0,1,0,1,0,0.78114694,True
93402,35.279984,-120.824288,1,45.95,45.95,0,0,0,1,1,0,0,0,0,0,0,0,0,0,0,0,0,0,0,0,0,0,0,0,0,0,1,0.5946279,False
93426,35.842889,-121.004862,1,70.15,70.15,0,1,0,0,1,0,0,1,0,0,0,0,0,0,0,0,0,0,0,0,0,0,0,1,0,1,0,0.8332858,True
93427,34.631362,-120.238218,1,85.55,85.55,0,0,0,0,1,0,0,1,0,0,0,0,0,0,1,0,0,0,1,0,0,0,0,1,1,0,0,0.79170525,True
93442,35.369553,-120.763864,35,70.3,2416.55,0,0,1,0,1,0,0,1,0,0,0,0,0,0,0,0,0,0,0,0,0,0,0,1,0,1,0,0.70799536,True
93444,35.050345,-120.489599,32,106.35,3520.75,1,1,1,0,1,0,1,1,0,0,0,0,1,0,1,0,0,0,1,0,1,0,0,0,0,0,0,0.6424548,False
93465,35.536115,-120.739231,33,103.7,3467.0,0,0,1,0,1,0,1,1,0,0,1,0,0,0,1,0,0,0,1,0,1,1,0,1,0,0,1,0.6276346,False
93512,37.653947,-118.231443,1,88.35,88.35,1,0,0,0,1,0,0,1,0,0,0,0,0,0,0,0,0,0,1,0,1,0,0,1,0,1,0,0.8381102,True
93526,36.869584,-118.189241,8,94.2,777.3,0,0,1,0,1,0,0,1,0,0,0,0,0,0,1,0,0,0,1,0,1,0,0,1,0,1,0,0.82247937,True
93527,36.041315,-118.188235,5,96.25,512.45,0,0,0,0,1,0,0,1,0,0,0,0,1,0,0,0,0,0,1,0,1,0,0,1,0,1,0,0.81687725,True
93528,35.363339,-117.637641,2,70.7,141.45,0,0,1,0,1,0,0,1,0,0,0,0,0,0,0,0,0,0,0,0,0,0,0,1,0,1,0,0.80137336,True
93534,34.727529,-118.153098,42,33.55,1445.3,0,0,1,0,0,1,0,0,0,0,0,0,1,0,0,0,1,0,0,0,0,1,0,0,0,0,1,0.27839562,False
93541,37.890145,-119.184087,40,94.55,3640.45,0,1,1,0,1,0,1,1,0,0,0,0,0,0,0,0,0,0,1,0,1,0,0,1,1,0,0,0.6759374,False
93553,34.445239,-117.894868,57,112.95,6465.0,0,0,0,0,1,0,1,1,0,0,1,0,1,0,1,0,0,0,1,0,1,0,1,1,0,0,0,0.31530604,False
93560,34.903052,-118.411251,1,35.9,35.9,1,0,0,0,0,1,0,0,0,0,0,0,0,0,0,0,0,0,0,0,1,0,0,0,0,1,0,0.7409358,True
93561,35.073777,-118.652112,38,99.25,3777.15,1,0,0,0,1,0,1,1,0,0,0,0,0,0,1,0,0,0,1,0,1,0,0,1,0,0,0,0.6953864,False
93591,34.598221,-117.79593,2,24.45,47.5,1,1,0,0,0,1,0,0,0,0,0,0,0,0,0,0,0,0,0,0,0,0,0,1,0,0,1,0.71301895,True
93608,36.488056,-120.407691,8,103.35,847.3,0,0,0,0,1,0,1,1,0,0,1,0,0,0,0,0,1,0,1,0,1,0,0,1,0,0,0,0.743555,True
93612,36.814539,-119.711868,7,84.8,546.95,1,1,0,0,1,0,1,1,0,0,0,0,0,0,0,0,0,0,1,0,0,0,0,1,0,1,0,0.82244414,True
93615,36.497895,-119.285484,31,99.95,3186.65,0,1,0,0,1,0,1,1,0,0,0,0,1,0,0,0,0,0,1,0,1,0,0,1,0,1,0,0.74805176,True
93618,36.523619,-119.386868,18,90.0,1527.35,0,0,0,0,1,0,1,1,0,0,0,0,1,0,0,0,0,0,1,0,0,0,0,1,1,0,0,0.7001401,True
93621,36.789213,-119.140338,14,104.85,1531.4,0,1,0,0,1,0,1,1,0,0,0,0,1,0,1,0,0,0,1,0,1,0,0,1,0,1,0,0.7840829,True
93624,36.397745,-120.119911,28,106.1,2847.4,1,0,1,0,1,0,1,1,0,0,1,0,1,0,0,0,0,0,1,0,1,1,0,0,0,1,0,0.6124271,False
93625,36.625792,-119.672483,15,74.2,1133.9,1,1,0,0,1,0,1,1,0,0,0,0,0,0,0,0,0,0,0,0,0,0,0,1,1,0,0,0.7386093,True
93628,36.807595,-118.901544,5,89.35,461.7,0,0,0,0,1,0,0,1,0,0,0,0,1,0,0,0,1,0,0,0,1,0,0,1,0,1,0,0.8046104,True
93643,37.244307,-119.470256,1,77.15,77.15,0,0,0,0,1,0,1,1,0,0,0,0,0,0,0,0,0,0,0,0,0,0,0,1,0,1,0,0.834597,True
93644,37.648647,-119.231447,1,35.25,35.25,1,0,0,0,0,1,0,0,0,0,0,0,0,0,0,0,0,0,0,0,1,0,0,1,0,0,0,0.7419262,True
93647,36.600185,-119.175655,4,48.55,201.0,1,0,1,0,0,1,0,0,0,0,0,0,1,0,0,0,0,0,1,0,1,0,0,1,0,1,0,0.7056429,True
93651,37.007238,-119.505661,53,98.4,5149.5,0,0,1,0,1,0,1,1,0,0,0,0,1,0,0,0,0,0,1,0,1,0,0,1,1,0,0,0.66771334,False
93665,36.959731,-120.653519,59,93.85,5574.75,1,1,1,0,1,0,1,1,0,0,0,0,0,0,0,0,0,0,1,0,1,0,0,1,0,0,0,0.5620677,False
93668,36.635661,-120.288644,46,100.7,4541.2,1,1,1,0,1,0,1,1,0,0,1,0,1,0,1,0,0,0,1,0,0,0,0,1,0,1,0,0.64639896,False
93673,36.456091,-119.486225,14,80.45,1072.0,0,0,0,0,1,0,1,1,0,0,0,0,0,0,1,0,0,0,0,0,0,0,0,1,0,1,0,0.79400086,True
93702,36.739385,-119.753649,31,55.25,1715.65,1,0,0,0,1,0,0,0,0,0,0,0,0,0,1,0,1,0,0,0,0,0,0,1,0,1,0,0.43649337,False
93706,36.654614,-119.903674,13,54.45,706.85,1,0,1,0,0,1,0,0,0,0,1,0,0,0,0,0,1,0,1,0,1,0,0,1,0,1,0,0.5923747,False
93711,36.833002,-119.82947,35,75.35,2636.05,1,0,0,0,1,0,1,1,0,0,0,0,0,0,0,0,0,0,0,0,0,0,0,0,1,0,0,0.5891623,False
93906,36.722898,-121.633648,2,75.7,189.2,1,0,0,0,1,0,0,1,0,0,1,0,0,0,0,0,0,0,0,0,0,0,0,1,0,1,0,0.7072064,True
93924,36.414611,-121.6386,1,74.25,74.25,1,0,0,0,1,0,1,1,0,0,0,0,0,0,0,0,0,0,0,0,0,0,0,1,0,0,1,0.8061753,True
93928,35.930782,-121.189757,25,89.7,2187.55,0,1,0,0,1,0,1,1,0,0,0,0,1,0,0,0,0,0,0,0,1,0,0,1,0,1,0,0.76052684,True
93932,35.989792,-121.055933,16,96.4,1581.2,0,1,0,0,1,0,1,1,0,0,0,0,0,0,0,0,0,0,1,0,1,0,0,1,0,1,0,0.78938794,True
93933,36.689582,-121.758398,1,69.5,69.5,1,1,0,0,1,0,0,1,0,0,0,0,0,0,0,0,0,0,0,0,0,0,0,1,0,0,0,0.8061753,True
93954,36.125529,-120.864443,36,85.25,3132.75,1,1,1,0,1,0,1,1,0,0,0,0,0,0,0,0,0,0,0,0,1,0,0,1,1,0,0,0.67107964,False
94005,37.684694,-122.40712,1,19.4,19.4,1,0,0,0,1,0,0,0,1,1,0,1,0,1,0,1,0,1,0,1,0,0,0,0,0,0,1,0.5077278,False
94010,37.57028,-122.365778,9,83.3,803.3,0,0,0,0,1,0,1,1,0,0,0,0,0,0,0,0,0,0,0,0,1,0,0,1,0,1,0,0.81612056,True
94014,37.691561,-122.445202,8,80.1,679.3,0,0,0,0,1,0,0,1,0,0,0,0,0,0,0,0,0,0,1,0,0,0,0,1,0,0,0,0.78709394,True
94015,37.680844,-122.48131,45,62.7,2791.5,1,1,0,0,1,0,0,0,0,0,1,0,0,0,1,0,0,0,0,0,1,1,0,0,1,0,0,0.33936664,False
94027,37.454924,-122.203168,25,25.3,676.35,1,0,0,0,1,0,1,0,1,1,0,1,0,1,0,1,0,1,0,1,0,1,0,0,0,0,0,0.18841481,False
94043,37.419725,-122.062947,13,98.15,1230.25,1,0,0,0,1,0,1,1,0,0,1,0,0,0,0,0,0,0,1,0,1,0,0,0,0,0,1,0.6979167,False
94105,37.789168,-122.395009,46,93.7,4154.8,1,0,0,0,1,0,1,1,0,0,1,0,1,0,0,0,0,0,0,0,1,0,0,1,0,1,0,0.6196284,False
94109,37.794487,-122.42227,25,105.95,2655.25,1,1,0,0,1,0,1,1,0,0,0,0,1,0,1,0,0,0,1,0,1,0,0,0,0,0,1,0.66085076,False
94110,37.750021,-122.415201,18,82.0,1425.45,1,0,0,0,1,0,1,0,0,0,0,0,0,0,1,0,1,0,1,0,1,1,0,1,1,0,0,0.41565368,False
94114,37.758085,-122.434801,60,95.75,5742.9,1,0,1,0,1,0,1,1,0,0,0,0,1,0,1,0,0,0,1,0,0,0,0,1,0,1,0,0.62674266,False
94117,37.770533,-122.445121,30,94.05,2866.45,1,0,1,0,1,0,1,1,0,0,0,0,0,0,0,0,0,0,1,0,1,0,0,1,1,0,0,0.7115964,True
94122,37.760412,-122.484966,1,54.75,54.75,0,0,0,0,1,0,0,0,0,0,0,0,0,0,0,0,0,0,0,0,1,0,0,1,0,0,1,0.7321654,True
94123,37.800254,-122.436975,39,95.65,3759.05,1,1,0,0,1,0,1,1,0,0,0,0,0,0,0,0,0,0,1,0,1,0,0,1,0,0,0,0.7028262,True
94129,37.797526,-122.464531,1,94.6,94.6,0,0,0,0,1,0,1,1,0,0,0,0,0,0,0,0,0,0,1,0,1,0,0,1,0,1,0,0.8381102,True
94130,37.820894,-122.369725,31,98.9,2911.3,0,1,1,0,1,0,0,1,0,0,0,0,0,0,1,0,1,0,1,0,1,0,0,1,0,1,0,0.6785722,False
94402,37.556634,-122.317723,3,76.05,231.8,1,1,0,0,1,0,1,1,0,0,0,0,0,0,0,0,0,0,0,0,0,0,0,1,0,1,0,0.8186645,True
94520,38.013825,-122.039144,1,69.75,69.75,1,1,0,0,1,0,0,1,0,0,0,0,0,0,0,0,0,0,0,0,0,0,0,1,0,1,0,0.8332858,True
94521,37.971421,-121.971504,7,34.5,279.25,1,0,1,1,0,1,0,0,0,0,1,0,0,0,0,0,1,0,0,0,0,0,0,1,0,1,0,0.39593536,False
94523,37.95338,-122.076886,61,105.55,6281.45,1,0,1,0,1,0,1,1,0,0,0,0,1,0,1,0,0,0,1,0,1,0,0,1,0,1,0,0.71622,True
94525,38.049292,-122.228415,39,30.1,1131.3,0,0,0,1,0,1,0,0,0,0,0,0,0,0,1,0,0,0,0,0,0,0,0,0,1,0,0,0.40544078,False
94526,37.815459,-121.977203,10,70.3,738.2,1,0,1,0,1,0,0,1,0,0,0,0,0,0,0,0,0,0,0,0,0,0,0,1,0,1,0,0.7860244,True
94533,38.287136,-122.02711,1,80.2,80.2,0,0,0,0,1,0,1,1,0,0,0,0,1,0,0,0,0,0,0,0,0,0,0,1,0,0,1,0.7972264,True
94535,38.265899,-121.939461,67,94.35,6341.45,0,0,1,0,1,0,1,1,0,0,1,0,0,0,0,0,1,0,0,0,1,1,0,1,1,0,0,0.39260054,False
94538,37.505768,-121.962472,6,44.6,260.8,1,0,1,1,1,0,0,0,0,0,0,0,0,0,0,0,0,0,0,0,0,0,0,1,0,0,0,0.38377094,False
94539,37.516791,-121.899117,1,19.6,19.6,0,0,0,0,1,0,0,0,1,1,0,1,0,1,0,1,0,1,0,1,0,0,0,1,0,0,1,0.5639864,False
94542,37.656695,-122.048361,33,110.45,3655.45,0,1,0,0,1,0,1,1,0,0,0,0,1,0,1,0,1,0,1,0,1,0,0,1,0,1,0,0.7121786,True
94556,37.827946,-122.107185,2,70.7,140.7,1,0,0,0,1,0,0,1,0,0,0,0,0,0,0,0,0,0,0,0,0,0,0,0,1,0,0,0.74441177,True
94559,38.232389,-122.324944,7,99.25,665.45,1,1,1,0,1,0,1,1,0,0,0,0,0,0,1,0,0,0,1,0,1,0,0,1,0,1,0,0.82849336,True
94563,37.873916,-122.20522,1,84.8,84.8,1,0,1,0,1,0,0,1,0,0,0,0,0,0,0,0,1,0,1,0,0,0,0,1,0,1,0,0.79912037,True
94567,38.672708,-122.403219,52,105.0,5426.85,1,0,0,0,1,0,0,1,0,0,0,0,1,0,1,0,1,0,1,0,1,1,0,1,0,0,0,0.5106032,False
94568,37.713926,-121.928425,22,54.45,1127.35,1,0,0,0,1,0,1,0,0,0,1,0,0,0,0,0,0,0,0,0,0,0,0,1,0,1,0,0.59309804,False
94572,38.027218,-122.23463,47,85.3,4045.65,0,0,1,0,1,0,0,1,0,0,0,0,0,0,1,0,0,0,0,0,1,0,0,1,0,1,0,0.6760202,False
94574,38.581354,-122.296283,33,83.35,2757.85,0,0,0,0,1,0,1,1,0,0,0,0,0,0,0,0,0,0,0,0,1,0,0,1,0,1,0,0.7483851,True
94576,38.554383,-122.474773,18,33.5,600.0,1,0,0,0,0,1,0,0,0,0,0,0,1,0,1,0,0,0,0,0,0,0,0,1,1,0,0,0.5266736,False
94586,37.587494,-121.862856,24,90.35,2238.5,1,0,0,0,1,0,0,1,0,0,0,0,0,0,0,0,0,0,1,0,1,0,0,1,0,1,0,0.7363501,True
94589,38.161321,-122.271588,1,90.75,90.75,1,0,1,0,1,0,0,1,0,0,0,0,0,0,0,0,0,0,1,0,1,0,0,1,0,1,0,0.8342029,True
94590,38.104705,-122.247387,4,89.6,365.65,0,0,0,0,1,0,1,1,0,0,0,0,1,0,0,0,0,0,1,0,0,0,0,0,0,0,1,0.74882185,True
94601,37.776523,-122.219268,2,49.25,90.35,1,0,0,0,0,1,0,0,0,0,0,0,0,0,1,0,0,0,1,0,1,0,0,1,0,1,0,0.74199295,True
94608,37.83726,-122.287648,1,19.75,19.75,1,0,0,1,1,0,0,0,1,1,0,1,0,1,0,1,0,1,0,1,0,0,0,0,0,0,1,0.5251279,False
94609,37.834341,-122.26437,19,95.15,1789.25,0,0,0,0,1,0,1,1,0,0,1,0,1,0,0,0,0,0,0,0,1,0,0,1,0,1,0,0.70018107,True
94618,37.84551,-122.235181,22,101.35,2317.1,1,0,0,0,1,0,1,1,0,0,1,0,0,0,0,0,0,0,1,0,1,0,0,1,0,0,0,0.7177817,True
94703,37.863843,-122.275684,4,70.05,266.9,0,0,0,0,1,0,0,1,0,0,0,0,0,0,0,0,0,0,0,0,0,0,0,1,1,0,0,0.7570173,True
94705,37.858898,-122.240512,4,74.65,301.4,1,0,1,0,1,0,1,1,0,0,0,0,0,0,0,0,0,0,0,0,0,0,0,1,0,1,0,0.80793536,True
94708,37.897743,-122.263124,4,50.4,206.6,1,0,0,0,1,0,1,0,0,0,0,0,0,0,0,0,0,0,0,0,0,0,0,0,0,0,1,0.6304513,False
94709,37.878554,-122.26609,7,79.65,604.7,0,0,0,0,1,0,1,1,0,0,1,0,0,0,0,0,0,0,0,0,0,0,0,1,0,0,1,0.6707853,False
94803,37.963995,-122.288296,19,79.85,1471.75,1,1,0,0,1,0,1,1,0,0,0,0,0,0,1,0,0,0,0,0,0,0,0,1,0,1,0,0.755477,True
94805,37.941456,-122.320968,5,78.75,412.1,1,0,1,0,1,0,1,1,0,0,0,0,1,0,0,0,0,0,0,0,0,0,0,1,0,1,0,0.8185315,True
94901,37.972662,-122.491452,8,80.45,583.45,1,1,1,0,1,0,0,1,0,0,0,0,0,0,0,0,0,0,1,0,0,0,0,1,1,0,0,0.7752105,True
94937,38.099323,-122.945723,1,50.1,50.1,0,0,0,0,1,0,1,0,0,0,0,0,0,0,0,0,0,0,0,0,0,0,0,1,0,0,1,0.7321654,True
94940,38.129308,-122.834815,2,76.4,151.8,1,0,1,0,1,0,0,1,0,0,0,0,0,0,1,0,0,0,0,0,0,0,0,0,0,1,0,0.7929318,True
94941,37.901371,-122.572024,3,98.7,293.65,1,0,0,0,1,0,0,1,0,0,0,0,0,0,1,0,1,0,1,0,1,0,0,1,0,1,0,0.79670334,True
94945,38.135897,-122.563683,13,100.8,1308.1,0,1,0,0,1,0,1,1,0,0,1,0,0,0,0,0,0,0,1,0,1,0,0,1,0,1,0,0.772769,True
94949,38.067204,-122.524004,28,90.1,2598.95,0,0,1,0,1,0,0,1,0,0,0,0,0,0,0,0,0,0,1,0,1,1,0,1,0,0,0,0.5383211,False
94965,37.848641,-122.515692,15,51.55,765.5,1,0,0,0,1,0,1,0,0,0,0,0,0,0,0,0,0,0,0,0,0,0,0,0,0,1,0,0.6083763,False
94970,37.921137,-122.657562,10,79.25,793.55,1,1,0,0,1,0,0,1,0,0,0,0,0,0,0,0,0,0,0,0,1,0,0,1,0,1,0,0.8097723,True
95004,36.878364,-121.629781,5,94.85,462.8,1,0,0,0,1,0,1,1,0,0,0,0,0,0,0,0,0,0,1,0,1,0,0,1,0,0,0,0.80968463,True
95006,37.171727,-122.142961,2,85.7,169.8,0,0,0,0,1,0,1,1,0,0,0,0,0,0,0,0,0,0,0,0,1,0,0,1,0,1,0,0.82069004,True
95030,37.222842,-121.988727,1,44.4,44.4,0,0,0,0,1,0,0,0,0,0,0,0,0,0,0,0,0,0,0,0,0,0,0,0,0,0,1,0.70083046,True
95032,37.233034,-121.947427,5,89.5,477.7,1,1,0,0,1,0,0,1,0,0,0,0,0,0,0,0,0,0,1,0,1,0,0,1,0,1,0,0.8230926,True
95039,36.863303,-121.781632,1,86.05,86.05,1,1,1,0,1,0,1,1,0,0,0,0,0,0,0,0,0,0,1,0,0,0,0,1,0,1,0,0.8342029,True
95045,36.810568,-121.503022,4,44.55,174.3,1,0,0,0,0,1,0,0,0,0,0,0,0,0,0,0,0,0,1,0,1,0,0,1,0,1,0,0.7242795,True
95054,37.393554,-121.965114,31,35.4,1077.5,1,0,1,1,0,1,0,0,0,0,1,0,0,0,0,0,1,0,0,0,0,0,0,0,0,0,0,0.26659814,False
95060,36.993451,-122.098858,1,95.65,95.65,0,0,0,0,1,0,1,1,0,0,0,0,0,0,0,0,0,0,1,0,1,0,0,0,0,0,1,0.7955214,True
95065,37.031404,-121.981865,1,20.95,20.95,0,0,0,0,1,0,0,0,1,1,0,1,0,1,0,1,0,1,0,1,0,0,0,0,0,0,1,0.5471011,False
95110,37.34667,-121.910019,10,34.7,329.8,0,1,0,0,0,1,0,0,0,0,0,0,0,0,0,0,0,0,0,0,1,0,0,1,0,1,0,0.6497134,False
95120,37.186141,-121.843554,15,19.75,297.3,0,0,0,0,1,0,0,0,1,1,0,1,0,1,0,1,0,1,0,1,0,0,0,0,0,0,0,0.2872758,False
95121,37.304681,-121.809955,17,92.55,1515.1,1,0,1,0,1,0,1,1,0,0,0,0,0,0,0,0,0,0,1,0,1,0,0,1,0,1,0,0.77197975,True
95126,37.327069,-121.916819,53,60.05,3229.65,1,1,1,0,1,0,1,0,0,0,1,0,0,0,0,0,1,0,0,0,0,1,0,1,0,1,0,0.33854845,False
95127,37.375156,-121.795867,16,74.3,1178.25,1,1,1,0,1,0,0,1,0,0,0,0,1,0,0,0,0,0,0,0,0,0,0,1,1,0,0,0.7090326,True
95130,37.277592,-121.986477,9,85.35,758.6,1,0,0,0,1,0,1,1,0,0,0,0,0,0,0,0,0,0,1,0,0,0,0,1,0,1,0,0.8179095,True
95131,37.387027,-121.897775,25,74.3,1863.8,0,0,0,0,1,0,0,0,0,0,1,0,1,0,1,0,1,0,1,0,0,1,0,0,0,0,1,0.3010952,False
95135,37.28682,-121.723877,4,98.1,396.3,0,0,0,0,1,0,0,1,0,0,0,0,0,0,1,0,1,0,1,0,1,0,0,1,0,0,0,0.762467,True
95202,37.959706,-121.287669,50,109.65,5551.15,0,0,0,0,1,0,1,1,0,0,1,0,1,0,0,0,1,0,1,0,1,0,1,1,0,1,0,0.43518162,False
95207,38.002125,-121.324979,9,74.55,622.9,0,1,0,0,1,0,1,1,0,0,0,0,0,0,0,0,0,0,0,0,0,0,0,1,0,1,0,0.8031189,True
95210,38.033219,-121.297433,3,100.95,329.95,1,0,0,0,1,0,1,1,0,0,0,0,0,0,1,0,0,0,1,0,1,0,0,1,0,1,0,0.83250827,True
95212,38.049457,-121.21653,10,94.9,1048.85,1,0,0,0,1,0,0,1,0,0,0,0,0,0,1,0,0,0,1,0,1,0,0,1,0,1,0,0.80863076,True
95222,38.071327,-120.632221,32,104.9,3351.55,1,1,1,0,1,0,1,1,0,0,0,0,0,0,1,0,1,0,1,0,1,0,0,1,0,1,0,0.73465794,True
95224,38.208336,-120.339938,9,24.1,259.8,1,0,1,0,0,1,0,0,0,0,0,0,0,0,0,0,0,0,0,0,0,1,0,0,0,0,0,0.4042717,False
95233,38.184914,-120.364085,66,104.05,6890.0,1,0,1,0,1,0,1,1,0,0,0,0,1,0,0,0,1,0,1,0,1,1,0,1,0,1,0,0.601987,False
95240,38.123544,-121.159078,3,88.35,262.05,1,0,0,0,1,0,0,1,0,0,0,0,0,0,1,0,1,0,1,0,0,0,0,1,0,0,1,0.7526457,True
95246,38.264262,-120.515133,29,94.65,2649.15,1,0,1,0,1,0,0,1,0,0,1,0,0,0,0,0,0,0,1,0,1,0,0,0,1,0,0,0.6436339,False
95250,38.244806,-120.417301,1,74.4,74.4,1,1,1,0,1,0,1,1,0,0,0,0,0,0,0,0,0,0,0,0,0,0,0,1,0,1,0,0.8332858,True
95251,38.055562,-120.456298,41,79.9,3326.2,0,0,1,1,1,0,1,0,0,0,1,0,1,0,1,0,1,0,0,0,1,0,0,0,1,0,0,0.23311672,False
95303,37.4695,-120.672724,8,69.7,560.85,1,1,0,0,1,0,0,1,0,0,0,0,0,0,0,0,0,0,0,0,0,0,0,1,0,1,0,0.79115033,True
95306,37.394411,-120.127262,12,98.1,1060.2,0,1,1,0,1,0,1,1,0,0,0,0,1,0,1,0,0,0,1,0,0,0,0,1,0,1,0,0.80787694,True
95315,37.422961,-120.765493,1,20.5,20.5,0,0,0,0,1,0,0,0,1,1,0,1,0,1,0,1,0,1,0,1,0,0,0,0,0,0,1,0.5655737,False
95323,37.605926,-120.69955,4,99.6,347.65,0,1,1,0,1,0,1,1,0,0,1,0,0,0,0,0,0,0,1,0,1,0,0,1,0,1,0,0.7732692,True
95348,37.40122,-120.514191,1,81.95,81.95,0,0,0,0,1,0,0,1,0,0,0,0,0,0,0,0,0,0,0,0,1,0,0,1,0,1,0,0.834597,True
95350,37.671806,-121.007575,7,69.35,451.1,1,0,1,0,1,0,0,1,0,0,0,0,0,0,0,0,0,0,0,0,0,0,0,1,0,1,0,0.79115033,True
95360,37.343846,-121.039391,6,91.1,455.3,0,0,0,0,1,0,0,1,0,0,0,0,0,0,0,0,0,0,1,0,1,0,0,1,0,1,0,0.8230926,True
95363,37.410236,-121.320337,14,86.1,1235.55,1,0,1,0,1,0,1,1,0,0,0,0,0,0,0,0,0,0,1,0,0,0,0,1,0,1,0,0.7872249,True
95365,37.329725,-120.306399,25,94.7,2362.1,1,0,0,0,1,0,1,1,0,0,0,0,0,0,0,0,0,0,1,0,1,0,0,1,0,0,0,0.73116773,True
95367,37.734971,-120.954271,22,85.1,1873.7,1,0,1,0,1,0,1,1,0,0,0,0,0,0,0,0,0,0,0,0,1,0,0,1,0,1,0,0.7544525,True
95369,37.521708,-120.426843,61,99.15,6010.05,0,0,1,0,1,0,1,1,0,0,0,0,1,0,0,0,0,0,1,0,1,0,0,1,0,1,0,0.6436376,False
95372,37.990574,-120.261821,70,102.95,7101.5,1,1,1,0,1,0,1,1,0,0,0,0,1,0,1,0,0,0,1,0,1,0,0,1,0,1,0,0.71298563,True
95386,37.669516,-120.626964,1,45.05,45.05,1,0,0,0,1,0,0,0,0,0,0,0,0,0,0,0,0,0,0,0,0,0,0,1,0,0,1,0.7419262,True
95387,37.546007,-121.28257,1,71.0,71.0,0,1,0,0,1,0,0,1,0,0,0,0,0,0,0,0,0,0,0,0,0,0,0,1,0,1,0,0.8332858,True
95389,37.704267,-119.607001,47,70.55,3309.25,0,1,1,0,1,0,0,1,0,0,0,0,0,0,0,0,0,0,0,0,0,0,0,0,0,0,0,0.57888687,False
95401,38.460517,-122.790335,1,79.7,79.7,0,0,0,0,1,0,0,1,0,0,0,0,0,0,0,0,0,0,0,0,1,0,0,1,0,1,0,0.834597,True
95404,38.526941,-122.709096,22,59.0,1254.7,1,0,0,0,1,0,1,0,0,0,1,0,1,0,0,0,0,0,0,0,0,0,0,0,0,1,0,0.56311285,False
95405,38.439696,-122.668817,48,60.35,2896.4,0,0,0,0,1,0,0,0,0,0,1,0,0,0,1,0,1,0,0,0,0,1,0,1,1,0,0,0.27873924,False
95417,39.710591,-123.682799,1,69.25,69.25,0,1,1,0,1,0,0,1,0,0,0,0,0,0,0,0,0,0,0,0,0,0,0,1,0,1,0,0.8332858,True
95423,39.07116,-122.598542,25,70.95,1767.35,1,0,0,0,1,0,0,1,0,0,0,0,0,0,0,0,0,0,0,0,0,0,0,0,0,0,1,0.583025,False
95427,39.239818,-123.565432,20,89.0,1820.45,1,0,1,0,1,0,0,1,0,0,0,0,0,0,0,0,0,0,1,0,1,0,0,1,0,0,1,0.6858269,False
95428,39.83307,-123.178765,18,99.4,1742.95,1,0,1,0,1,0,1,1,0,0,1,0,0,0,0,0,0,0,1,0,1,0,0,1,0,1,0,0.76248837,True
95431,38.348884,-122.51699,1,73.5,73.5,0,0,0,0,1,0,0,1,0,0,0,0,0,0,1,0,0,0,0,0,0,0,0,0,0,0,0,0.7901564,True
95446,38.52576,-123.013347,9,95.5,829.1,1,0,0,0,1,0,1,1,0,0,0,0,0,0,0,0,0,0,1,0,1,0,0,1,0,1,0,0.8281769,True
95448,38.618347,-122.908422,28,92.35,2602.9,0,0,1,0,1,0,0,1,0,0,1,0,0,0,0,0,0,0,1,0,1,0,0,1,0,0,1,0.6531795,False
95450,38.505995,-123.187019,11,74.55,824.75,1,0,0,0,1,0,0,1,0,0,0,0,1,0,0,0,0,0,0,0,0,0,0,1,0,1,0,0.7820131,True
95466,39.094102,-123.500853,12,83.8,1029.75,1,1,0,0,1,0,0,1,0,0,0,0,1,0,1,0,1,0,0,0,0,0,0,1,0,0,1,0.7180045,True
95468,38.911299,-123.609588,53,54.45,2854.55,1,1,0,0,0,1,0,0,0,0,0,0,1,0,1,0,0,0,1,0,1,0,0,1,0,1,0,0.5775316,False
95488,39.724433,-123.767578,41,99.8,4259.3,1,1,1,0,1,0,1,1,0,0,0,0,0,0,1,0,0,0,1,0,1,0,0,1,0,1,0,0.7571174,True
95497,38.696659,-123.436861,20,105.85,2239.65,0,0,1,0,1,0,1,1,0,0,0,0,1,0,1,0,0,0,1,0,1,0,0,1,0,0,0,0.7418642,True
95501,40.796621,-124.15428,7,75.45,480.75,0,0,0,0,1,0,1,1,0,0,0,0,0,0,0,0,0,0,0,0,0,0,0,0,0,0,1,0.71956706,True
95503,40.737431,-124.108897,7,93.85,635.6,1,0,0,0,1,0,1,1,0,0,0,0,0,0,0,0,0,0,1,0,1,0,0,1,0,1,0,0.81734633,True
95524,40.825486,-124.049485,22,100.75,2095.0,1,0,0,0,1,0,1,1,0,0,1,0,0,0,0,0,0,0,1,0,1,0,0,1,0,1,0,0.75435007,True
95526,40.372532,-123.525626,3,31.0,95.05,0,0,1,1,0,1,0,0,0,0,0,0,0,0,0,0,1,0,0,0,0,0,0,1,0,0,1,0.46646324,False
95531,41.701223,-124.003393,51,80.0,4242.35,1,0,0,0,1,0,1,1,0,0,0,0,0,0,1,0,0,0,0,0,0,0,0,0,1,0,0,0.62233156,False
95543,41.867908,-123.794144,5,70.25,331.9,1,1,0,0,1,0,0,1,0,0,0,0,0,0,0,0,0,0,0,0,0,0,0,1,0,0,1,0.76448005,True
95547,40.557314,-124.081662,62,100.15,6283.3,0,0,1,0,1,0,0,1,0,0,0,0,1,0,1,0,0,0,1,0,1,0,0,1,0,1,0,0.6871164,False
95548,41.572813,-124.035011,28,94.5,2659.4,1,0,0,0,1,0,1,1,0,0,1,0,1,0,0,0,0,0,0,0,1,0,0,1,1,0,0,0.62619907,False
95567,41.950683,-124.097094,10,33.9,298.45,1,0,0,0,0,1,0,0,0,0,0,0,0,0,0,0,0,0,0,0,1,0,0,1,0,0,1,0.5596549,False
95587,39.955587,-123.681175,69,89.95,6143.15,1,1,1,0,1,0,1,1,0,0,0,0,1,0,0,0,0,0,1,0,0,0,0,1,0,1,0,0.69230396,False
95601,38.431407,-120.8421,12,84.45,1059.55,1,0,0,0,1,0,1,1,0,0,0,0,0,0,0,0,0,0,1,0,0,0,0,1,0,1,0,0.8069552,True
95605,38.592745,-121.540036,27,79.5,2180.55,1,0,0,0,1,0,1,1,0,0,0,0,0,0,0,0,1,0,0,0,0,0,0,1,0,1,0,0.708113,True
95606,38.809804,-122.241383,1,89.15,89.15,1,0,1,0,1,0,0,1,0,0,0,0,0,0,0,0,0,0,1,0,1,0,0,0,0,0,1,0.7861394,True
95608,38.626128,-121.328011,14,74.95,1036.75,1,1,0,0,1,0,1,1,0,0,0,0,0,0,0,0,0,0,0,0,0,0,0,1,0,1,0,0.79400086,True
95610,38.69508,-121.271616,32,74.4,2276.95,0,1,0,0,1,0,0,1,0,0,0,0,1,0,0,0,0,0,0,0,0,0,0,1,0,1,0,0.6932714,False
95623,38.63153,-120.842609,3,55.3,196.15,0,0,0,0,1,0,0,0,0,0,0,0,0,0,0,0,0,0,0,0,1,0,0,1,0,1,0,0.7139534,True
95626,38.734997,-121.463719,22,55.15,1206.05,0,0,1,1,1,0,0,0,0,0,0,0,1,0,0,0,1,0,0,0,0,0,0,0,0,1,0,0.40956703,False
95633,38.852544,-120.837669,16,84.95,1378.25,0,0,1,0,1,0,1,1,0,0,0,0,0,0,0,0,0,0,1,0,0,0,0,1,0,1,0,0.7695585,True
95635,38.921333,-120.897718,5,43.25,219.0,1,0,0,0,0,1,0,0,0,0,1,0,1,0,1,0,1,0,0,0,0,0,0,1,0,0,1,0.53675866,False
95636,38.636102,-120.522149,23,48.35,1067.15,1,0,1,0,1,0,1,0,0,0,0,0,0,0,0,0,0,0,0,0,0,1,0,1,1,0,0,0.3699309,False
95637,38.830739,-122.196202,1,79.55,79.55,1,0,0,0,1,0,0,1,0,0,0,0,0,0,0,0,0,0,1,0,0,0,0,1,0,1,0,0.8381102,True
95638,38.313447,-121.123886,50,71.05,3444.85,0,1,1,0,1,0,0,1,0,0,0,0,0,0,0,0,0,0,0,0,0,0,0,1,0,1,0,0.6770125,False
95641,38.154823,-121.601358,1,84.5,84.5,1,0,0,0,1,0,1,1,0,0,0,0,0,0,0,0,0,0,1,0,0,0,0,0,0,1,0,0.8224914,True
95651,38.815515,-120.916997,71,108.6,7690.9,1,0,1,0,1,0,1,1,0,0,0,0,1,0,1,0,1,0,1,0,1,0,1,1,1,0,0,0.42834643,False
95655,38.549822,-121.266725,46,30.3,1380.1,1,0,0,0,0,1,0,0,0,0,0,0,1,0,0,0,0,0,0,0,0,0,0,0,0,0,0,0.4937748,False
95658,38.883224,-121.15918,2,30.4,78.65,0,1,0,0,0,1,0,0,0,0,0,0,0,0,1,0,0,0,0,0,0,0,0,1,0,1,0,0.7564069,True
95659,38.788898,-121.608624,1,45.4,45.4,0,0,0,0,1,0,0,0,0,0,0,0,0,0,0,0,0,0,0,0,0,0,0,1,0,0,1,0.7419262,True
95662,38.689174,-121.218435,32,84.15,2585.95,0,0,1,0,1,0,0,1,0,0,0,0,1,0,0,0,0,0,0,0,1,0,0,0,0,0,0,0.59146154,False
95664,38.803731,-121.043799,3,19.75,58.85,0,0,0,0,1,0,0,0,1,1,0,1,0,1,0,1,0,1,0,1,0,0,0,0,0,1,0,0.41718677,False
95665,38.400264,-120.641274,5,85.4,425.9,0,0,0,0,1,0,0,1,0,0,0,0,0,0,0,0,1,0,0,0,1,0,0,1,1,0,0,0.73889565,True
95670,38.602723,-121.279913,49,75.2,3678.3,1,0,0,0,1,0,1,1,0,0,0,0,0,0,0,0,0,0,0,0,0,0,0,0,1,0,0,0.5815908,False
95674,38.954144,-121.482536,17,55.85,937.5,0,0,0,0,1,0,1,0,0,0,0,0,0,0,1,0,0,0,0,0,0,1,0,1,0,0,1,0.38721126,False
95678,38.759751,-121.288545,23,106.4,2483.5,1,1,0,0,1,0,1,1,0,0,0,0,1,0,1,0,0,0,1,0,1,0,0,1,0,1,0,0.7831667,True
95686,38.157794,-121.520223,6,84.4,556.35,1,0,0,0,1,0,0,1,0,0,0,0,1,0,0,0,0,0,0,0,1,0,0,1,0,1,0,0.80822563,True
95695,38.71967,-121.862416,6,56.25,389.1,0,0,0,0,1,0,0,0,0,0,1,0,1,0,0,0,0,0,0,0,0,0,0,0,0,1,0,0.51972795,False
95703,38.983388,-120.988814,2,85.55,187.45,0,1,0,0,1,0,1,1,0,0,0,0,0,0,0,0,0,0,1,0,0,0,0,1,0,1,0,0.82244414,True
95709,38.748316,-120.675512,4,68.65,261.25,0,0,0,0,1,0,0,0,0,0,0,0,1,0,0,0,0,0,1,0,1,0,0,1,0,0,0,0.6109055,False
95714,39.197215,-120.83679,4,77.85,299.2,1,0,0,0,1,0,0,1,0,0,0,0,0,0,0,0,0,0,1,0,0,0,0,0,0,1,0,0.7971148,True
95721,38.851842,-120.076204,3,105.35,323.25,1,0,0,0,1,0,1,1,0,0,0,0,1,0,1,0,0,0,1,0,1,0,0,1,0,0,0,0.7548931,True
95726,38.733908,-120.453416,8,87.05,762.1,0,0,0,0,1,0,1,1,0,0,0,0,0,0,0,0,0,0,1,0,0,0,0,1,0,1,0,0.82244414,True
95736,39.00978,-120.978273,1,53.5,53.5,1,0,0,0,1,0,0,0,0,0,0,0,0,0,0,0,0,0,1,0,0,0,0,1,0,0,1,0.7321654,True
95746,38.749466,-121.184196,1,25.1,25.1,0,0,0,0,0,1,0,0,0,0,0,0,0,0,0,0,0,0,0,0,0,0,0,1,0,0,1,0.7419262,True
95814,38.584505,-121.491956,30,79.65,2365.15,1,1,1,0,1,0,0,1,0,0,0,0,1,0,1,0,0,0,0,0,0,0,0,1,0,0,1,0.6332394,False
95818,38.556306,-121.495817,5,54.2,308.25,0,0,0,0,1,0,0,0,0,0,1,0,0,0,0,0,1,0,0,0,0,0,0,0,0,1,0,0.5845932,False
95819,38.567594,-121.437507,1,19.45,19.45,0,1,0,0,1,0,0,0,1,1,0,1,0,1,0,1,0,1,0,1,0,0,0,1,0,1,0,0.6225526,False
95827,38.549185,-121.328386,72,103.4,7372.65,1,0,1,0,1,0,1,1,0,0,0,0,1,0,1,0,0,0,1,0,1,0,1,1,0,1,0,0.5000887,False
95831,38.494832,-121.529447,13,84.45,1058.6,0,0,0,0,1,0,1,1,0,0,0,0,1,0,1,0,0,0,0,0,0,0,0,1,0,1,0,0.8006936,True
95835,38.685069,-121.543709,32,85.95,2628.6,0,1,1,0,1,0,1,1,0,0,0,0,0,0,0,0,0,0,1,0,0,0,0,1,1,0,0,0.69631344,False
95838,38.646096,-121.442433,16,59.4,1023.9,0,1,0,0,1,0,0,0,0,0,0,0,0,0,0,0,1,0,1,0,0,0,0,0,0,1,0,0.5510489,False
95903,39.125311,-121.392283,29,30.6,856.35,0,0,0,0,0,1,0,0,0,0,0,0,1,0,0,0,0,0,0,0,0,0,0,1,0,1,0,0.5671071,False
95920,39.449794,-121.936372,38,99.55,3734.25,0,1,0,0,1,0,1,1,0,0,0,0,0,0,0,0,1,0,1,0,1,0,0,1,0,1,0,0.7328423,True
95922,39.432127,-121.099287,17,70.0,1144.5,0,0,0,0,1,0,0,1,0,0,0,0,0,0,0,0,0,0,0,0,0,0,0,1,0,1,0,0.72890395,True
95925,39.461768,-121.195825,1,45.3,45.3,0,0,0,0,1,0,0,0,0,0,0,0,0,0,0,0,0,0,0,0,0,0,0,1,0,1,0,0.76426077,True
95926,39.745712,-121.84333,2,29.85,75.6,1,0,0,0,0,1,0,0,0,0,0,0,0,0,0,0,1,0,0,0,0,0,0,0,0,0,0,0.6298268,False
95930,39.562239,-121.14836,2,95.1,180.25,1,1,0,0,1,0,0,1,0,0,0,0,1,0,1,0,1,0,0,0,1,0,0,1,1,0,0,0.7631878,True
95932,39.273096,-122.050763,1,19.8,19.8,1,0,0,0,1,0,0,0,1,1,0,1,0,1,0,1,0,1,0,1,0,0,0,0,0,0,1,0.5257142,False
95936,39.578792,-120.780786,4,76.65,333.6,0,0,0,0,1,0,0,1,0,0,0,0,1,0,0,0,0,0,0,0,0,0,0,1,0,0,0,0.7744325,True
95937,38.931425,-121.946081,5,99.15,465.05,0,0,1,0,1,0,0,1,0,0,0,0,1,0,0,0,1,0,1,0,1,0,0,1,0,0,1,0.74831045,True
95949,39.099204,-121.137962,9,44.95,431.0,1,0,0,0,1,0,0,0,0,0,0,0,0,0,0,0,0,0,0,0,0,0,0,0,0,0,1,0.539957,False
95950,39.033058,-121.895718,18,49.55,878.35,1,0,1,0,1,0,0,0,0,0,0,0,0,0,1,0,0,0,0,0,0,0,0,1,0,0,1,0.50755304,False
95968,39.435756,-121.552071,25,95.9,2448.75,1,0,0,0,1,0,0,1,0,0,0,0,1,0,0,0,0,0,1,0,1,0,0,1,0,1,0,0.7457663,True
95971,39.971228,-121.041166,17,81.5,1329.2,1,1,1,0,1,0,0,1,0,0,0,0,0,0,0,0,0,0,0,0,1,0,0,0,0,0,0,0.6581367,False
95975,39.225634,-121.156163,52,84.1,4348.65,1,0,1,0,1,0,0,1,0,0,1,0,0,0,0,0,0,0,1,0,0,0,0,0,0,1,0,0.6341212,False
95982,39.172777,-121.805845,3,36.45,93.7,1,1,1,0,0,1,0,0,0,0,0,0,0,0,0,0,0,0,1,0,0,0,0,1,0,0,1,0.696381,False
95984,40.022184,-121.062384,1,25.05,25.05,0,1,0,0,0,1,0,0,0,0,0,0,0,0,0,0,0,0,0,0,0,0,0,0,0,0,1,0.67883986,False
95988,39.493991,-122.286363,8,49.85,365.55,0,0,0,0,1,0,0,0,0,0,1,0,0,0,0,0,0,0,0,0,0,0,0,1,0,1,0,0.59733844,False
96006,41.171578,-120.913161,43,55.55,2342.2,0,1,1,0,0,1,0,0,0,0,0,0,1,0,1,0,0,0,1,0,1,0,0,0,1,0,0,0.4769115,False
96009,41.083464,-121.107929,22,69.5,1498.2,0,0,1,0,1,0,0,0,0,0,0,0,1,0,0,0,0,0,1,0,1,1,0,1,0,0,0,0.40801328,False
96013,40.946785,-121.719489,54,104.3,5278.15,1,0,1,0,1,0,1,1,0,0,0,0,1,0,1,0,0,0,1,0,1,0,0,1,0,1,0,0.73658144,True
96023,41.949216,-122.050062,1,93.85,93.85,0,0,0,0,1,0,1,1,0,0,0,0,0,0,0,0,0,0,1,0,1,0,0,1,0,1,0,0.8381102,True
96032,41.5837,-122.935922,1,50.45,50.45,0,0,1,1,1,0,0,0,0,0,0,0,0,0,1,0,0,0,0,0,0,0,0,0,0,0,1,0.5703094,False
96041,40.547857,-123.187265,7,74.65,521.1,0,0,0,0,1,0,1,0,0,0,0,0,0,0,0,0,1,0,1,0,1,0,0,1,0,1,0,0.61452025,False
96050,41.816595,-122.948287,12,94.2,1046.1,0,0,0,0,1,0,1,1,0,0,0,0,0,0,0,0,0,0,1,0,1,0,0,1,0,1,0,0.81770265,True
96063,40.408796,-121.579609,54,106.55,5763.3,0,0,1,0,1,0,1,1,0,0,1,0,1,0,0,0,0,0,1,0,1,1,0,0,0,0,0,0.47107136,False
96064,41.759864,-122.379175,1,20.1,20.1,1,0,0,0,1,0,0,0,1,1,0,1,0,1,0,1,0,1,0,1,0,0,0,0,0,0,1,0.6003789,False
96069,40.689243,-122.037023,23,83.8,1900.25,0,0,1,0,1,0,0,1,0,0,0,0,1,0,1,0,1,0,0,0,0,0,0,0,0,1,0,0.61839575,False
96071,40.656287,-121.428965,3,55.15,159.15,1,0,0,0,1,0,0,0,0,0,0,0,0,0,0,0,0,0,1,0,0,0,0,0,0,0,1,0.6481903,False
96074,39.884395,-122.587513,10,86.65,856.65,1,1,1,0,1,0,1,1,0,0,0,0,0,0,0,0,0,0,0,0,1,0,0,1,0,1,0,0.81612056,True
96080,40.186772,-122.388361,37,106.75,4056.75,0,1,0,0,1,0,1,1,0,0,1,0,1,0,0,0,0,0,1,0,1,0,0,1,0,0,0,0.5994227,False
96093,40.759401,-122.939337,31,78.45,2435.15,1,0,0,0,1,0,0,1,0,0,0,0,1,0,0,0,1,0,0,0,0,0,0,1,0,1,0,0.6684474,False
96096,40.637105,-121.906949,34,87.45,2874.15,0,0,1,0,1,0,1,1,0,0,0,0,0,0,1,0,0,0,1,0,0,0,0,0,0,1,0,0.68850493,False
96103,39.783747,-120.661032,29,70.75,1974.8,1,0,1,0,1,0,0,1,0,0,0,0,0,0,0,0,0,0,0,0,0,0,0,1,0,1,0,0.7122581,True
96109,40.012675,-120.101857,12,101.35,1218.55,1,1,1,0,1,0,1,1,0,0,0,0,1,0,0,0,0,0,1,0,1,0,0,1,0,1,0,0.80581874,True
96110,41.280341,-120.150381,1,81.7,81.7,1,0,0,0,1,0,1,1,0,0,1,0,0,0,0,0,0,0,0,0,0,0,0,1,0,1,0,0.716109,True
96112,41.932207,-120.135941,33,68.25,2171.15,1,0,0,0,1,0,0,1,0,0,0,0,0,0,0,0,0,0,0,0,0,0,0,0,0,1,0,0.6200841,False
96115,41.729079,-120.225025,4,79.15,317.25,0,0,0,0,1,0,0,1,0,0,0,0,0,0,0,0,0,0,0,0,1,0,0,1,0,1,0,0.8144637,True
96125,39.600599,-120.636358,35,95.45,3474.05,1,1,0,0,1,0,1,1,0,0,0,0,0,0,0,0,0,0,1,0,1,0,0,1,0,1,0,0.7309148,True
96126,39.559709,-120.345639,19,100.95,1875.55,1,0,1,0,1,0,1,1,0,0,0,0,0,0,0,0,1,0,1,0,1,1,0,1,0,1,0,0.63946235,False
96137,40.271535,-121.018087,1,69.1,69.1,0,0,1,0,1,0,0,1,0,0,0,0,0,0,0,0,0,0,0,0,0,0,0,1,0,0,1,0.7892092,True
96148,39.24124,-120.054765,1,69.6,69.6,0,1,0,0,1,0,0,1,0,0,0,0,0,0,0,0,0,0,0,0,0,0,0,1,0,1,0,0.8332858,True
96150,38.911577,-120.106169,31,103.45,3066.45,1,0,0,0,1,0,1,1,0,0,0,0,1,0,1,0,0,0,1,0,1,1,0,1,0,1,0,0.64776146,False
96161,39.342498,-120.247127,4,77.95,305.55,0,0,0,0,1,0,1,1,0,0,0,0,1,0,0,0,0,0,0,0,0,0,0,0,0,0,0,0.7494087,True
90007,34.027337,-118.28515,1,78.45,78.45,0,1,0,0,1,0,0,1,0,0,0,0,0,0,0,0,0,0,1,0,0,0,0,0,0,1,0,0.7888926,True
90016,34.028331,-118.354338,10,29.5,255.25,1,0,0,0,0,1,0,0,0,0,0,0,0,0,1,0,0,0,0,0,0,0,0,0,0,0,1,0.6039567,False
90017,34.052842,-118.264495,2,70.75,146.9,0,0,0,0,1,0,0,0,0,0,1,0,0,0,0,0,0,0,1,0,1,0,0,1,0,1,0,0.67734444,False
90020,34.066367,-118.309868,9,84.45,762.5,0,1,0,0,1,0,1,1,0,0,0,0,0,0,0,0,0,0,0,0,1,0,0,1,0,1,0,0.80213314,True
90023,34.017697,-118.200577,4,85.65,338.9,1,0,0,0,1,0,1,1,0,0,0,0,0,0,0,0,0,0,0,0,1,0,0,1,0,1,0,0.806968,True
90024,34.066303,-118.435479,38,70.15,2497.35,1,1,0,0,1,0,0,0,0,0,0,0,1,0,1,0,1,0,1,0,0,1,0,1,1,0,0,0.32822177,False
90028,34.099869,-118.326843,51,97.8,4913.3,1,1,0,0,1,0,1,1,0,0,0,0,0,0,1,0,0,0,1,0,1,0,0,1,0,1,0,0.7185188,True
90031,34.085807,-118.206617,1,46.3,46.3,1,0,0,0,1,0,0,0,0,0,0,0,0,0,0,0,0,0,0,0,0,0,0,0,0,0,1,0.72211015,True
90033,34.050198,-118.210946,41,106.3,4443.45,0,0,0,0,1,0,1,1,0,0,0,0,1,0,1,0,0,0,1,0,1,0,0,1,0,1,0,0.70788956,True
90037,34.002642,-118.287596,12,89.4,1095.65,0,0,0,0,1,0,0,1,0,0,0,0,0,0,1,0,1,0,0,0,1,0,0,1,0,1,0,0.733905,True
90039,34.110845,-118.259595,5,83.15,446.05,0,1,0,0,1,0,1,1,0,0,0,0,0,0,0,0,0,0,1,0,0,0,0,1,1,0,0,0.790103,True
90043,33.988543,-118.334081,10,74.15,811.8,1,0,0,0,1,0,1,1,0,0,0,0,0,0,0,0,0,0,0,0,0,0,0,1,0,0,1,0.7659366,True
90048,34.072945,-118.37267,11,99.5,1056.95,0,0,1,0,1,0,1,1,0,0,0,0,0,0,1,0,0,0,1,0,1,0,0,1,0,1,0,0.7992697,True
90049,34.091829,-118.491244,1,44.15,44.15,1,0,0,0,1,0,0,0,0,0,0,0,0,0,0,0,0,0,0,0,0,0,0,1,0,0,1,0.75024325,True
90056,33.987945,-118.370442,16,53.9,834.15,0,0,0,0,1,0,0,0,0,0,0,0,1,0,0,0,1,0,0,0,0,0,0,1,0,0,1,0.5256934,False
90057,34.061918,-118.277939,1,85.45,85.45,0,0,0,0,1,0,1,1,0,0,0,0,0,0,0,0,0,0,0,0,1,0,0,1,0,0,1,0.79925036,True
90062,34.003553,-118.308933,4,50.85,239.55,0,0,1,1,1,0,1,0,0,0,0,0,0,0,0,0,0,0,0,0,0,0,0,0,0,0,1,0.5933315,False
90063,34.044271,-118.185237,1,59.2,59.2,0,0,0,1,1,0,0,0,0,0,0,0,0,0,1,0,0,0,0,0,1,0,0,0,0,1,0,0.6281369,False
90066,34.002028,-118.430656,13,83.2,1060.6,1,0,0,0,1,0,0,1,0,0,0,0,0,0,1,0,0,0,1,0,0,0,0,1,0,1,0,0.7900605,True
90068,34.137411,-118.328915,1,54.9,54.9,0,0,0,0,1,0,0,0,0,0,1,0,1,0,0,0,0,0,0,0,0,0,0,1,0,1,0,0.71176153,True
90071,34.052917,-118.255178,21,103.9,2254.2,0,0,1,0,1,0,1,1,0,0,1,0,0,0,1,0,0,0,1,0,1,0,0,1,0,1,0,0.74658537,True
90221,33.885811,-118.206459,11,19.25,180.3,0,0,1,1,1,0,0,0,1,1,0,1,0,1,0,1,0,1,0,1,0,0,0,1,0,0,1,0.36172467,False
90230,33.993991,-118.39704,2,75.45,158.4,0,1,0,0,1,0,1,1,0,0,0,0,0,0,0,0,0,0,0,0,0,0,0,1,0,0,1,0.77140385,True
90232,34.019323,-118.391902,2,54.85,104.2,0,1,0,0,1,0,0,0,0,0,1,0,1,0,0,0,0,0,0,0,0,0,0,0,0,0,1,0.5896638,False
90248,33.876482,-118.284077,1,95.1,95.1,1,1,1,0,1,0,1,1,0,0,0,0,0,0,0,0,0,0,1,0,1,0,0,1,0,1,0,0.81070644,True
90254,33.86532,-118.396336,6,75.5,438.0,1,0,1,0,1,0,1,1,0,0,0,0,0,0,0,0,0,0,0,0,0,0,0,1,0,1,0,0.78450215,True
90255,33.97803,-118.217141,4,73.75,325.45,0,0,1,0,1,0,0,1,0,0,0,0,0,0,1,0,0,0,0,0,0,0,0,1,0,1,0,0.7773601,True
90260,33.88856,-118.351813,12,96.05,1148.1,1,0,0,0,1,0,1,1,0,0,0,0,0,0,0,0,0,0,1,0,1,0,0,1,0,1,0,0.8038066,True
90302,33.975332,-118.355252,4,88.95,355.2,0,0,0,0,1,0,1,1,0,0,0,0,1,0,0,0,0,0,0,0,1,0,0,1,0,1,0,0.8034708,True
90403,34.031529,-118.491156,4,50.7,151.3,0,0,0,0,1,0,0,0,0,0,0,0,1,0,0,0,0,0,0,0,0,0,0,0,1,0,0,0.6438435,False
90405,34.005439,-118.477507,3,53.4,188.7,1,0,0,0,1,0,0,0,0,0,0,0,0,0,0,0,0,0,1,0,0,0,0,0,1,0,0,0.69493836,False
90501,33.833699,-118.314387,53,101.9,5549.4,1,1,1,0,1,0,1,1,0,0,0,0,1,0,0,0,0,0,1,0,1,0,0,1,0,1,0,0.6895615,False
90505,33.807882,-118.347957,68,83.0,5685.8,0,0,1,0,1,0,1,1,0,0,0,0,0,0,0,0,0,0,1,0,0,1,0,1,0,1,0,0.4832765,False
90621,33.874224,-117.993368,1,50.6,50.6,1,0,0,1,1,0,0,0,0,0,1,0,0,0,0,0,0,0,0,0,0,0,0,0,0,0,1,0.5755042,False
90623,33.850504,-118.039892,10,89.5,863.1,1,0,0,0,1,0,0,1,0,0,0,0,0,0,0,0,0,0,1,0,1,0,0,1,0,1,0,0.80472517,True
90631,33.940619,-117.9513,1,69.8,69.8,1,0,0,0,1,0,0,1,0,0,0,0,0,0,0,0,0,0,0,0,0,0,0,1,0,1,0,0.81222665,True
90640,34.015217,-118.109962,51,93.8,4750.95,1,1,1,0,1,0,1,1,0,0,1,0,0,0,1,0,0,0,1,0,0,0,0,1,0,0,0,0.6223722,False
90670,33.933565,-118.062611,24,101.05,2391.8,1,0,1,0,1,0,1,1,0,0,0,0,0,0,1,0,0,0,1,0,1,0,0,1,0,1,0,0.7670376,True
90712,33.840524,-118.148403,18,94.7,1687.95,1,0,1,0,1,0,1,1,0,0,0,0,0,0,0,0,0,0,1,0,1,0,0,1,0,1,0,0.7601021,True
90713,33.847755,-118.112532,72,104.15,7689.95,1,1,1,0,1,0,1,1,0,0,0,0,1,0,1,0,0,0,1,0,1,0,1,1,0,0,0,0.32805815,False
90742,33.719221,-118.073596,4,61.45,229.55,1,0,1,1,1,0,0,0,0,0,0,0,0,0,0,0,1,0,0,0,1,0,0,0,1,0,0,0.39363214,False
90804,33.783047,-118.1486,1,90.55,90.55,1,0,0,0,1,0,0,1,0,0,0,0,0,0,0,0,0,0,1,0,1,0,0,1,0,1,0,0.8254377,True
90807,33.830099,-118.182239,26,88.8,2274.35,0,0,0,0,1,0,0,1,0,0,0,0,0,0,0,0,0,0,1,0,1,0,0,1,0,0,0,0.6802314,False
90814,33.771612,-118.143866,7,85.2,602.55,1,0,0,0,1,0,1,1,0,0,0,0,0,0,0,0,0,0,0,0,1,0,0,1,0,0,1,0.7948781,True
91007,34.128284,-118.047732,5,91.4,449.75,1,1,0,0,1,0,0,1,0,0,0,0,0,0,0,0,0,0,1,0,1,0,0,1,0,1,0,0.8095117,True
91030,34.110444,-118.156957,42,106.15,4512.7,1,0,1,0,1,0,1,1,0,0,0,0,0,0,1,0,1,0,1,0,1,0,0,1,0,0,0,0.66164804,False
91105,34.13946,-118.166649,4,45.3,196.95,0,0,0,0,1,0,0,0,0,0,0,0,0,0,0,0,0,0,0,0,0,0,0,1,0,0,1,0.6932428,False
91203,34.153338,-118.262974,2,73.25,131.05,1,0,0,0,1,0,1,1,0,0,0,0,0,0,0,0,0,0,0,0,0,0,0,1,1,0,0,0.7640928,True
91208,34.195386,-118.238508,8,51.05,415.05,1,0,1,1,1,0,0,0,0,0,0,0,0,0,1,0,0,0,0,0,0,0,0,1,0,1,0,0.4600317,False
91303,34.19829,-118.602203,9,85.35,754.65,0,0,1,0,1,0,1,1,0,0,0,0,0,0,0,0,0,0,1,0,0,0,0,1,0,0,0,0.78705776,True
91304,34.224377,-118.632656,1,75.35,75.35,1,1,0,0,1,0,1,1,0,0,0,0,0,0,0,0,0,0,0,0,0,0,0,1,0,1,0,0.81222665,True
91311,34.294142,-118.603883,43,75.2,3198.6,1,0,0,0,1,0,0,1,0,0,1,0,0,0,0,0,0,0,0,0,0,0,0,1,0,1,0,0.5809342,False
91316,34.150354,-118.518292,1,20.9,20.9,0,0,0,0,1,0,0,0,1,1,0,1,0,1,0,1,0,1,0,1,0,0,0,0,0,0,1,0.5559147,False
91355,34.43987,-118.644609,3,43.3,123.65,1,0,0,0,1,0,0,0,0,0,0,0,0,0,0,0,0,0,0,0,0,0,0,1,0,1,0,0.74199295,True
91356,34.157137,-118.548511,70,109.5,7534.65,1,0,1,0,1,0,0,1,0,0,1,0,1,0,1,0,1,0,1,0,1,1,0,1,0,0,0,0.4186713,False
91381,34.364153,-118.615583,11,84.8,906.85,0,1,0,0,1,0,1,1,0,0,0,0,0,0,0,0,0,0,0,0,1,0,0,1,1,0,0,0.761564,True
91384,34.506627,-118.699048,50,95.05,4888.7,0,1,1,0,1,0,1,1,0,0,0,0,1,0,1,0,0,0,1,0,0,0,0,1,0,1,0,0.6529313,False
91401,34.178483,-118.431791,5,50.35,237.25,1,1,0,0,1,0,0,0,0,0,0,0,0,0,1,0,0,0,0,0,0,0,0,0,0,1,0,0.69417286,False
91402,34.223768,-118.445461,1,74.6,74.6,1,0,1,0,1,0,1,1,0,0,0,0,0,0,0,0,0,0,0,0,0,0,0,1,0,0,0,0.8003847,True
91403,34.147149,-118.463365,16,19.7,342.4,1,0,0,0,1,0,0,0,1,1,0,1,0,1,0,1,0,1,0,1,0,0,0,1,0,0,1,0.30235818,False
91423,34.146957,-118.432138,15,59.45,892.65,0,0,0,0,1,0,0,0,0,0,0,0,0,0,1,0,0,0,0,0,1,0,0,1,0,1,0,0.58742857,False
91501,34.188339,-118.300942,46,105.2,4822.85,0,0,0,0,1,0,0,1,0,0,1,0,1,0,0,0,1,0,1,0,1,1,0,1,0,0,0,0.4503056,False
91601,34.1692,-118.372498,8,45.15,438.4,1,0,0,0,1,0,0,0,0,0,0,0,0,0,0,0,0,0,0,0,0,0,0,1,0,0,1,0.5892128,False
91607,34.165783,-118.399795,31,93.8,3019.5,1,0,1,0,1,0,1,1,0,0,0,0,1,0,1,0,0,0,1,0,0,0,0,0,0,1,0,0.60916394,False
91711,34.127621,-117.717863,32,96.2,3183.4,1,0,0,0,1,0,0,1,0,0,0,0,0,0,0,0,1,0,1,0,1,0,0,1,0,1,0,0.6293627,False
91722,34.097345,-117.906736,1,79.6,79.6,0,0,0,0,1,0,0,1,0,0,0,0,0,0,0,0,0,0,0,0,1,0,0,1,0,1,0,0.834597,True
91731,34.079934,-118.046695,20,85.25,1734.5,1,0,0,0,1,0,1,1,0,0,0,0,0,0,0,0,0,0,1,0,0,0,0,1,0,1,0,0.7745777,True
91741,34.14649,-117.849815,26,80.5,2088.8,1,0,0,0,1,0,1,1,0,0,0,0,0,0,0,0,1,0,0,0,0,0,0,1,0,1,0,0.7216549,True
91744,34.031441,-117.936436,5,89.8,502.6,1,1,0,0,1,0,1,1,0,0,0,0,1,0,0,0,0,0,0,0,1,0,0,1,0,1,0,0.8252928,True
91748,33.976753,-117.897367,1,50.75,50.75,1,0,0,0,1,0,0,0,0,0,0,0,1,0,0,0,0,0,0,0,0,0,0,1,0,1,0,0.70882815,True
91752,33.999992,-117.535395,14,89.65,1208.35,0,0,1,0,1,0,0,1,0,0,0,0,1,0,0,0,1,0,0,0,1,0,0,1,1,0,0,0.66381,False
91767,34.083086,-117.737997,36,65.4,2498.4,1,0,0,0,1,0,0,0,0,0,0,0,1,0,0,0,1,0,0,0,1,1,0,1,0,0,1,0.36301622,False
91773,34.102119,-117.815532,9,72.9,651.4,0,0,0,1,1,0,0,0,0,0,0,0,0,0,1,0,1,0,1,0,1,0,0,1,0,0,1,0.42312527,False
91789,34.018354,-117.85492,5,40.0,223.45,1,0,0,0,0,1,0,0,0,0,1,0,0,0,1,0,1,0,0,0,0,0,0,0,0,0,1,0.5645126,False
91790,34.066964,-117.937007,9,99.45,919.4,1,1,0,0,1,0,1,1,0,0,0,0,1,0,0,0,0,0,1,0,1,0,0,1,1,0,0,0.7845173,True
91803,34.074736,-118.145959,2,86.25,181.65,0,0,0,0,1,0,0,1,0,0,1,0,1,0,0,0,1,0,0,0,0,0,0,1,0,1,0,0.68700266,False
91901,32.827184,-116.703729,1,45.65,45.65,0,0,0,0,1,0,0,0,0,0,0,0,0,0,0,0,0,0,0,0,0,0,0,1,0,1,0,0.7707999,True
91902,32.67117,-117.00232,8,70.1,551.35,1,0,0,0,1,0,0,1,0,0,0,0,0,0,0,0,0,0,0,0,0,0,0,1,0,0,1,0.77157223,True
91906,32.673483,-116.472863,2,70.2,115.95,0,1,0,0,1,0,0,1,0,0,0,0,0,0,0,0,0,0,0,0,0,0,0,1,0,0,0,0.7821802,True
91910,32.636792,-117.054989,3,55.35,165.2,0,0,0,0,1,0,0,0,0,0,1,0,1,0,0,0,0,0,0,0,0,0,0,0,0,1,0,0.662765,False
91915,32.605012,-116.97595,51,84.2,4146.05,1,1,1,0,1,0,1,1,0,0,0,0,1,0,1,0,0,0,0,0,0,0,0,1,0,1,0,0.7020274,True
91931,32.857946,-116.561917,2,45.85,81.0,1,0,0,0,1,0,0,0,0,0,0,0,0,0,0,0,0,0,0,0,0,0,0,0,0,0,1,0.71133405,True
91942,32.782501,-117.01611,39,75.25,3017.65,1,0,0,0,1,0,1,1,0,0,0,0,0,0,0,0,0,0,0,0,0,0,0,0,0,1,0,0.65089935,False
91948,32.830852,-116.444601,12,100.15,1164.3,0,0,0,0,1,0,1,1,0,0,0,0,0,0,1,0,0,0,1,0,1,0,0,1,0,0,0,0.77524555,True
91978,32.730264,-116.950963,26,105.75,2710.25,1,1,1,0,1,0,1,1,0,0,0,0,1,0,1,0,0,0,1,0,1,0,0,0,0,1,0,0.7246111,True
92003,33.290907,-117.202895,18,48.35,810.7,0,1,1,0,0,1,0,0,0,0,0,0,0,0,1,0,0,0,1,0,1,0,0,1,0,1,0,0.6654294,False
92009,33.098018,-117.258203,2,24.4,36.55,0,0,1,1,0,1,0,0,0,0,0,0,0,0,0,0,0,0,0,0,0,0,0,1,0,0,1,0.61965364,False
92028,33.362575,-117.299644,4,20.95,85.5,0,0,0,0,1,0,0,0,1,1,0,1,0,1,0,1,0,1,0,1,0,0,0,0,0,0,0,0.35479388,False
92029,33.079834,-117.134275,1,49.55,49.55,0,1,1,0,1,0,0,0,0,0,1,0,0,0,0,0,0,0,0,0,0,0,0,1,0,1,0,0.73832583,True
92057,33.254497,-117.285879,9,20.25,178.5,1,0,0,0,1,0,0,0,1,1,0,1,0,1,0,1,0,1,0,1,0,0,0,0,0,0,1,0.39580432,False
92059,33.384345,-117.072619,2,50.15,115.1,0,1,1,0,1,0,0,0,0,0,0,0,1,0,0,0,0,0,0,0,0,0,0,0,1,0,0,0.65705687,False
92061,33.313828,-116.940501,29,95.9,2745.2,1,1,1,0,1,0,1,1,0,0,0,0,1,0,1,0,0,0,0,0,1,0,0,1,0,1,0,0.757882,True
92084,33.22784,-117.200024,1,25.25,25.25,0,1,0,0,0,1,0,0,0,0,0,0,0,0,0,0,0,0,0,0,0,0,0,0,0,1,0,0.7478379,True
92108,32.774046,-117.142454,9,45.15,416.45,0,0,0,0,1,0,0,0,0,0,0,0,0,0,0,0,0,0,0,0,0,0,0,0,0,1,0,0.68226767,False
92113,32.697098,-117.116587,50,84.4,4116.15,0,0,1,0,1,0,1,1,0,0,0,0,0,0,0,0,0,0,1,0,0,0,0,1,0,0,0,0.6843151,False
92118,32.68674,-117.186612,1,75.1,75.1,0,0,0,0,1,0,1,1,0,0,0,0,0,0,0,0,0,0,0,0,0,0,0,1,0,1,0,0.8332858,True
92119,32.802959,-117.027095,54,70.15,3715.65,0,0,1,0,1,0,1,0,0,0,0,0,0,0,0,0,0,0,1,0,1,1,0,1,1,0,0,0.2870074,False
92120,32.807867,-117.060993,42,101.75,4273.45,1,0,0,0,1,0,1,1,0,0,0,0,1,0,0,0,0,0,1,0,1,0,0,1,0,1,0,0.757477,True
92121,32.898613,-117.202937,1,45.8,45.8,0,0,0,0,1,0,0,0,0,0,0,0,0,0,0,0,0,0,0,0,0,0,0,0,0,1,0,0.7478379,True
92127,33.017518,-117.118456,1,20.1,20.1,1,0,0,0,1,0,0,0,1,1,0,1,0,1,0,1,0,1,0,1,0,0,0,1,0,0,1,0.52710575,False
92128,33.000269,-117.072093,9,40.65,328.95,1,0,1,0,0,1,0,0,0,0,0,0,0,0,0,0,1,0,1,0,0,0,0,0,0,0,1,0.5944698,False
92129,32.961064,-117.134917,46,101.0,4680.05,1,1,1,0,1,0,1,1,0,0,0,0,0,0,1,0,0,0,1,0,1,0,0,1,0,1,0,0.7571174,True
92130,32.957195,-117.202542,1,69.1,69.1,1,0,0,0,1,0,0,1,0,0,0,0,0,0,0,0,0,0,0,0,0,0,0,1,0,1,0,0.8332858,True
92173,32.555828,-117.040073,13,75.0,999.45,0,0,0,0,1,0,1,1,0,0,0,0,0,0,0,0,0,0,0,0,0,0,0,1,0,0,1,0.7564407,True
92201,33.713891,-116.237257,19,100.0,1888.65,1,0,1,0,1,0,0,1,0,0,0,0,1,0,0,0,1,0,1,0,1,1,0,0,0,0,0,0.49224675,False
92210,33.537646,-116.291089,1,71.15,71.15,0,1,0,0,1,0,0,1,0,0,0,0,0,0,0,0,0,0,0,0,0,0,0,1,0,1,0,0.82998574,True
92211,33.762759,-116.324817,24,54.15,1240.25,0,0,0,0,0,1,0,0,0,0,0,0,1,0,1,0,0,0,1,0,1,0,0,1,1,0,0,0.5423685,False
92227,33.03933,-115.191857,67,108.75,7156.2,0,0,1,0,1,0,1,1,0,0,1,0,0,0,1,0,1,0,1,0,1,0,1,1,1,0,0,0.39950007,False
92231,32.690654,-115.431225,6,49.15,270.8,0,0,1,0,1,0,0,0,0,0,0,0,0,0,0,0,1,0,0,0,0,0,0,1,0,1,0,0.7120618,True
92239,33.889605,-115.257009,20,19.4,374.5,1,0,0,1,1,0,0,0,1,1,0,1,0,1,0,1,0,1,0,1,0,0,0,1,0,1,0,0.43631965,False
92241,33.832799,-116.250973,20,79.15,1520.9,0,1,0,0,1,0,1,1,0,0,1,0,0,0,0,0,0,0,0,0,0,0,0,1,0,1,0,0.663533,False
92258,33.906496,-116.569499,46,80.4,3605.2,1,1,1,0,1,0,0,1,0,0,0,0,0,0,0,0,0,0,0,0,1,0,0,1,0,1,0,0.6708368,False
92262,33.839989,-116.659215,11,102.0,1145.35,0,0,1,0,1,0,1,1,0,0,0,0,1,0,0,0,0,0,1,0,1,0,0,1,0,1,0,0.79924154,True
92270,33.763678,-116.429928,2,20.65,38.7,0,0,0,0,1,0,0,0,1,1,0,1,0,1,0,1,0,1,0,1,0,0,0,0,0,0,1,0.4055124,False
92276,33.849263,-116.382778,1,70.8,70.8,0,0,0,0,1,0,0,1,0,0,0,0,0,0,0,0,0,0,0,0,0,0,0,1,0,0,1,0.8061753,True
92277,34.17211,-115.769773,16,89.05,1448.6,1,0,0,0,1,0,1,1,0,0,0,0,0,0,0,0,1,0,0,0,1,0,0,1,1,0,0,0.65864,False
92278,34.457829,-116.139589,3,96.6,291.9,0,0,0,0,1,0,1,1,0,0,0,0,0,0,0,0,0,0,1,0,1,0,0,1,0,1,0,0.81917614,True
92282,33.972293,-116.654195,57,104.5,5921.35,0,0,1,0,1,0,1,1,0,0,0,0,1,0,1,0,0,0,1,0,1,0,0,1,1,0,0,0.63319373,False
92307,34.55082,-117.122396,5,50.6,249.95,0,0,0,0,1,0,1,0,0,0,0,0,0,0,0,0,0,0,0,0,0,0,0,1,0,0,1,0.64685774,False
92314,34.278967,-116.773825,4,49.35,219.65,1,0,0,1,1,0,0,0,0,0,1,0,0,0,0,0,0,0,0,0,0,0,0,0,0,1,0,0.53809595,False
92316,34.059722,-117.39104,7,94.25,669.0,1,0,0,0,1,0,0,1,0,0,0,0,1,0,0,0,0,0,1,0,1,0,0,1,0,1,0,0.81687725,True
92320,33.982787,-117.057627,1,68.95,68.95,0,0,1,0,1,0,0,1,0,0,0,0,0,0,0,0,0,0,0,0,0,0,0,1,0,1,0,0.8332858,True
92325,34.248061,-117.29028,2,93.85,196.75,1,1,0,0,1,0,1,1,0,0,0,0,0,0,0,0,0,0,1,0,1,0,0,1,0,1,0,0.83250827,True
92336,34.136367,-117.460803,4,76.05,318.9,1,0,0,0,1,0,1,1,0,0,0,0,0,0,0,0,0,0,0,0,0,0,0,1,0,1,0,0.8186645,True
92337,34.049671,-117.468896,1,24.45,24.45,1,0,0,0,0,1,0,0,0,0,0,0,0,0,0,0,0,0,0,0,0,0,0,1,0,0,1,0.7336771,True
92341,34.244411,-117.072654,7,89.35,631.85,1,0,0,0,1,0,1,1,0,0,0,0,0,0,1,0,0,0,1,0,0,0,0,1,1,0,0,0.7784212,True
92347,34.983808,-117.239306,4,80.35,307.4,1,0,1,0,1,0,0,1,0,0,0,0,0,0,0,0,0,0,1,0,0,0,0,1,0,1,0,0.8119488,True
92356,34.508417,-116.856103,1,55.8,55.8,0,1,0,0,1,0,0,0,0,0,1,0,0,0,1,0,0,0,0,0,0,0,0,1,0,1,0,0.68100536,False
92365,34.89326,-116.505958,1,79.05,79.05,1,0,0,0,1,0,0,1,0,0,0,0,0,0,0,0,0,0,1,0,0,0,0,1,0,1,0,0.8348867,True
92368,34.647959,-117.296957,1,95.0,95.0,1,0,1,0,1,0,0,1,0,0,1,0,0,0,0,0,0,0,1,0,1,0,0,1,0,1,0,0.781899,True
92371,34.441123,-117.537886,1,25.2,25.2,0,0,0,0,0,1,0,0,0,0,0,0,0,0,0,0,0,0,0,0,0,0,0,0,0,0,1,0.70083046,True
92373,34.003243,-117.138286,41,98.4,4187.75,1,1,0,0,1,0,1,1,0,0,0,0,0,0,1,0,0,0,1,0,1,0,0,1,0,1,0,0.7623238,True
92382,34.186211,-117.07683,66,79.4,5154.6,1,1,1,0,1,0,1,0,0,0,1,0,1,0,1,0,1,0,1,0,0,0,1,0,1,0,0,0.16478504,False
92394,34.567058,-117.362329,35,101.4,3496.3,1,1,0,0,1,0,1,1,0,0,0,0,0,0,1,0,0,0,1,0,1,0,0,1,0,1,0,0.7623238,True
92397,34.358321,-117.618263,10,89.8,914.3,1,1,1,0,1,0,1,1,0,0,0,0,0,0,1,0,0,0,0,0,1,0,0,1,0,1,0,0.82094675,True
92401,34.105935,-117.2914,54,109.75,6110.2,1,0,1,0,1,0,0,1,0,0,1,0,1,0,1,0,1,0,1,0,1,0,1,0,0,0,0,0.44814038,False
92405,34.142747,-117.300864,2,19.3,28.3,1,0,0,0,1,0,0,0,1,1,0,1,0,1,0,1,0,1,0,1,0,1,0,0,1,0,0,0.23136367,False
92408,34.084909,-117.258107,26,91.25,2351.8,0,1,0,0,1,0,0,1,0,0,0,0,0,0,0,0,0,0,1,0,1,0,0,1,0,1,0,0.7363501,True
92503,33.890046,-117.455583,15,49.1,679.55,0,0,0,0,1,0,1,0,0,0,0,0,0,0,0,0,0,0,0,0,0,0,0,1,0,1,0,0.648943,False
92506,33.930931,-117.361788,31,65.25,1994.3,0,0,0,0,1,0,1,0,0,0,1,0,0,0,1,0,1,0,0,0,0,0,0,0,1,0,0,0.28107,False
92508,33.885499,-117.324959,18,85.45,1505.85,0,1,0,0,1,0,1,1,0,0,0,0,1,0,0,0,1,0,0,0,0,0,0,1,0,1,0,0.7463937,True
92518,33.888323,-117.277533,61,94.1,5638.3,1,0,1,0,1,0,1,1,0,0,0,0,1,0,0,0,1,0,1,0,0,0,1,1,0,1,0,0.30717874,False
92532,33.705836,-117.318204,1,71.65,71.65,1,1,0,0,1,0,0,1,0,0,0,0,0,0,0,0,0,0,0,0,0,0,0,1,0,1,0,0.8332858,True
92539,33.527605,-116.666551,24,104.65,2542.45,1,0,1,0,1,0,1,1,0,0,0,0,1,0,1,0,0,0,1,0,1,0,0,1,0,1,0,0.75546277,True
92555,33.907361,-117.109972,3,74.25,210.3,0,0,0,0,1,0,1,1,0,0,0,0,0,0,0,0,0,0,0,0,0,0,0,1,0,1,0,0.80793536,True
92570,33.787298,-117.320676,1,74.2,74.2,0,1,0,0,1,0,1,1,0,0,0,0,0,0,0,0,0,0,0,0,0,0,0,1,0,1,0,0.8332858,True
92590,33.475493,-117.219551,43,101.0,4388.4,1,1,1,0,1,0,1,1,0,0,0,0,1,0,0,0,0,0,1,0,1,0,0,1,0,1,0,0.757477,True
92591,33.540604,-117.10909,4,100.2,420.2,1,0,1,0,1,0,1,1,0,0,0,0,1,0,0,0,0,0,1,0,1,0,0,1,0,1,0,0.82877123,True
92592,33.507255,-117.029473,25,89.05,2177.45,1,1,1,0,1,0,1,1,0,0,1,0,0,0,0,0,0,0,0,0,1,1,0,1,0,1,0,0.5018094,False
92602,33.720359,-117.733655,57,70.1,3913.3,0,0,1,0,1,0,0,0,0,0,1,0,0,0,0,0,0,0,1,0,1,1,0,1,0,0,0,0.22921222,False
92610,33.698728,-117.67768,4,105.65,443.9,0,0,0,0,1,0,0,1,0,0,0,0,1,0,1,0,1,0,1,0,1,1,0,1,0,1,0,0.6035676,False
92620,33.716136,-117.752574,36,96.5,3436.1,1,1,1,0,1,0,1,1,0,0,0,0,1,0,0,0,0,0,1,0,1,0,0,1,0,1,0,0.757477,True
92625,33.600987,-117.862734,1,70.85,70.85,1,1,1,0,1,0,0,1,0,0,0,0,0,0,0,0,0,0,0,0,0,0,0,0,0,0,1,0.78502506,True
92626,33.678591,-117.905471,35,85.95,3110.1,0,0,0,0,1,0,1,0,0,0,1,0,0,0,1,0,1,0,1,0,1,1,0,1,1,0,0,0.29656157,False
92627,33.645672,-117.922613,4,73.9,280.85,1,0,0,0,1,0,0,1,0,0,0,0,0,0,1,0,0,0,0,0,0,0,0,1,0,1,0,0.80137336,True
92647,33.723579,-118.005441,58,109.45,6144.55,0,0,1,0,1,0,1,1,0,0,1,0,1,0,1,0,0,0,1,0,1,0,1,1,0,0,0,0.45534074,False
92676,33.782346,-117.635263,30,100.2,2983.8,0,0,0,0,1,0,1,1,0,0,0,0,1,0,0,0,0,0,1,0,1,0,0,1,0,1,0,0.7656688,True
92688,33.624654,-117.611733,21,74.05,1565.7,0,0,1,0,1,0,0,1,0,0,0,0,1,0,0,0,0,0,0,0,0,0,0,1,0,0,0,0.6679778,False
92694,33.569186,-117.640055,3,101.55,298.35,1,0,0,0,1,0,1,1,0,0,0,0,0,0,1,0,0,0,1,0,1,0,0,1,0,0,0,0.79636306,True
92705,33.766004,-117.786763,41,111.95,4534.9,1,1,1,0,1,0,1,1,0,0,0,0,1,0,1,0,1,0,1,0,1,1,0,1,0,1,0,0.5768139,False
92707,33.714829,-117.872941,21,55.95,1157.05,0,0,1,0,0,1,0,0,0,0,1,0,0,0,1,0,0,0,1,0,1,1,0,1,0,1,0,0.49674994,False
92780,33.735802,-117.818805,1,45.75,45.75,1,0,0,0,1,0,0,0,0,0,0,0,0,0,0,0,0,0,0,0,0,0,0,0,0,1,0,0.70272213,True
92808,33.850452,-117.726668,11,74.95,815.5,1,0,0,0,1,0,0,1,0,0,0,0,1,0,0,0,0,0,0,0,0,0,0,0,0,1,0,0.7263086,True
92821,33.930199,-117.862898,1,80.15,80.15,0,0,0,0,1,0,0,1,0,0,0,0,0,0,0,0,0,0,0,0,1,0,0,0,1,0,0,0.78661865,True
92831,33.879983,-117.895482,72,109.25,8109.8,0,0,1,0,1,0,1,1,0,0,0,0,1,0,1,0,1,0,1,0,1,1,0,1,0,1,0,0.41387382,False
92869,33.792791,-117.789749,3,35.2,108.95,0,0,0,0,0,1,0,0,0,0,0,0,0,0,0,0,0,0,1,0,0,0,0,0,1,0,0,0.6725215,False
92870,33.881158,-117.854783,1,78.8,78.8,0,0,1,0,1,0,0,1,0,0,0,0,0,0,0,0,0,0,1,0,0,0,0,0,0,1,0,0.8182888,True
92882,33.819385,-117.600213,47,106.4,5127.95,0,0,0,0,1,0,1,1,0,0,0,0,1,0,1,0,0,0,1,0,1,0,0,1,0,1,0,0.7359993,True
92883,33.762351,-117.488725,18,49.4,874.8,1,0,0,0,1,0,0,0,0,0,1,0,0,0,0,0,0,0,0,0,0,0,0,0,0,1,0,0.5811673,False
93010,34.227846,-119.079903,1,69.1,69.1,1,1,0,0,1,0,0,1,0,0,0,0,0,0,0,0,0,0,0,0,0,0,0,0,0,1,0,0.81730294,True
93012,34.205504,-118.993111,20,90.2,1776.55,1,0,1,0,1,0,0,1,0,0,0,0,0,0,0,0,0,0,1,0,1,0,0,1,0,1,0,0.73282814,True
93013,34.441398,-119.513163,6,93.55,536.4,0,0,0,0,1,0,1,1,0,0,0,0,0,0,0,0,0,0,1,0,1,0,0,1,0,0,0,0.80145985,True
93023,34.581308,-118.931948,1,80.85,80.85,1,0,0,0,1,0,0,1,0,0,0,0,0,0,0,0,0,0,0,0,1,0,0,1,0,0,1,0.8076505,True
93030,34.223244,-119.18012,48,82.05,4029.95,0,0,1,0,1,0,1,1,0,0,0,0,0,0,0,0,0,0,0,0,1,1,0,1,0,0,1,0.47230408,False
93040,34.432843,-118.730106,3,20.55,51.15,1,0,1,0,1,0,0,0,1,1,0,1,0,1,0,1,0,1,0,1,0,0,0,1,1,0,0,0.39573446,False
93066,34.297628,-119.014627,2,78.55,149.55,0,1,0,0,1,0,1,1,0,0,0,0,0,0,1,0,0,0,0,0,0,0,0,1,0,1,0,0.8186645,True
93110,34.437945,-119.77191,1,78.65,78.65,0,0,0,0,1,0,0,1,0,0,0,0,0,0,0,0,0,0,0,0,1,0,0,0,0,1,0,0.81871253,True
93201,35.869626,-119.498771,1,42.9,42.9,1,0,0,0,1,0,0,0,0,0,0,0,0,0,0,0,0,0,0,0,0,0,0,1,0,1,0,0.7749278,True
93204,35.916943,-120.129921,3,34.25,139.35,0,0,0,0,0,1,0,0,0,0,1,0,0,0,0,0,1,0,0,0,0,0,0,0,0,0,1,0.52824783,False
93205,35.523991,-118.400432,9,58.5,539.85,0,0,0,0,0,1,0,0,0,0,1,0,0,0,1,0,1,0,1,0,1,0,0,0,0,0,1,0.42857945,False
93210,36.186867,-120.387793,49,96.2,4718.25,1,1,0,0,1,0,1,1,0,0,0,0,0,0,0,0,0,0,1,0,1,0,0,1,0,1,0,0.7623238,True
93218,35.846067,-119.004073,6,74.4,434.1,0,1,0,0,1,0,0,1,0,0,0,0,0,0,1,0,0,0,0,0,0,0,0,0,0,1,0,0.7700493,True
93222,34.907911,-119.234281,6,105.3,545.2,0,0,1,0,1,0,1,1,0,0,0,0,1,0,1,0,0,0,1,0,1,0,0,1,0,1,0,0.79891217,True
93224,35.215731,-119.57013,16,73.85,1284.2,1,0,1,0,1,0,1,1,0,0,0,0,0,0,0,0,0,0,0,0,0,0,0,1,0,0,0,0.7046984,True
93234,36.217864,-120.080117,7,84.55,646.85,0,1,1,0,1,0,1,1,0,0,0,0,0,0,0,0,0,0,0,0,1,0,0,1,0,1,0,0.82069004,True
93245,36.303666,-119.825657,25,24.75,692.1,0,0,0,0,1,0,1,0,1,1,0,1,0,1,0,1,0,1,0,1,0,0,1,0,1,0,0,0.1522232,False
93251,35.38381,-119.730885,20,85.8,1727.5,0,1,0,0,1,0,1,1,0,0,0,0,0,0,0,0,0,0,0,0,1,0,0,1,1,0,0,0.69482,False
93252,34.737031,-119.460557,4,24.45,86.6,0,0,0,0,0,1,0,0,0,0,0,0,0,0,0,0,0,0,0,0,0,0,0,1,0,1,0,0.7271987,True
93257,36.008958,-118.891593,28,105.7,2979.5,1,0,0,0,1,0,1,1,0,0,0,0,1,0,1,0,0,0,1,0,1,0,0,1,0,1,0,0.7656688,True
93262,36.527243,-118.594938,1,24.25,24.25,1,0,0,0,0,1,0,0,0,0,0,0,0,0,0,0,0,0,0,0,0,0,0,1,0,1,0,0.7749278,True
93267,36.141319,-119.129075,11,76.5,837.95,0,0,0,0,1,0,1,1,0,0,0,0,0,0,0,0,0,0,0,0,0,0,0,1,0,1,0,0.8008365,True
93272,36.047414,-119.344304,4,93.5,362.2,0,0,0,0,1,0,1,1,0,0,0,0,1,0,0,0,1,0,0,0,1,0,0,1,0,1,0,0.80806184,True
93277,36.303793,-119.375646,54,101.5,5373.1,0,1,1,0,1,0,1,1,0,0,0,0,1,0,0,0,0,0,1,0,1,1,0,1,1,0,0,0.6150129,False
93280,35.652242,-119.4464,28,74.9,2068.55,1,0,0,0,1,0,0,1,0,0,1,0,0,0,0,0,0,0,0,0,0,0,0,1,0,0,0,0.5913488,False
93287,35.710244,-118.881679,2,69.6,131.65,0,1,0,0,1,0,0,1,0,0,0,0,0,0,0,0,0,0,0,0,0,0,0,1,0,1,0,0.7959464,True
93306,35.449881,-118.841442,1,24.05,24.05,1,0,0,0,1,0,1,0,1,1,0,1,0,1,0,1,0,1,0,1,0,0,0,1,0,0,1,0.5870829,False
93401,35.233745,-120.626442,1,50.55,50.55,0,0,0,0,1,0,0,0,0,0,0,0,1,0,0,0,0,0,0,0,0,0,0,0,0,1,0,0.6686311,False
93427,34.631362,-120.238218,14,100.55,1415.55,1,0,0,0,1,0,1,1,0,0,0,0,1,0,0,0,0,0,1,0,1,0,0,1,0,1,0,0.8017285,True
93429,34.866032,-120.536546,1,20.5,20.5,0,0,1,1,1,0,0,0,1,1,0,1,0,1,0,1,0,1,0,1,0,0,0,1,0,0,1,0.5822475,False
93434,34.936,-120.594655,4,74.8,321.9,1,0,0,0,1,0,0,1,0,0,0,0,0,0,1,0,0,0,0,0,0,0,0,1,0,0,0,0.75526726,True
93437,34.757477,-120.550507,20,24.45,482.8,0,0,1,0,0,1,0,0,0,0,0,0,0,0,0,0,0,0,0,0,0,0,0,1,0,1,0,0.58756226,False
93465,35.536115,-120.739231,14,71.0,914.0,0,0,0,0,1,0,0,1,0,0,0,0,0,0,0,0,0,0,0,0,0,0,0,1,1,0,0,0.7161763,True
93516,34.95703,-117.73045,30,40.3,1172.95,0,1,0,0,0,1,0,0,0,0,0,0,0,0,1,0,0,0,1,0,0,0,0,1,0,1,0,0.63078016,False
93523,34.966777,-117.961179,3,50.6,155.35,0,0,0,0,0,1,0,0,0,0,0,0,1,0,0,0,0,0,1,0,1,0,0,1,0,1,0,0.7140929,True
93527,36.041315,-118.188235,40,84.85,3303.05,0,0,1,0,1,0,1,1,0,0,0,0,0,0,1,0,1,0,0,0,0,0,0,1,0,1,0,0.7011275,True
93528,35.363339,-117.637641,2,65.7,134.35,0,0,1,1,1,0,0,0,0,0,0,0,0,0,0,0,0,0,1,0,1,0,0,0,0,0,1,0.5291072,False
93531,35.214982,-118.59049,1,70.5,70.5,0,0,0,0,1,0,0,1,0,0,0,0,0,0,0,0,0,0,0,0,0,0,0,0,0,1,0,0.81730294,True
93532,34.659579,-118.584212,10,94.85,953.45,0,0,0,0,1,0,1,1,0,0,0,0,1,0,1,0,0,0,0,0,1,0,0,1,0,1,0,0.82436365,True
93535,34.712708,-117.889656,1,19.75,19.75,1,0,0,0,1,0,0,0,1,1,0,1,0,1,0,1,0,1,0,1,0,0,0,0,0,0,1,0.56072414,False
93550,34.536232,-118.082935,14,65.45,937.6,1,0,1,1,1,0,0,0,0,0,1,0,1,0,0,0,0,0,1,0,0,0,0,1,0,1,0,0.41304415,False
93551,34.613476,-118.256358,58,98.7,5812.6,1,1,1,0,1,0,1,1,0,0,0,0,0,0,1,0,0,0,1,0,1,0,0,1,0,1,0,0.66722965,False
93555,35.603913,-117.67828,22,67.5,1544.05,1,0,1,0,1,0,0,0,0,0,1,0,0,0,1,0,1,0,1,0,0,1,0,1,0,0,0,0.2898441,False
93562,35.74837,-117.384948,1,69.6,69.6,0,0,0,0,1,0,0,1,0,0,0,0,0,0,0,0,0,0,0,0,0,0,0,1,0,1,0,0.8332858,True
93563,34.39583,-117.734568,49,84.35,4059.35,1,0,1,0,1,0,1,0,0,0,1,0,0,0,1,0,1,0,1,0,1,1,0,0,0,1,0,0.32983094,False
93591,34.598221,-117.79593,68,100.2,6851.65,0,1,1,0,1,0,1,1,0,0,0,0,1,0,0,0,0,0,1,0,1,0,0,1,0,1,0,0.65165615,False
93601,37.375816,-119.739935,1,78.05,78.05,0,0,0,0,1,0,0,1,0,0,0,0,0,0,0,0,0,0,1,0,0,0,0,0,0,1,0,0.8224914,True
93605,37.17277,-119.2997,7,73.6,520.0,1,0,0,0,1,0,1,1,0,0,0,0,0,0,0,0,0,0,0,0,0,0,0,0,0,1,0,0.77735865,True
93606,36.798882,-120.019511,9,74.75,706.6,0,0,0,0,1,0,1,1,0,0,0,0,0,0,0,0,0,0,0,0,0,0,0,1,0,1,0,0.8031189,True
93618,36.523619,-119.386868,1,20.2,20.2,1,0,0,0,1,0,0,0,1,1,0,1,0,1,0,1,0,1,0,1,0,0,0,1,0,0,1,0.57106215,False
93627,36.520537,-120.118055,24,93.55,2264.05,0,1,1,0,1,0,1,1,0,0,0,0,0,0,0,0,0,0,1,0,1,0,0,1,0,1,0,0.76255864,True
93631,36.478239,-119.52137,2,25.05,56.35,1,0,0,0,0,1,0,0,0,0,0,0,0,0,0,0,0,0,0,0,0,0,0,1,0,1,0,0.7564069,True
93648,36.622237,-119.521126,27,95.55,2510.2,1,1,1,0,1,0,1,1,0,0,0,0,1,0,1,0,0,0,0,0,1,0,0,1,0,1,0,0.76055884,True
93657,36.819628,-119.440414,57,39.3,2111.45,1,0,0,0,0,1,0,0,0,0,0,0,1,0,0,0,0,0,1,0,0,0,0,1,0,1,0,0.5692881,False
93664,37.223,-119.001021,1,20.25,20.25,0,0,0,0,1,0,0,0,1,1,0,1,0,1,0,1,0,1,0,1,0,0,0,1,0,0,1,0.57106215,False
93665,36.959731,-120.653519,13,23.9,300.8,0,0,0,0,0,1,0,0,0,0,0,0,0,0,0,0,0,0,0,0,0,0,0,1,0,1,0,0.6112251,False
93675,36.719141,-119.202677,1,85.45,85.45,0,0,0,0,1,0,0,1,0,0,0,0,0,0,1,0,0,0,1,0,0,0,0,1,0,1,0,0.8381102,True
93702,36.739385,-119.753649,63,99.9,6137.0,0,0,0,0,1,0,1,1,0,0,0,0,1,0,0,0,0,0,1,0,1,1,0,0,0,0,0,0.57035387,False
93705,36.78724,-119.827813,25,84.8,2043.45,1,0,0,0,1,0,1,1,0,0,0,0,0,0,0,0,0,0,0,0,1,0,0,1,0,1,0,0.7606899,True
93711,36.833002,-119.82947,35,75.2,2576.2,1,0,1,0,1,0,1,1,0,0,0,0,0,0,0,0,0,0,0,0,0,0,0,1,0,1,0,0.73415536,True
93722,36.78979,-119.929894,71,49.35,3515.25,1,0,1,0,0,1,0,0,0,0,0,0,1,0,0,0,0,0,1,0,1,0,1,0,0,1,0,0.36474833,False
93901,36.64152,-121.622188,6,74.9,469.8,1,0,0,0,1,0,1,1,0,0,0,0,0,0,0,0,0,0,0,0,0,0,0,1,0,1,0,0.80793536,True
93933,36.689582,-121.758398,15,101.25,1457.25,0,0,0,0,1,0,0,1,0,0,0,0,1,0,1,0,0,0,1,0,1,0,0,1,0,1,0,0.7753373,True
93950,36.618337,-121.926417,9,18.95,185.6,1,0,0,0,1,0,0,0,1,1,0,1,0,1,0,1,0,1,0,1,0,0,0,1,0,0,1,0.2912713,False
93955,36.625114,-121.823565,37,28.6,973.55,0,0,0,0,0,1,0,0,0,0,0,0,0,0,0,0,1,0,0,0,0,0,0,0,1,0,0,0.45481017,False
94014,37.691561,-122.445202,2,24.35,41.85,0,1,0,0,0,1,0,0,0,0,0,0,0,0,0,0,0,0,0,0,0,0,0,0,0,1,0,0.72062635,True
94019,37.45567,-122.407992,29,98.65,2862.75,0,1,0,0,1,0,1,1,0,0,0,0,0,0,0,0,1,0,1,0,1,0,0,0,0,1,0,0.72560924,True
94021,37.266388,-122.26308,5,79.9,343.95,1,1,1,0,1,0,1,1,0,0,0,0,0,0,1,0,0,0,0,0,0,0,0,1,0,0,0,0.78575987,True
94027,37.454924,-122.203168,28,103.3,2890.65,0,1,0,0,1,0,1,1,0,0,0,0,0,0,1,0,1,0,1,0,1,0,0,1,0,1,0,0.7433594,True
94030,37.601248,-122.403099,11,96.2,1222.05,0,0,1,0,1,0,1,1,0,0,1,0,0,0,0,0,1,0,1,0,0,0,0,1,1,0,0,0.69753474,False
94062,37.410567,-122.297152,55,104.15,5743.05,1,0,1,0,1,0,1,1,0,0,0,0,0,0,1,0,1,0,1,0,1,1,0,1,0,1,0,0.602701,False
94104,37.791222,-122.402241,24,102.95,2496.7,1,1,0,0,1,0,1,1,0,0,0,0,1,0,1,0,0,0,1,0,1,0,0,1,1,0,0,0.71970624,True
94105,37.789168,-122.395009,1,90.6,90.6,0,0,0,0,1,0,0,1,0,0,0,0,0,0,0,0,0,0,1,0,1,0,0,0,0,1,0,0.8224914,True
94107,37.768881,-122.395521,6,50.8,288.05,0,0,0,0,1,0,0,0,0,0,0,0,0,0,0,0,1,0,0,0,0,0,0,1,0,0,0,0.5370096,False
94108,37.791998,-122.408653,4,90.05,368.1,1,0,0,0,1,0,1,1,0,0,0,0,1,0,0,0,0,0,0,0,1,0,0,1,0,1,0,0.8252928,True
94123,37.800254,-122.436975,3,75.85,256.6,0,0,1,0,1,0,1,1,0,0,0,0,0,0,0,0,0,0,0,0,0,0,0,1,0,1,0,0.8186645,True
94127,37.736535,-122.45732,1,68.5,68.5,1,0,1,0,1,0,0,1,0,0,0,0,0,0,0,0,0,0,0,0,0,0,0,1,0,1,0,0.8332858,True
94130,37.820894,-122.369725,11,73.5,791.75,1,0,0,0,1,0,0,1,0,0,1,0,0,0,0,0,0,0,0,0,0,0,0,1,0,1,0,0.68117046,False
94132,37.722302,-122.491129,1,69.95,69.95,0,0,0,0,1,0,0,1,0,0,0,0,0,0,0,0,0,0,0,0,0,0,0,1,0,0,1,0.8061753,True
94304,37.386978,-122.177746,5,70.05,346.4,1,0,0,0,1,0,0,0,0,0,0,0,0,0,1,0,0,0,1,0,1,0,0,1,0,1,0,0.6546492,False
94401,37.590421,-122.306467,8,94.0,773.65,1,0,0,0,1,0,1,1,0,0,0,0,1,0,1,0,0,0,1,0,0,0,0,1,0,1,0,0.8233081,True
94402,37.556634,-122.317723,22,61.15,1422.05,0,0,1,1,1,0,0,0,0,0,1,0,1,0,1,0,0,0,0,0,0,0,0,0,0,0,1,0.33620372,False
94514,37.83323,-121.601461,29,84.45,2467.1,1,0,1,0,1,0,1,1,0,0,1,0,1,0,0,0,0,0,0,0,0,0,0,1,0,1,0,0.67041785,False
94515,38.629618,-122.593216,13,75.3,989.45,1,0,1,0,1,0,1,0,0,0,0,0,0,0,1,0,0,0,1,0,1,1,0,1,0,0,1,0.4741512,False
94519,37.990118,-122.012188,43,109.55,4830.25,0,1,1,0,1,0,1,1,0,0,1,0,0,0,1,0,1,0,1,0,1,1,0,1,0,0,1,0.5285924,False
94520,38.013825,-122.039144,3,19.6,59.75,0,0,0,0,1,0,0,0,1,1,0,1,0,1,0,1,0,1,0,1,0,0,0,1,0,0,1,0.38378477,False
94525,38.049292,-122.228415,2,66.4,94.55,1,1,0,0,1,0,0,0,0,0,1,0,0,0,1,0,0,0,1,0,0,0,0,0,0,0,0,0.5733941,False
94533,38.287136,-122.02711,66,100.05,6871.9,1,1,1,0,1,0,1,1,0,0,0,0,0,0,0,0,1,0,1,0,1,0,0,1,1,0,0,0.61834544,False
94535,38.265899,-121.939461,62,102.0,6529.25,1,0,0,0,1,0,1,1,0,0,1,0,1,0,0,0,1,0,0,0,1,1,0,0,0,1,0,0.3448188,False
94539,37.516791,-121.899117,17,90.2,1454.15,1,0,1,0,1,0,1,1,0,0,1,0,1,0,1,0,0,0,0,0,0,0,0,0,1,0,0,0.5489554,False
94544,37.639215,-122.037554,56,25.15,1327.15,1,0,1,0,1,0,1,0,1,1,0,1,0,1,0,1,0,1,0,1,0,0,1,1,1,0,0,0.15146886,False
94545,37.62984,-122.120843,31,79.85,2404.15,0,0,0,0,1,0,1,1,0,0,0,0,0,0,0,0,1,0,0,0,0,0,0,1,1,0,0,0.6044984,False
94549,37.907777,-122.127161,2,49.6,114.7,0,0,0,0,1,0,0,0,0,0,0,0,1,0,0,0,0,0,0,0,0,0,0,1,0,0,1,0.69096404,False
94564,37.996462,-122.293716,66,105.95,6975.25,0,1,1,0,1,0,1,1,0,0,0,0,0,0,1,0,1,0,1,0,1,1,0,1,1,0,0,0.52401835,False
94565,38.006047,-121.916834,3,91.85,257.05,1,0,0,0,1,0,1,1,0,0,0,0,0,0,1,0,0,0,0,0,1,0,0,0,0,1,0,0.80885816,True
94567,38.672708,-122.403219,1,40.1,40.1,0,0,1,1,0,1,0,0,0,0,0,0,0,0,0,0,1,0,1,0,0,0,0,0,0,1,0,0.5927517,False
94569,38.035707,-122.196821,31,73.9,2217.15,0,1,0,0,1,0,1,1,0,0,0,0,0,0,0,0,0,0,0,0,0,0,0,1,0,1,0,0.73415536,True
94571,38.148862,-121.737696,14,89.8,1129.1,0,0,0,0,1,0,0,1,0,0,0,0,0,0,0,0,0,0,1,0,1,0,0,1,0,0,1,0.7650617,True
94576,38.554383,-122.474773,35,72.25,2568.55,0,0,1,1,1,0,1,0,0,0,1,0,0,0,1,0,1,0,1,0,0,0,0,0,0,1,0,0.2771139,False
94590,38.104705,-122.247387,37,96.55,3580.3,0,1,0,0,1,0,1,1,0,0,0,0,0,0,0,0,0,0,1,0,1,0,0,1,0,1,0,0.7530255,True
94596,37.900662,-122.052782,7,40.1,293.3,0,0,0,0,0,1,0,0,0,0,0,0,1,0,0,0,0,0,0,0,1,0,0,1,1,0,0,0.5820567,False
94601,37.776523,-122.219268,24,101.25,2440.15,1,1,0,0,1,0,1,1,0,0,0,0,1,0,0,0,0,0,1,0,1,0,0,1,0,1,0,0.7831667,True
94602,37.803883,-122.208417,1,79.55,79.55,0,0,0,0,1,0,0,1,0,0,0,0,0,0,0,0,0,0,1,0,0,0,0,0,0,1,0,0.8224914,True
94611,37.828416,-122.216005,32,84.05,2781.85,0,0,0,0,1,0,1,1,0,0,0,0,0,0,0,0,0,0,1,0,0,1,0,0,0,1,0,0.52705353,False
94619,37.787186,-122.14633,1,89.1,89.1,1,0,0,0,1,0,0,1,0,0,0,0,0,0,0,0,0,0,1,0,1,0,0,1,0,1,0,0.8381102,True
94703,37.863843,-122.275684,17,94.4,1607.2,0,0,1,0,1,0,1,1,0,0,1,0,0,0,1,0,0,0,1,0,0,0,0,0,0,1,0,0.66887367,False
94704,37.871416,-122.246597,19,78.25,1490.95,1,0,0,0,1,0,0,1,0,0,0,0,1,0,1,0,0,0,0,0,0,0,0,1,0,1,0,0.7166063,True
94806,37.980269,-122.342635,2,44.15,92.65,1,1,0,0,1,0,0,0,0,0,0,0,0,0,0,0,0,0,0,0,0,0,0,1,0,1,0,0.74199295,True
94903,38.018065,-122.546024,8,75.75,606.25,0,1,0,0,1,0,1,1,0,0,0,0,0,0,0,0,0,0,0,0,0,0,0,1,0,1,0,0.8186645,True
94924,37.943087,-122.72379,1,19.1,19.1,0,0,0,0,1,0,0,0,1,1,0,1,0,1,0,1,0,1,0,1,0,0,0,1,0,0,1,0.5439832,False
94925,37.924014,-122.511694,1,80.3,80.3,1,1,1,0,1,0,1,1,0,0,1,0,0,0,0,0,0,0,0,0,0,0,0,1,0,1,0,0.7400997,True
94931,38.326215,-122.718742,1,74.9,74.9,0,0,0,0,1,0,0,1,0,0,0,0,0,0,1,0,0,0,0,0,0,0,0,1,0,1,0,0.8332858,True
94956,38.060264,-122.830646,9,80.85,751.65,0,1,0,0,1,0,0,1,0,0,0,0,0,0,0,0,0,0,1,0,0,0,0,1,0,1,0,0.8116088,True
94960,37.99272,-122.575026,3,24.75,66.95,1,0,0,0,0,1,0,0,0,0,0,0,0,0,0,0,0,0,0,0,0,0,0,0,0,1,0,0.72062635,True
95006,37.171727,-122.142961,49,90.85,4515.85,0,1,0,0,1,0,1,1,0,0,0,0,0,0,1,0,0,0,0,0,1,0,0,1,1,0,0,0.6189949,False
95010,36.977025,-121.952864,2,79.7,165.0,0,0,1,0,1,0,0,1,0,0,0,0,1,0,1,0,0,0,0,0,0,0,0,0,0,0,0,0.74387765,True
95014,37.306612,-122.080621,55,57.55,3046.4,1,0,1,0,1,0,0,0,0,0,1,0,1,0,0,0,1,0,0,0,0,0,1,0,0,0,0,0.16779913,False
95032,37.233034,-121.947427,21,86.5,1808.7,0,0,1,0,1,0,1,1,0,0,0,0,0,0,0,0,0,0,0,0,1,0,0,1,0,1,0,0.76258844,True
95035,37.441931,-121.878502,69,103.95,7446.9,0,0,1,0,1,0,1,1,0,0,0,0,1,0,1,0,0,0,1,0,1,0,0,1,0,1,0,0.65165615,False
95037,37.161544,-121.649371,1,25.1,25.1,1,1,0,0,0,1,0,0,0,0,0,0,0,0,0,0,0,0,0,0,0,0,0,1,0,1,0,0.7749278,True
95050,37.351214,-121.952417,39,48.95,1880.85,1,0,0,0,0,1,0,0,0,0,1,0,1,0,0,0,1,0,1,0,0,0,0,1,1,0,0,0.3448277,False
95060,36.993451,-122.098858,6,83.55,477.55,1,0,1,0,1,0,0,1,0,0,0,0,1,0,0,0,0,0,0,0,1,0,0,1,1,0,0,0.7657585,True
95110,37.34667,-121.910019,17,89.15,1496.9,0,1,0,0,1,0,0,1,0,0,0,0,1,0,1,0,0,0,1,0,0,0,0,1,0,1,0,0.7480434,True
95116,37.350284,-121.852855,1,70.45,70.45,1,0,0,0,1,0,0,1,0,0,0,0,0,0,0,0,0,0,0,0,0,0,0,1,0,0,1,0.8061753,True
95117,37.311088,-121.961786,58,60.3,3563.8,1,0,1,0,1,0,0,0,0,0,1,0,1,0,1,0,0,0,0,0,0,1,0,0,1,0,0,0.25546402,False
95123,37.238758,-121.828375,1,24.75,24.75,1,0,0,1,0,1,0,0,0,0,0,0,0,0,0,0,0,0,0,0,0,0,0,0,0,1,0,0.61877215,False
95127,37.375156,-121.795867,19,103.3,2012.7,1,0,1,0,1,0,1,1,0,0,0,0,0,0,1,0,1,0,1,0,1,0,0,0,0,1,0,0.72600365,True
95202,37.959706,-121.287669,3,78.5,242.05,1,0,0,0,1,0,0,1,0,0,0,0,0,0,0,0,0,0,1,0,0,0,0,1,0,1,0,0.8162651,True
95204,37.974498,-121.319568,3,19.85,63.75,0,0,0,0,1,0,0,0,1,1,0,1,0,1,0,1,0,1,0,1,0,0,0,0,0,0,1,0.37087926,False
95206,37.902422,-121.440029,3,79.9,260.9,1,1,0,0,1,0,0,1,0,0,0,0,0,0,0,0,0,0,1,0,0,0,0,1,0,1,0,0.8162651,True
95209,38.044523,-121.348048,30,99.7,2967.35,0,1,0,0,1,0,1,1,0,0,0,0,1,0,0,0,0,0,1,0,1,0,0,1,0,1,0,0.7656688,True
95212,38.049457,-121.21653,15,58.6,939.7,1,0,0,0,1,0,1,0,0,0,0,0,1,0,0,0,1,0,0,0,0,0,0,1,1,0,0,0.47846374,False
95220,38.200231,-121.235034,10,98.5,1037.75,1,0,1,0,1,0,1,1,0,0,0,0,0,0,1,0,0,0,1,0,1,0,0,1,0,1,0,0.8106694,True
95223,38.32153,-120.236358,1,50.45,50.45,0,0,0,0,1,0,0,0,0,0,0,0,0,0,1,0,0,0,0,0,0,0,0,1,0,0,1,0.7153254,True
95226,38.233879,-120.861666,38,94.65,3624.3,1,0,1,0,1,0,1,1,0,0,0,0,1,0,1,0,0,0,1,0,0,0,0,1,0,1,0,0.71054083,True
95227,38.227285,-121.02789,1,100.25,100.25,0,0,0,0,1,0,1,1,0,0,0,0,1,0,0,0,0,0,1,0,1,0,0,1,1,0,0,0.796354,True
95231,37.873283,-121.292034,16,88.45,1422.1,0,0,0,0,1,0,1,1,0,0,0,0,0,0,1,0,0,0,0,0,1,0,0,1,0,1,0,0.7701628,True
95232,38.358464,-120.579304,1,69.85,69.85,1,0,0,0,1,0,0,1,0,0,0,0,0,0,0,0,0,0,0,0,0,0,0,1,0,1,0,0.8332858,True
95233,38.184914,-120.364085,12,81.7,858.6,1,0,0,0,1,0,0,1,0,0,1,0,0,0,1,0,0,0,0,0,0,0,0,0,0,0,0,0.637905,False
95237,38.166791,-121.14207,4,79.9,324.3,1,0,0,0,1,0,0,1,0,0,0,0,0,0,0,0,0,0,0,0,1,0,0,1,0,1,0,0.8144637,True
95242,38.128087,-121.4078,15,25.4,399.6,0,0,0,0,1,0,1,0,1,1,0,1,0,1,0,1,0,1,0,1,0,0,0,1,1,0,0,0.32632843,False
95247,38.147852,-120.440124,41,83.75,3273.55,1,1,1,0,1,0,1,1,0,0,1,0,0,0,1,0,0,0,0,0,0,0,0,1,0,0,0,0.62295866,False
95254,38.192608,-120.957842,1,20.9,20.9,0,0,0,0,1,0,0,0,1,1,0,1,0,1,0,1,0,1,0,1,0,0,0,0,0,0,1,0.5655737,False
95301,37.321233,-120.656354,1,69.4,69.4,0,0,1,0,1,0,0,1,0,0,0,0,0,0,0,0,0,0,0,0,0,0,0,1,0,0,1,0.8061753,True
95305,37.818589,-120.256995,7,74.9,541.15,0,0,0,0,1,0,1,1,0,0,0,0,0,0,0,0,0,0,0,0,0,0,0,1,0,1,0,0.80793536,True
95313,37.435664,-121.049056,42,74.15,3229.4,0,1,1,0,1,0,0,1,0,0,1,0,0,0,0,0,0,0,0,0,0,0,0,1,1,0,0,0.58785105,False
95322,37.147198,-121.120161,1,70.1,70.1,0,0,0,0,1,0,0,1,0,0,0,0,0,0,0,0,0,0,0,0,0,0,0,1,0,1,0,0.8332858,True
95326,37.5923,-120.853288,12,78.3,909.25,0,0,0,0,1,0,1,1,0,0,1,0,0,0,0,0,0,0,0,0,0,0,0,1,0,1,0,0.71355367,True
95329,37.666587,-120.411517,55,96.8,5283.95,1,0,0,0,1,0,1,1,0,0,0,0,0,0,0,0,0,0,1,0,1,0,0,1,0,1,0,0.72241974,True
95330,37.80821,-121.308401,17,94.4,1617.5,0,0,0,0,1,0,1,1,0,0,1,0,1,0,0,0,0,0,1,0,0,0,0,1,0,1,0,0.68526196,False
95338,37.526791,-119.99437,1,84.3,84.3,0,0,0,0,1,0,0,1,0,0,0,0,1,0,0,0,0,0,1,0,0,0,0,0,0,1,0,0.80732924,True
95348,37.40122,-120.514191,72,92.45,6440.25,0,1,1,0,1,0,1,0,0,0,1,0,1,0,1,0,1,0,1,0,1,0,1,0,1,0,0,0.14450765,False
95355,37.672906,-120.946594,11,99.55,1131.2,0,1,1,0,1,0,1,1,0,0,0,0,0,0,1,0,0,0,1,0,1,0,0,1,0,1,0,0.8134125,True
95356,37.716186,-121.025836,8,81.25,585.95,1,1,0,0,1,0,1,1,0,0,0,0,0,0,1,0,0,0,0,0,0,0,0,1,0,1,0,0.8186645,True
95358,37.612612,-121.108568,1,19.95,19.95,1,0,1,1,1,0,0,0,1,1,0,1,0,1,0,1,0,1,0,1,0,0,0,0,0,0,0,0.53367084,False
95364,38.224869,-119.755729,23,99.25,2186.4,1,0,1,0,1,0,1,1,0,0,1,0,1,0,1,0,0,0,1,0,0,0,0,1,0,1,0,0.6859288,False
95367,37.734971,-120.954271,39,80.45,3201.55,0,0,0,0,1,0,0,1,0,0,0,0,0,0,1,0,1,0,0,0,0,0,1,1,0,1,0,0.326242,False
95372,37.990574,-120.261821,9,79.35,661.25,1,0,1,0,1,0,1,1,0,0,0,0,0,0,1,0,0,0,0,0,0,0,0,1,0,0,0,0.7700482,True
95374,37.316807,-120.855753,15,79.75,1111.85,0,0,0,0,1,0,1,1,0,0,0,0,1,0,0,0,0,0,0,0,0,0,0,1,0,1,0,0.78568715,True
95380,37.474396,-120.875917,30,100.05,3046.15,0,0,1,0,1,0,1,1,0,0,0,0,0,0,1,0,0,0,1,0,1,0,0,1,0,1,0,0.7653177,True
95382,37.529656,-120.854357,1,69.35,69.35,1,0,0,0,1,0,0,1,0,0,0,0,0,0,0,0,0,0,0,0,0,0,0,1,0,1,0,0.8332858,True
95385,37.609095,-121.263381,3,85.8,272.2,0,0,0,0,1,0,0,1,0,0,0,0,0,0,0,0,1,0,0,0,1,0,0,0,0,1,0,0.78158134,True
95386,37.669516,-120.626964,67,79.7,5293.4,1,0,1,0,1,0,1,0,0,0,1,0,0,0,1,0,0,0,1,0,1,0,1,1,0,1,0,0.21969019,False
95388,37.421299,-120.599587,1,50.55,50.55,0,1,0,0,1,0,1,0,0,0,0,0,0,0,0,0,0,0,0,0,0,0,0,0,0,0,1,0.69016445,False
95403,38.488431,-122.752839,1,80.55,80.55,1,0,1,0,1,0,0,1,0,0,0,0,0,0,0,0,0,0,1,0,0,0,0,1,0,1,0,0.8342029,True
95405,38.439696,-122.668817,12,84.5,916.9,0,0,1,0,1,0,1,1,0,0,0,0,1,0,1,0,0,0,0,0,0,0,0,1,0,1,0,0.8006936,True
95409,38.468893,-122.580539,22,84.3,1855.65,0,0,0,0,1,0,0,1,0,0,0,0,1,0,0,0,0,0,0,0,1,0,0,1,0,0,1,0.63253736,False
95423,39.07116,-122.598542,2,67.75,116.65,1,0,0,0,1,0,0,1,0,0,0,0,0,0,0,0,0,0,0,0,0,0,0,1,0,1,0,0.80570745,True
95426,38.838088,-122.73203,27,85.25,2287.25,0,1,0,0,1,0,1,1,0,0,0,0,0,0,0,0,0,0,0,0,1,0,0,1,0,1,0,0.7483851,True
95431,38.348884,-122.51699,10,80.05,830.7,0,0,0,0,1,0,1,1,0,0,0,0,1,0,0,0,0,0,0,0,0,0,0,1,0,0,0,0.77948684,True
95432,39.108252,-123.645121,1,20.0,20.0,1,0,0,0,1,0,0,0,1,1,0,1,0,1,0,1,0,1,0,1,0,0,0,0,0,0,1,0.5554403,False
95442,38.368744,-122.522642,22,48.8,1054.6,0,0,0,0,1,0,0,0,0,0,1,0,0,0,0,0,0,0,0,0,0,0,0,1,1,0,0,0.48663324,False
95460,39.305545,-123.743697,1,85.05,85.05,0,1,0,0,1,0,1,1,0,0,0,0,0,0,0,0,0,0,0,0,1,0,0,1,0,1,0,0.834597,True
95470,39.298065,-123.25211,21,102.8,2110.15,0,0,1,0,1,0,0,1,0,0,0,0,1,0,1,0,1,0,1,0,1,0,0,1,0,1,0,0.7290106,True
95476,38.25485,-122.461799,6,99.95,547.65,0,0,0,0,1,0,0,1,0,0,0,0,0,0,1,0,1,0,1,0,1,0,0,1,0,0,1,0.7705622,True
95519,40.965011,-124.015255,72,117.8,8684.8,1,0,1,0,1,0,1,1,0,0,1,0,1,0,1,0,1,0,1,0,1,1,0,1,0,0,0,0.5325385,False
95525,40.94338,-123.831799,54,79.5,4370.25,0,1,0,0,1,0,1,1,0,0,0,0,1,0,0,0,0,0,0,0,0,0,0,1,0,1,0,0.71697825,True
95537,40.726949,-124.217378,3,79.65,251.75,1,0,1,0,1,0,1,1,0,0,0,0,0,0,0,0,1,0,0,0,0,0,0,1,0,0,0,0.75580734,True
95546,41.163637,-123.704841,8,94.7,740.3,1,0,0,0,1,0,0,1,0,0,0,0,0,0,1,0,0,0,1,0,1,0,0,1,0,1,0,0.8266056,True
95553,40.210895,-123.86,5,92.5,452.7,1,0,0,0,1,0,1,1,0,0,0,0,0,0,1,0,0,0,1,0,0,0,0,1,0,1,0,0.8271395,True
95554,40.267158,-123.805913,1,19.45,19.45,0,0,1,1,1,0,0,0,1,1,0,1,0,1,0,1,0,1,0,1,0,0,0,0,0,0,1,0.5133227,False
95562,40.485849,-124.163234,2,75.55,166.3,0,0,0,0,1,0,1,1,0,0,0,0,0,0,0,0,0,0,0,0,0,0,0,1,0,1,0,0.7911072,True
95564,40.809636,-124.189977,1,70.0,70.0,1,0,1,0,1,0,0,1,0,0,0,0,0,0,0,0,0,0,0,0,0,0,0,1,0,1,0,0.8036878,True
95567,41.950683,-124.097094,65,74.8,4820.15,1,0,1,0,1,0,0,0,0,0,1,0,0,0,0,0,1,0,1,0,1,0,1,1,0,0,0,0.45793554,False
95570,41.162295,-124.027381,33,104.4,3409.6,0,0,1,0,1,0,1,1,0,0,0,0,1,0,1,0,0,0,1,0,1,0,0,1,0,1,0,0.74805176,True
95595,40.170357,-123.417298,15,86.2,1270.2,0,0,0,0,1,0,0,1,0,0,1,0,0,0,0,0,0,0,1,0,0,0,0,0,0,1,0,0.64339954,False
95602,38.99003,-121.114408,30,51.2,1561.5,0,0,1,1,0,1,0,0,0,0,0,0,0,0,0,0,1,0,1,0,1,0,0,0,1,0,0,0.26597196,False
95612,38.384648,-121.578701,2,19.5,31.55,0,0,0,0,1,0,0,0,1,1,0,1,0,1,0,1,0,1,0,1,0,0,0,0,0,0,1,0.38744676,False
95616,38.508735,-121.678813,4,74.9,321.75,0,1,0,0,1,0,1,1,0,0,0,0,0,0,0,0,0,0,0,0,0,0,0,1,0,1,0,0.80793536,True
95618,38.544002,-121.685559,2,74.9,147.15,0,0,0,0,1,0,1,1,0,0,0,0,0,0,0,0,0,0,0,0,0,0,0,0,1,0,0,0.7522739,True
95626,38.734997,-121.463719,25,100.25,2387.75,0,0,0,0,1,0,1,1,0,0,0,0,1,0,0,0,0,0,1,0,1,0,0,1,0,1,0,0.7831667,True
95628,38.652065,-121.25441,25,102.8,2660.2,0,1,0,0,1,0,1,1,0,0,1,0,1,0,0,0,0,0,1,0,1,0,0,1,0,0,1,0.6830263,False
95630,38.672638,-121.147403,43,100.0,4211.55,1,0,0,0,1,0,1,1,0,0,0,0,0,0,0,0,1,0,1,0,1,1,0,1,0,1,0,0.6309851,False
95632,38.274451,-121.259201,10,99.85,990.9,1,0,1,0,1,0,0,1,0,0,0,0,1,0,0,0,1,0,1,0,1,0,0,1,0,1,0,0.789025,True
95633,38.852544,-120.837669,2,94.2,193.8,0,0,0,0,1,0,1,1,0,0,0,0,0,0,0,0,0,0,1,0,1,0,0,1,0,0,0,0.80530083,True
95636,38.636102,-120.522149,9,83.85,790.15,1,1,0,0,1,0,1,1,0,0,0,0,0,0,0,0,0,0,0,0,1,0,0,1,0,1,0,0.81612056,True
95637,38.830739,-122.196202,27,88.3,2467.75,0,1,0,0,1,0,1,1,0,0,0,0,0,0,1,0,0,0,0,0,1,0,0,0,1,0,0,0.64616627,False
95639,38.375325,-121.507935,69,104.05,7262.0,1,0,0,0,1,0,0,1,0,0,0,0,1,0,1,0,1,0,1,0,1,1,0,1,0,0,0,0.5494687,False
95642,38.336216,-120.76901,22,94.7,1914.9,1,0,1,0,1,0,0,1,0,0,0,0,0,0,1,0,0,0,1,0,1,0,0,1,1,0,0,0.6694803,False
95650,38.809175,-121.171375,56,100.65,5688.05,0,1,1,0,1,0,1,1,0,0,0,0,0,0,1,0,0,0,1,0,1,0,0,1,0,0,0,0.6456161,False
95661,38.736685,-121.251984,66,80.55,5265.1,0,1,1,0,1,0,1,0,0,0,0,0,1,0,1,0,0,0,1,0,1,0,1,1,0,0,0,0.18329954,False
95666,38.546999,-120.271114,24,78.85,1772.25,1,1,1,0,1,0,1,1,0,0,1,0,0,0,0,0,0,0,0,0,0,0,0,1,0,1,0,0.6908026,False
95669,38.489273,-120.891614,1,44.45,44.45,0,0,0,0,1,0,0,0,0,0,0,0,0,0,0,0,0,0,0,0,0,0,0,1,0,0,1,0.7419262,True
95686,38.157794,-121.520223,36,84.9,3067.2,1,0,0,0,1,0,1,1,0,0,0,0,0,0,0,0,0,0,0,0,1,0,0,1,0,1,0,0.7419759,True
95688,38.419088,-122.024568,1,20.25,20.25,1,0,0,0,1,0,0,0,1,1,0,1,0,1,0,1,0,1,0,1,0,0,0,0,0,0,1,0.5307689,False
95690,38.240419,-121.587535,1,74.35,74.35,1,0,0,0,1,0,0,1,0,0,0,0,1,0,0,0,0,0,0,0,0,0,0,1,0,1,0,0.83062106,True
95692,39.043387,-121.409837,1,62.05,62.05,1,0,0,0,1,0,1,0,0,0,0,0,0,0,1,0,1,0,0,0,0,0,0,0,0,0,1,0.5554177,False
95715,39.23754,-120.720196,39,80.0,3182.95,1,0,1,0,1,0,0,0,0,0,1,0,0,0,1,0,1,0,1,0,1,1,0,0,1,0,0,0.3350577,False
95722,39.003358,-121.022539,5,104.1,541.9,1,0,0,0,1,0,1,1,0,0,0,0,1,0,1,0,0,0,1,0,1,0,0,0,0,0,1,0.760497,True
95728,39.279068,-120.414275,24,39.1,971.3,1,1,1,0,0,1,0,0,0,0,1,0,0,0,0,0,0,0,0,0,1,0,0,0,0,0,0,0.4877978,False
95758,38.35363,-121.44195,2,76.5,162.45,1,0,0,0,1,0,1,1,0,0,0,0,0,0,0,0,0,0,0,0,0,0,0,1,0,1,0,0.8186645,True
95776,38.694081,-121.694431,5,49.2,216.9,1,0,0,0,1,0,0,0,0,0,0,0,0,0,0,0,1,0,0,0,0,0,0,1,0,1,0,0.6984022,False
95815,38.608405,-121.449942,11,23.15,245.2,1,0,0,0,1,0,1,0,1,1,0,1,0,1,0,1,0,1,0,1,0,0,0,0,1,0,0,0.325925,False
95817,38.550722,-121.457314,4,80.85,302.75,0,0,1,0,1,0,0,1,0,0,0,0,0,0,0,0,0,0,0,0,1,0,0,0,0,1,0,0.7971157,True
95821,38.625096,-121.383658,1,60.1,60.1,1,0,0,0,1,0,1,0,0,0,0,0,1,0,0,0,1,0,0,0,0,0,0,0,0,0,1,0.6150935,False
95823,38.475465,-121.443625,1,78.95,78.95,1,0,0,0,1,0,0,1,0,0,0,0,0,0,0,0,0,0,1,0,0,0,0,1,0,1,0,0.8381102,True
95828,38.486938,-121.395805,2,45.15,98.5,1,0,0,0,1,0,0,0,0,0,0,0,0,0,0,0,0,0,0,0,0,0,0,1,0,1,0,0.74199295,True
95835,38.685069,-121.543709,3,79.4,244.65,0,0,0,0,1,0,0,1,0,0,0,0,0,0,0,0,0,0,1,0,0,0,0,1,0,1,0,0.8162651,True
95838,38.646096,-121.442433,44,53.95,2375.4,1,0,0,0,0,1,0,0,0,0,0,0,1,0,1,0,0,0,1,0,1,1,0,1,0,0,1,0.50785,False
95842,38.687367,-121.34848,24,99.3,2431.35,0,0,1,0,1,0,0,1,0,0,0,0,1,0,1,0,0,0,1,0,1,0,0,1,1,0,0,0.66670394,False
95918,39.292334,-121.320597,18,80.65,1451.9,1,0,0,0,1,0,1,1,0,0,0,0,1,0,0,0,0,0,0,0,0,0,0,1,0,1,0,0.7553115,True
95923,40.171312,-121.120605,1,71.1,71.1,0,0,0,0,1,0,0,1,0,0,0,0,0,0,0,0,0,0,0,0,0,0,0,0,0,0,1,0.78502506,True
95928,39.681488,-121.83721,65,106.25,6979.8,0,1,1,0,1,0,1,1,0,0,0,0,1,0,1,0,0,0,1,0,1,1,0,1,0,1,0,0.54942465,False
95934,40.080342,-120.957805,53,20.8,1021.8,0,0,1,0,1,0,0,0,1,1,0,1,0,1,0,1,0,1,0,1,0,1,0,0,0,0,0,0.20002638,False
95939,39.53222,-122.594879,1,94.0,94.0,1,1,0,0,1,0,1,1,0,0,0,0,0,0,0,0,0,0,1,0,1,0,0,1,0,1,0,0.8381102,True
95950,39.033058,-121.895718,15,89.85,1424.95,0,1,0,0,1,0,1,1,0,0,0,0,1,0,0,0,0,0,0,0,1,0,0,0,0,1,0,0.7200747,True
95951,39.732767,-122.042298,4,46.0,193.6,0,0,0,0,1,0,0,0,0,0,0,0,0,0,0,0,0,0,0,0,0,0,0,1,0,0,1,0.65621233,False
95953,39.258746,-121.77697,9,66.25,620.55,0,0,0,0,1,0,0,0,0,0,0,0,1,0,0,0,1,0,1,0,0,0,0,0,0,0,1,0.5066895,False
95955,39.281194,-122.226568,22,90.0,1993.8,0,0,0,0,1,0,1,1,0,0,0,0,0,0,0,0,1,0,1,0,0,0,0,1,0,1,0,0.7376235,True
95956,39.937017,-121.058043,38,70.45,2597.6,1,0,0,0,1,0,0,1,0,0,0,0,0,0,0,0,0,0,0,0,0,1,0,1,0,0,0,0.4295919,False
95961,39.082568,-121.55325,53,19.75,1052.35,1,0,0,0,1,0,0,0,1,1,0,1,0,1,0,1,0,1,0,1,0,0,1,0,0,0,0,0.1522232,False
95966,39.473896,-121.415927,1,53.95,53.95,1,0,0,0,1,0,0,0,0,0,1,0,0,0,0,0,1,0,0,0,0,0,0,1,0,1,0,0.65416247,False
95970,39.424957,-122.039307,8,105.5,829.55,0,1,0,0,1,0,1,1,0,0,0,0,1,0,1,0,0,0,1,0,1,0,0,1,0,1,0,0.79891217,True
95971,39.971228,-121.041166,16,81.0,1312.15,0,0,0,0,1,0,0,1,0,0,0,0,0,0,0,0,0,0,1,0,0,0,0,1,0,1,0,0.75637996,True
95984,40.022184,-121.062384,1,69.8,69.8,0,0,1,0,1,0,0,1,0,0,0,0,0,0,0,0,0,0,0,0,0,0,0,1,0,1,0,0.8332858,True
95987,39.117537,-122.284654,7,73.75,545.15,1,1,0,0,1,0,1,1,0,0,0,0,0,0,0,0,0,0,0,0,0,0,0,0,0,0,1,0.74026626,True
95993,39.075694,-121.70606,9,54.55,494.05,1,1,0,0,1,0,1,0,0,0,1,0,0,0,0,0,0,0,0,0,0,0,0,0,0,1,0,0.5830765,False
96007,40.448632,-122.306657,37,76.25,2841.55,0,1,0,0,1,0,1,1,0,0,0,0,0,0,0,0,0,0,0,0,0,0,0,1,0,1,0,0.73415536,True
96008,40.722733,-122.109666,5,93.9,486.85,0,0,0,0,1,0,1,1,0,0,0,0,0,0,0,0,0,0,1,0,1,0,0,1,0,0,1,0.80530083,True
96011,41.096569,-121.879082,3,70.4,204.7,0,1,0,0,1,0,0,1,0,0,0,0,0,0,0,0,0,0,0,0,0,0,0,1,0,1,0,0.7959464,True
96017,41.121108,-122.336613,31,91.15,2995.45,0,0,1,0,1,0,1,1,0,0,0,0,1,0,0,0,0,0,0,0,1,0,0,1,0,1,0,0.7418043,True
96024,40.586588,-122.903677,2,70.95,137.95,0,0,0,0,1,0,0,1,0,0,0,0,0,0,0,0,0,0,0,0,0,0,0,1,0,1,0,0.80137336,True
96032,41.5837,-122.935922,37,99.5,3762.0,0,0,1,0,1,0,1,1,0,0,0,0,0,0,1,0,0,0,1,0,1,0,0,1,0,1,0,0.7476828,True
96039,41.831901,-123.487478,38,83.9,3233.6,0,0,0,0,1,0,0,1,0,0,1,0,1,0,1,0,0,0,0,0,0,0,0,1,1,0,0,0.5145696,False
96040,40.789799,-121.474529,48,117.45,5438.9,0,1,1,0,1,0,1,1,0,0,1,0,1,0,1,0,1,0,1,0,1,0,0,0,0,1,0,0.5700024,False
96041,40.547857,-123.187265,10,104.4,1081.45,1,0,0,0,1,0,0,1,0,0,1,0,1,0,1,0,0,0,1,0,1,0,0,1,0,1,0,0.7182428,True
96052,40.704293,-122.803899,8,29.4,221.9,1,1,0,0,0,1,0,0,0,0,0,0,0,0,1,0,0,0,0,0,0,0,0,1,0,1,0,0.6610824,False
96064,41.759864,-122.379175,2,44.65,74.9,1,0,0,0,1,0,0,0,0,0,0,0,0,0,0,0,0,0,0,0,0,0,0,0,0,0,1,0.6397933,False
96071,40.656287,-121.428965,3,25.25,58.9,0,0,0,0,0,1,0,0,0,0,0,0,0,0,0,0,0,0,0,0,0,0,0,0,0,1,0,0.7083543,True
96073,40.582399,-122.195512,4,84.05,333.55,0,0,0,0,1,0,1,1,0,0,0,0,1,0,1,0,0,0,0,0,0,0,0,0,0,0,0,0.7551251,True
96074,39.884395,-122.587513,37,85.7,3171.15,1,1,1,0,1,0,1,1,0,0,0,0,0,0,0,0,0,0,1,0,0,0,0,1,0,1,0,0.72107285,True
96075,40.343213,-121.815412,1,74.7,74.7,0,0,0,0,1,0,0,1,0,0,0,0,1,0,0,0,0,0,0,0,0,0,0,1,0,1,0,0.83062106,True
96080,40.186772,-122.388361,5,90.8,455.5,0,0,0,0,1,0,1,1,0,0,0,0,1,0,0,0,0,0,1,0,0,0,0,1,0,1,0,0.8233081,True
96088,40.497441,-121.827524,28,106.15,3152.5,0,1,0,0,1,0,1,1,0,0,0,0,1,0,1,0,0,0,1,0,1,0,0,1,0,1,0,0.74805176,True
96091,41.081847,-122.700545,30,85.35,2530.4,0,0,0,0,1,0,0,0,0,0,1,0,1,0,1,0,1,0,1,0,1,1,0,0,0,0,0,0.37707752,False
96093,40.759401,-122.939337,36,90.85,3186.7,1,1,0,0,1,0,1,1,0,0,1,0,0,0,0,0,0,0,1,0,0,0,0,1,0,1,0,0.6519936,False
96110,41.280341,-120.150381,1,35.75,35.75,0,0,0,0,0,1,0,0,0,0,0,0,0,0,0,0,0,0,1,0,0,0,0,1,0,1,0,0.75010043,True
96115,41.729079,-120.225025,4,46.0,181.6,0,1,1,1,1,0,0,0,0,0,0,0,0,0,0,0,0,0,0,0,0,0,0,0,0,1,0,0.61813056,False
96125,39.600599,-120.636358,17,89.4,1539.45,1,0,1,0,1,0,0,1,0,0,1,0,0,0,1,0,0,0,1,0,0,0,0,1,0,1,0,0.7025469,True
96130,40.559177,-120.612113,3,19.8,58.15,1,0,0,0,1,0,0,0,1,1,0,1,0,1,0,1,0,1,0,1,0,0,0,1,0,0,1,0.40935242,False
96132,41.027281,-120.669427,4,50.9,225.6,1,0,1,1,1,0,1,0,0,0,0,0,0,0,0,0,0,0,0,0,0,0,0,1,0,1,0,0.6632671,False
96137,40.271535,-121.018087,4,81.0,340.85,1,0,0,0,1,0,0,1,0,0,0,0,0,0,0,0,0,0,1,0,0,0,0,1,0,1,0,0.8162651,True
96140,39.227434,-120.091806,26,98.35,2515.3,1,0,0,0,1,0,1,1,0,0,0,0,0,0,1,0,0,0,1,0,1,0,0,1,0,1,0,0.787644,True
96142,39.061227,-120.179546,5,51.0,305.95,1,0,0,0,0,1,0,0,0,0,0,0,1,0,0,0,0,0,1,0,1,0,0,1,0,0,1,0.6435109,False
96143,39.246654,-120.029273,4,91.65,365.4,0,0,1,0,1,0,1,1,0,0,0,0,1,0,0,0,0,0,1,0,0,0,0,1,0,1,0,0.8233081,True
96150,38.911577,-120.106169,1,90.85,90.85,1,0,0,0,1,0,0,1,0,0,0,0,0,0,0,0,0,0,1,0,1,0,0,1,0,1,0,0.8381102,True
96161,39.342498,-120.247127,1,69.4,69.4,1,0,0,0,1,0,0,1,0,0,0,0,0,0,0,0,0,0,0,0,0,0,0,0,0,0,1,0.78502506,True
90001,33.973616,-118.24902,8,94.45,742.95,0,1,0,0,1,0,0,1,0,0,0,0,0,0,1,0,0,0,1,0,1,0,0,1,1,0,0,0.78554296,True
90004,34.076259,-118.310715,1,20.15,20.15,0,0,1,1,1,0,0,0,1,1,0,1,0,1,0,1,0,1,0,1,0,0,0,1,1,0,0,0.58357936,False
90005,34.059281,-118.30742,50,95.7,4816.7,1,1,0,0,1,0,1,1,0,0,0,0,0,0,0,0,0,0,1,0,1,0,0,1,0,1,0,0.72136045,True
90010,34.062125,-118.315709,26,74.95,1834.95,0,0,0,0,1,0,1,1,0,0,0,0,0,0,0,0,0,0,0,0,0,0,0,1,0,0,0,0.6691704,False
90011,34.00709,-118.258681,6,47.95,305.1,0,0,0,0,0,1,0,0,0,0,0,0,0,0,1,0,0,0,1,0,1,0,0,1,0,1,0,0.68932396,False
90013,34.044639,-118.240413,3,63.6,155.65,0,0,0,0,1,0,1,0,0,0,0,0,0,0,0,0,1,0,1,0,0,0,0,1,0,1,0,0.62587094,False
90020,34.066367,-118.309868,3,36.85,108.7,1,0,0,0,0,1,0,0,0,0,0,0,1,0,0,0,1,0,0,0,0,0,0,1,0,0,1,0.6780998,False
90024,34.066303,-118.435479,1,44.1,44.1,0,0,0,0,1,0,0,0,0,0,0,0,0,0,0,0,0,0,0,0,0,0,0,1,0,1,0,0.7749278,True
90027,34.127194,-118.295647,14,50.75,712.75,1,0,0,0,0,1,0,0,0,0,0,0,0,0,1,0,0,0,1,0,1,0,0,1,0,1,0,0.6399254,False
90028,34.099869,-118.326843,61,104.4,6405.0,0,1,1,0,1,0,1,1,0,0,0,0,1,0,1,0,0,0,1,0,1,1,0,1,1,0,0,0.4486711,False
90029,34.089953,-118.294824,40,39.3,1637.4,0,1,1,0,0,1,0,0,0,0,0,0,1,0,0,0,0,0,1,0,0,0,0,1,0,1,0,0.55710334,False
90038,34.088017,-118.327168,58,106.45,6145.85,0,0,0,0,1,0,0,1,0,0,1,0,1,0,1,0,0,0,1,0,1,1,0,1,0,1,0,0.5055473,False
90041,34.137412,-118.207607,18,96.05,1740.7,0,0,0,0,1,0,0,1,0,0,1,0,0,0,0,0,0,0,1,0,1,0,0,1,0,1,0,0.72385865,True
90042,34.11572,-118.192754,7,75.1,552.95,0,0,0,0,1,0,1,1,0,0,0,0,0,0,0,0,0,0,0,0,0,0,0,1,0,0,0,0.77140385,True
90044,33.952714,-118.292061,2,44.7,93.7,1,1,0,0,1,0,0,0,0,0,0,0,0,0,0,0,0,0,0,0,0,0,0,1,0,1,0,0.7511406,True
90048,34.072945,-118.37267,19,55.0,1046.5,1,0,0,0,1,0,0,0,0,0,0,0,0,0,1,0,1,0,0,0,0,0,0,1,1,0,0,0.52057993,False
90056,33.987945,-118.370442,11,74.35,834.2,1,0,1,0,1,0,1,1,0,0,0,0,0,0,0,0,0,0,0,0,0,0,0,1,0,1,0,0.7767765,True
90058,34.001617,-118.222274,39,104.7,4134.85,0,0,1,0,1,0,0,1,0,0,1,0,0,0,1,0,1,0,1,0,1,1,0,1,1,0,0,0.43965635,False
90059,33.927254,-118.249826,15,55.7,899.8,0,0,0,0,1,0,1,0,0,0,1,0,0,0,0,0,0,0,0,0,0,0,0,1,0,0,1,0.46876374,False
90071,34.052917,-118.255178,5,19.85,108.05,0,0,0,0,1,0,0,0,1,1,0,1,0,1,0,1,0,1,0,1,0,0,0,0,1,0,0,0.37686446,False
90221,33.885811,-118.206459,1,70.3,70.3,0,0,0,0,1,0,0,1,0,0,0,0,0,0,0,0,0,0,0,0,0,0,0,1,0,1,0,0.79702556,True
90240,33.956228,-118.120993,10,85.55,851.75,1,1,1,0,1,0,1,1,0,0,0,0,0,0,0,0,0,0,0,0,1,0,0,0,0,1,0,0.77372277,True
90245,33.917145,-118.401554,6,94.5,575.45,1,0,0,0,1,0,0,1,0,0,0,0,0,0,1,0,0,0,1,0,1,0,0,0,0,0,1,0.77968216,True
90255,33.97803,-118.217141,16,85.35,1375.15,0,1,1,0,1,0,1,1,0,0,0,0,0,0,0,0,0,0,0,0,1,0,0,1,1,0,0,0.7241756,True
90260,33.88856,-118.351813,2,79.65,152.7,0,0,0,0,1,0,0,1,0,0,0,0,0,0,0,0,0,0,1,0,0,0,0,1,0,0,1,0.78088814,True
90263,34.037037,-118.705803,2,79.6,195.05,0,1,0,0,1,0,0,1,0,0,0,0,0,0,0,0,0,0,0,0,1,0,0,1,0,1,0,0.7916215,True
90272,34.079449,-118.548306,19,90.6,1660.0,1,1,0,0,1,0,1,1,0,0,1,0,0,0,0,0,0,0,1,0,0,0,0,1,0,1,0,0.69052047,False
90290,34.115192,-118.61017,1,20.2,20.2,0,0,0,0,1,0,0,0,1,1,0,1,0,1,0,1,0,1,0,1,0,0,0,1,0,0,0,0.51892453,False
90291,33.991782,-118.479229,66,106.05,6981.35,1,0,1,0,1,0,1,1,0,0,1,0,0,0,1,0,0,0,1,0,1,0,1,1,1,0,0,0.43522036,False
90402,34.035849,-118.503508,36,99.15,3615.6,0,0,0,0,1,0,1,1,0,0,0,0,1,0,0,0,0,0,1,0,1,0,0,1,0,1,0,0.70788956,True
90405,34.005439,-118.477507,39,55.9,2184.35,0,0,1,0,0,1,0,0,0,0,1,0,0,0,1,0,0,0,1,0,1,0,0,0,0,1,0,0.5258629,False
90501,33.833699,-118.314387,21,82.35,1852.85,1,0,0,0,1,0,1,1,0,0,0,0,1,0,0,0,0,0,0,0,0,0,0,1,0,1,0,0.7402565,True
90502,33.833181,-118.292062,2,40.4,77.15,1,0,0,0,0,1,0,0,0,0,0,0,1,0,1,0,1,0,0,0,0,0,0,1,1,0,0,0.64279497,False
90602,33.972119,-118.020188,4,75.35,338.1,0,0,0,0,1,0,1,1,0,0,0,0,0,0,0,0,0,0,0,0,0,0,0,0,0,1,0,0.7630026,True
90603,33.945318,-117.992066,35,85.15,3030.6,1,0,0,0,1,0,0,1,0,0,0,0,0,0,1,0,0,0,1,0,0,1,0,1,0,1,0,0.47841823,False
90623,33.850504,-118.039892,33,93.8,3124.5,0,0,1,0,1,0,0,1,0,0,0,0,0,0,1,0,0,0,1,0,1,1,0,1,0,1,0,0.48162794,False
90703,33.8681,-118.067402,45,20.4,930.45,1,0,0,0,1,0,0,0,1,1,0,1,0,1,0,1,0,1,0,1,0,1,0,1,0,1,0,0.20209764,False
90712,33.840524,-118.148403,7,94.7,673.1,1,1,1,0,1,0,1,1,0,0,1,0,1,0,0,0,0,0,0,0,1,0,0,1,1,0,0,0.6962476,False
90713,33.847755,-118.112532,6,30.5,208.7,1,0,0,0,0,1,0,0,0,0,0,0,1,0,0,0,0,0,0,0,0,0,0,1,1,0,0,0.64869624,False
90732,33.744119,-118.31448,3,77.0,237.75,1,1,0,0,1,0,1,1,0,0,0,0,0,0,0,0,0,0,0,0,0,0,0,1,0,1,0,0.7962101,True
90740,33.75462,-118.071128,11,20.1,221.35,0,0,0,1,1,0,0,0,1,1,0,1,0,1,0,1,0,1,0,1,0,0,0,0,1,0,0,0.46159872,False
90742,33.719221,-118.073596,1,75.3,75.3,0,0,0,0,1,0,0,1,0,0,0,0,0,0,1,0,0,0,0,0,0,0,0,0,0,1,0,0.79472226,True
90802,33.752524,-118.210737,40,99.2,4062.2,0,1,1,0,1,0,0,1,0,0,0,0,1,0,0,0,1,0,1,0,1,1,0,1,1,0,0,0.36586297,False
90808,33.823943,-118.111335,47,85.5,4042.3,1,1,0,0,1,0,0,1,0,0,1,0,0,0,0,0,0,0,0,0,1,0,0,0,0,0,1,0.54618305,False
90810,33.819814,-118.222416,7,20.05,164.85,0,0,0,0,1,0,0,0,1,1,0,1,0,1,0,1,0,1,0,1,0,0,0,0,0,0,1,0.4220093,False
90822,33.778436,-118.118648,1,70.4,70.4,1,0,0,0,1,0,0,1,0,0,0,0,0,0,0,0,0,0,0,0,0,0,0,0,0,1,0,0.79472226,True
91010,34.145695,-117.95982,7,49.75,331.3,1,0,1,0,1,0,0,0,0,0,1,0,0,0,0,0,0,0,0,0,0,1,0,1,0,1,0,0.47221455,False
91020,34.2112,-118.230625,15,75.3,1147.45,0,1,0,0,1,0,0,1,0,0,0,0,1,0,0,0,0,0,0,0,0,0,0,1,1,0,0,0.72549504,True
91030,34.110444,-118.156957,11,94.0,1078.9,0,0,1,0,1,0,1,1,0,0,0,0,0,0,0,0,0,0,1,0,1,0,0,1,0,1,0,0.7992697,True
91042,34.296574,-118.244839,67,118.35,7804.15,1,0,0,0,1,0,1,1,0,0,1,0,1,0,1,0,1,0,1,0,1,1,0,1,0,0,0,0.38608077,False
91104,34.165383,-118.123752,8,30.45,226.45,1,0,0,0,0,1,0,0,0,0,1,0,0,0,0,0,0,0,0,0,0,0,0,1,0,1,0,0.6768682,False
91105,34.13946,-118.166649,44,96.1,4364.1,0,0,1,0,1,0,1,1,0,0,0,0,0,0,0,0,0,0,1,0,1,0,0,1,0,1,0,0.73021036,True
91107,34.159007,-118.087353,24,104.25,2433.9,1,1,1,0,1,0,1,1,0,0,0,0,1,0,1,0,0,0,1,0,1,0,0,1,0,1,0,0.7467067,True
91108,34.122671,-118.112911,15,80.2,1217.25,1,1,0,0,1,0,1,1,0,0,0,0,1,0,0,0,0,0,0,0,0,0,0,1,0,1,0,0.7569244,True
91324,34.238208,-118.55029,17,104.2,1743.5,0,0,1,0,1,0,1,1,0,0,1,0,0,0,1,0,0,0,1,0,1,0,0,1,0,1,0,0.75765723,True
91351,34.422519,-118.420717,1,69.65,69.65,1,1,0,0,1,0,0,1,0,0,0,0,0,0,0,0,0,0,0,0,0,0,0,1,0,1,0,0.81222665,True
91355,34.43987,-118.644609,9,80.8,713.1,1,0,0,0,1,0,0,1,0,0,0,0,0,0,0,0,0,0,0,0,1,0,0,1,0,1,0,0.7865039,True
91367,34.178068,-118.615714,7,80.3,526.7,0,0,0,0,1,0,0,1,0,0,0,0,0,0,0,0,0,0,1,0,0,0,0,1,0,0,1,0.78088814,True
91384,34.506627,-118.699048,36,84.1,3021.6,1,1,1,0,1,0,1,1,0,0,0,0,0,0,0,0,0,0,0,0,1,0,0,1,0,1,0,0.7242541,True
91402,34.223768,-118.445461,3,69.35,191.35,1,0,0,0,1,0,0,0,0,0,0,0,0,0,0,0,1,0,1,0,1,0,0,1,0,1,0,0.6017416,False
91411,34.17847,-118.459472,34,79.6,2718.3,0,1,1,0,1,0,1,1,0,0,0,0,1,0,0,0,0,0,0,0,0,0,0,1,0,0,1,0.6703009,False
91501,34.188339,-118.300942,1,36.45,36.45,0,1,0,0,0,1,0,0,0,0,0,0,0,0,0,0,0,0,1,0,0,0,0,1,0,1,0,0.7749278,True
91605,34.207295,-118.400022,22,89.4,2001.5,1,0,0,0,1,0,0,1,0,0,0,0,1,0,1,0,0,0,1,0,0,0,0,1,0,1,0,0.67668426,False
91702,34.174493,-117.87068,47,80.35,3825.85,0,1,1,0,1,0,1,1,0,0,1,0,0,0,0,0,0,0,0,0,0,0,0,0,0,1,0,0.6147888,False
91731,34.079934,-118.046695,24,40.65,933.3,0,1,1,0,0,1,0,0,0,0,0,0,0,0,1,0,0,0,0,0,1,0,0,1,1,0,0,0.55627906,False
91737,34.245289,-117.642503,53,60.45,3184.25,1,0,1,0,0,1,0,0,0,0,0,0,1,0,1,0,1,0,1,0,1,1,0,1,0,1,0,0.44695544,False
91739,34.133809,-117.523724,8,84.9,764.95,0,0,1,0,1,0,1,1,0,0,0,0,0,0,0,0,0,0,0,0,1,0,0,1,0,1,0,0.82069004,True
91744,34.031441,-117.936436,2,73.55,145.4,0,0,1,0,1,0,0,1,0,0,0,0,1,0,0,0,0,0,0,0,0,0,0,1,0,0,0,0.7618476,True
91745,33.998471,-117.973758,8,20.15,156.25,0,0,1,0,1,0,0,0,1,1,0,1,0,1,0,1,0,1,0,1,0,0,0,0,0,0,0,0.34768733,False
91746,34.038983,-117.991372,48,34.7,1604.5,0,0,1,0,0,1,0,0,0,0,0,0,1,0,1,0,0,0,0,0,0,1,0,0,0,0,1,0.30956677,False
91767,34.083086,-117.737997,43,107.55,4533.9,0,1,1,0,1,0,1,1,0,0,0,0,0,0,1,0,1,0,1,0,1,1,0,1,0,1,0,0.6039025,False
91770,34.065108,-118.082791,16,98.75,1587.55,1,1,1,0,1,0,1,1,0,0,0,0,0,0,1,0,0,0,1,0,1,0,0,1,0,1,0,0.7846068,True
91775,34.114772,-118.089431,8,101.15,842.9,0,0,1,0,1,0,0,1,0,0,0,0,1,0,1,0,0,0,1,0,1,0,0,0,0,1,0,0.79060525,True
91801,34.090925,-118.128164,20,88.7,1761.45,1,0,0,0,1,0,1,1,0,0,0,0,0,0,1,0,0,0,1,0,0,0,0,1,0,1,0,0.7745777,True
91905,32.677097,-116.304991,2,79.75,164.5,0,0,0,0,1,0,0,1,0,0,0,0,0,0,0,0,0,0,1,0,0,0,0,1,0,1,0,0.81270385,True
91906,32.673483,-116.472863,27,94.55,2724.6,0,0,0,0,1,0,1,1,0,0,0,0,0,0,0,0,0,0,1,0,1,0,0,1,0,0,1,0.7060225,True
91914,32.688506,-116.938632,5,69.05,318.5,0,1,0,0,1,0,0,1,0,0,0,0,0,0,0,0,0,0,0,0,0,0,0,1,0,0,1,0.75250703,True
91932,32.579134,-117.119009,52,96.25,4990.25,1,0,1,0,1,0,1,1,0,0,0,0,0,0,1,0,1,0,0,0,1,0,1,1,0,0,0,0.4796932,False
91934,32.649787,-116.2237,37,101.1,3744.05,1,1,0,0,1,0,1,1,0,0,0,0,0,0,1,0,0,0,1,0,1,0,0,1,0,1,0,0.74511546,True
91935,32.695681,-116.798386,69,104.7,7220.35,1,0,0,0,1,0,1,1,0,0,0,0,1,0,0,0,1,0,1,0,1,1,0,1,0,0,0,0.49455908,False
92004,33.200369,-116.192313,40,55.25,2139.2,1,0,0,1,1,0,0,0,0,0,1,0,1,0,0,0,0,0,0,0,0,0,0,1,0,0,1,0.2831343,False
92008,33.148116,-117.306043,6,90.1,521.3,0,0,0,0,1,0,1,1,0,0,0,0,1,0,0,0,0,0,1,0,0,0,0,1,0,1,0,0.8233081,True
92019,32.785165,-116.862648,11,53.75,608.0,1,0,0,0,1,0,1,0,0,0,0,0,0,0,1,0,0,0,0,0,0,0,0,0,0,1,0,0.66060525,False
92021,32.832706,-116.873258,6,89.3,577.6,0,0,0,0,1,0,0,1,0,0,0,0,0,0,0,0,0,0,1,0,1,0,0,0,0,1,0,0.8063596,True
92028,33.362575,-117.299644,3,95.2,292.85,0,0,1,0,1,0,1,1,0,0,0,0,0,0,0,0,0,0,1,0,1,0,0,1,0,1,0,0.82849336,True
92036,32.980678,-116.262854,5,45.7,198.0,0,1,0,0,0,1,0,0,0,0,0,0,0,0,0,0,0,0,1,0,1,0,0,0,0,1,0,0.7345186,True
92040,32.909873,-116.906774,8,74.5,609.9,1,0,1,0,1,0,0,1,0,0,1,0,0,0,0,0,0,0,0,0,0,0,0,1,0,1,0,0.7218361,True
92056,33.194742,-117.29032,1,79.65,79.65,0,0,0,0,1,0,0,1,0,0,0,0,0,0,0,0,0,0,1,0,0,0,0,1,0,1,0,0.8381102,True
92071,32.847336,-116.997605,28,101.3,2812.2,0,1,1,0,1,0,1,1,0,0,0,0,0,0,0,0,1,0,1,0,1,0,0,1,1,0,0,0.6859111,False
92075,33.001813,-117.263628,1,80.05,80.05,0,0,1,0,1,0,0,1,0,0,0,0,0,0,0,0,0,0,1,0,0,0,0,1,0,0,1,0.807207,True
92078,33.119028,-117.166036,29,89.2,2698.35,1,0,1,0,1,0,1,1,0,0,0,0,0,0,1,0,0,0,0,0,1,0,0,1,0,1,0,0.7483851,True
92091,32.99356,-117.207121,19,83.65,1465.75,1,0,1,0,1,0,1,1,0,0,0,0,0,0,0,0,0,0,0,0,1,0,0,1,0,1,0,0.76375926,True
92105,32.741859,-117.090353,6,19.5,146.3,0,0,1,0,1,0,0,0,1,1,0,1,0,1,0,1,0,1,0,1,0,0,0,0,0,0,0,0.39141357,False
92106,32.71346,-117.236378,1,51.25,51.25,1,0,0,0,1,0,0,0,0,0,0,0,0,0,0,0,1,0,0,0,0,0,0,0,0,0,1,0.6590511,False
92109,32.787836,-117.232376,1,45.6,45.6,1,0,0,0,1,0,0,0,0,0,0,0,0,0,0,0,0,0,0,0,0,0,0,1,0,1,0,0.7707999,True
92111,32.805518,-117.169052,6,49.65,267.35,0,0,0,0,1,0,0,0,0,0,0,0,0,0,0,0,1,0,0,0,0,0,0,1,0,0,0,0.64319783,False
92121,32.898613,-117.202937,15,20.0,288.05,1,0,1,1,1,0,0,0,1,1,0,1,0,1,0,1,0,1,0,1,0,0,0,1,0,1,0,0.35847,False
92124,32.827238,-117.089287,25,34.0,853.0,0,0,1,0,0,1,0,0,0,0,0,0,0,0,0,0,0,0,1,0,0,0,0,1,0,0,0,0.60996664,False
92126,32.886925,-117.152162,10,92.5,934.1,1,1,1,0,1,0,0,1,0,0,0,0,1,0,1,0,1,0,1,0,0,0,0,1,0,0,1,0.748057,True
92129,32.961064,-117.134917,13,88.35,1222.8,0,0,1,0,1,0,0,1,0,0,0,0,0,0,0,0,0,0,1,0,1,0,0,0,0,1,0,0.75087667,True
92130,32.957195,-117.202542,49,107.95,5293.2,0,0,1,0,1,0,1,1,0,0,0,0,1,0,1,0,1,0,1,0,1,0,1,1,0,0,0,0.4530853,False
92210,33.537646,-116.291089,1,74.45,74.45,0,1,0,0,1,0,1,1,0,0,0,0,0,0,0,0,0,0,0,0,0,0,0,1,0,0,1,0.8061753,True
92211,33.762759,-116.324817,37,64.75,2345.2,0,0,0,0,1,0,0,0,0,0,0,0,0,0,0,0,0,0,1,0,1,0,0,1,0,1,0,0.48026422,False
92225,33.674583,-114.71612,26,89.8,2335.3,1,0,0,0,1,0,0,1,0,0,0,0,1,0,1,0,0,0,1,0,0,0,0,0,0,1,0,0.6016585,False
92236,33.680031,-116.171678,12,95.5,1115.15,0,0,0,0,1,0,0,1,0,0,0,0,0,0,1,0,0,0,1,0,1,1,0,0,0,0,1,0.60187894,False
92251,32.858595,-115.662709,10,29.65,291.4,0,1,0,0,0,1,0,0,0,0,0,0,0,0,0,0,1,0,0,0,0,0,0,1,0,1,0,0.7120618,True
92252,34.167236,-116.281511,5,84.5,453.75,1,0,1,0,1,0,1,1,0,0,1,0,0,0,1,0,0,0,0,0,0,0,0,1,0,1,0,0.72661066,True
92257,33.345825,-115.596574,18,90.7,1597.25,1,0,0,0,1,0,1,1,0,0,0,0,0,0,1,0,0,0,0,0,1,0,0,1,1,0,0,0.64551497,False
92262,33.839989,-116.659215,3,70.3,235.5,0,1,0,0,1,0,0,1,0,0,0,0,0,0,0,0,0,0,0,0,0,0,0,1,0,1,0,0.7920916,True
92267,34.273872,-114.192901,54,103.95,5639.05,0,0,0,0,1,0,1,1,0,0,1,0,0,0,1,0,0,0,1,0,1,1,0,1,0,0,0,0.5327565,False
92273,32.790282,-115.689559,10,74.75,799.65,0,0,0,0,1,0,1,1,0,0,0,0,0,0,0,0,0,0,0,0,0,0,0,1,0,1,0,0.7993655,True
92274,33.53604,-116.119222,1,50.8,50.8,0,0,0,0,1,0,0,0,0,0,0,0,0,0,0,0,1,0,0,0,0,0,0,1,0,1,0,0.66043836,False
92280,34.264124,-114.717964,2,80.25,144.55,1,0,0,0,1,0,0,1,0,0,0,0,0,0,0,0,0,0,1,0,0,0,0,1,0,1,0,0.7874452,True
92281,33.03679,-115.60503,32,78.9,2447.95,1,0,1,0,1,0,1,1,0,0,0,0,0,0,1,0,0,0,0,0,0,0,0,1,0,1,0,0.7042856,True
92283,32.852947,-114.850784,36,84.75,3050.15,1,0,0,0,1,0,1,1,0,0,0,0,0,0,0,0,0,0,0,0,1,0,0,1,0,1,0,0.69827163,False
92285,34.341737,-116.539416,53,85.45,4517.25,1,0,0,0,1,0,1,1,0,0,0,0,0,0,0,0,0,0,1,0,0,0,0,0,0,0,0,0.6192279,False
92305,34.1678,-116.86433,1,19.9,19.9,1,0,1,1,1,0,0,0,1,1,0,1,0,1,0,1,0,1,0,1,0,0,0,0,0,0,1,0.5446066,False
92308,34.424926,-117.184503,12,99.45,1200.15,1,1,0,0,1,0,1,1,0,0,0,0,0,0,1,0,0,0,1,0,1,0,0,1,0,1,0,0.8099418,True
92311,34.965648,-117.001509,1,70.6,70.6,0,0,0,0,1,0,0,1,0,0,0,0,0,0,0,0,0,0,0,0,0,0,0,1,0,1,0,0.8332858,True
92314,34.278967,-116.773825,5,81.0,389.6,0,0,0,0,1,0,0,1,0,0,0,0,0,0,0,0,0,0,1,0,0,0,0,1,1,0,0,0.7801417,True
92316,34.059722,-117.39104,6,84.85,523.5,1,0,0,0,1,0,0,1,0,0,0,0,1,0,0,0,0,0,1,0,0,0,0,1,0,1,0,0.8094615,True
92338,34.702766,-116.093376,26,89.15,2277.65,0,1,0,0,1,0,1,1,0,0,0,0,1,0,0,0,0,0,1,0,0,0,0,1,0,1,0,0.7195953,True
92341,34.244411,-117.072654,1,24.8,24.8,0,1,1,0,0,1,0,0,0,0,0,0,0,0,0,0,0,0,0,0,0,0,0,1,0,1,0,0.7749278,True
92346,34.129677,-117.154277,64,105.65,6903.1,1,0,0,0,1,0,1,1,0,0,0,0,1,0,0,0,1,0,1,0,1,1,0,1,1,0,0,0.49261925,False
92365,34.89326,-116.505958,13,80.85,1008.7,1,0,0,0,1,0,0,1,0,0,0,0,0,0,0,0,0,0,0,0,1,0,0,1,0,1,0,0.7835765,True
92374,34.064073,-117.166158,9,89.45,853.1,0,0,1,0,1,0,0,1,0,0,0,0,0,0,0,0,0,0,1,0,1,0,0,0,0,1,0,0.787169,True
92377,34.156758,-117.404686,10,72.15,794.25,1,0,0,0,1,0,1,0,0,0,0,0,0,0,0,0,0,0,1,0,1,0,0,1,1,0,0,0.57406455,False
92384,35.924252,-116.188668,2,76.4,160.8,0,0,0,0,1,0,0,0,0,0,0,0,0,0,1,0,1,0,1,0,1,0,0,0,0,1,0,0.6031254,False
92397,34.358321,-117.618263,20,61.6,1174.35,0,1,0,0,1,0,1,0,0,0,0,0,0,0,0,0,0,0,0,0,1,0,0,1,0,0,1,0.50656354,False
92398,35.013299,-116.834092,9,79.9,741.7,1,0,1,0,1,0,0,1,0,0,0,0,1,0,1,0,0,0,0,0,0,0,0,1,0,1,0,0.80467397,True
92399,34.04597,-117.011825,32,96.15,3019.25,1,1,0,0,1,0,1,1,0,0,0,0,0,0,0,0,0,0,1,0,1,0,0,1,1,0,0,0.7006224,True
92404,34.183286,-117.221722,70,65.3,4759.75,0,0,1,0,1,0,1,0,0,0,1,0,0,0,1,0,1,0,0,0,0,0,1,0,1,0,0,0.15990403,False
92411,34.122501,-117.320138,1,19.65,19.65,1,0,0,0,1,0,0,0,1,1,0,1,0,1,0,1,0,1,0,1,0,0,0,0,0,0,1,0.5401581,False
92505,33.920907,-117.489426,1,84.65,84.65,1,0,0,0,1,0,1,1,0,0,0,0,0,0,0,0,0,0,1,0,0,0,0,1,0,0,1,0.8116069,True
92509,34.004379,-117.447864,1,69.55,69.55,0,1,1,0,1,0,0,1,0,0,0,0,0,0,0,0,0,0,0,0,0,0,0,1,0,1,0,0.8332858,True
92530,33.655421,-117.391751,13,31.05,347.25,0,0,0,0,0,1,0,0,0,0,0,0,1,0,0,0,0,0,0,0,0,0,0,1,0,1,0,0.57658535,False
92536,33.482243,-116.827173,7,51.0,354.05,1,0,0,0,1,0,0,0,0,0,1,0,0,0,0,0,0,0,0,0,0,0,0,1,0,0,1,0.50415903,False
92548,33.761894,-117.120868,1,44.35,44.35,0,0,1,1,1,0,0,0,0,0,0,0,0,0,0,0,0,0,0,0,0,0,0,1,0,0,0,0.58350295,False
92557,33.970661,-117.255039,7,79.7,586.05,0,0,0,0,1,0,0,1,0,0,0,0,0,0,0,0,0,0,1,0,0,0,0,1,0,1,0,0.8162651,True
92582,33.806708,-117.02007,54,55.0,3092.65,1,0,0,1,1,0,1,0,0,0,0,0,1,0,0,0,0,0,0,0,0,0,0,1,1,0,0,0.32381818,False
92583,33.796568,-116.924723,5,84.85,415.55,0,1,0,0,1,0,0,1,0,0,0,0,0,0,1,0,0,0,1,0,0,0,0,1,0,0,1,0.772635,True
92590,33.475493,-117.219551,1,73.65,73.65,1,1,0,0,1,0,1,1,0,0,0,0,0,0,0,0,0,0,0,0,0,0,0,1,0,1,0,0.8332858,True
92591,33.540604,-117.10909,33,73.9,2405.05,1,0,1,0,1,0,0,0,0,0,0,0,0,0,1,0,1,0,1,0,1,1,0,1,0,0,1,0.3558913,False
92592,33.507255,-117.029473,55,77.75,4458.15,0,0,1,0,1,0,1,1,0,0,0,0,0,0,1,0,0,0,0,0,0,0,0,1,0,1,0,0.6655608,False
92620,33.716136,-117.752574,6,84.35,474.9,0,1,1,0,1,0,1,1,0,0,0,0,0,0,0,0,0,0,0,0,1,0,0,1,0,1,0,0.82069004,True
92624,33.458754,-117.665104,8,84.95,668.4,0,0,0,0,1,0,0,1,0,0,1,0,0,0,0,0,0,0,1,0,0,0,0,0,0,1,0,0.7113935,True
92625,33.600987,-117.862734,11,73.85,926.25,1,0,0,0,1,0,0,1,0,0,0,0,0,0,0,0,1,0,0,0,0,0,0,1,0,1,0,0.7627071,True
92627,33.645672,-117.922613,49,51.8,2541.25,1,0,1,0,0,1,0,0,0,0,0,0,1,0,0,0,0,0,1,0,1,1,0,1,0,0,0,0.42794633,False
92629,33.477923,-117.705314,1,46.0,46.0,0,1,1,0,1,0,0,0,0,0,0,0,0,0,0,0,0,0,0,0,0,0,0,0,0,1,0,0.70272213,True
92630,33.644849,-117.684254,15,79.4,1156.1,1,1,0,0,1,0,0,1,0,0,0,0,0,0,0,0,0,0,0,0,1,0,0,1,0,1,0,0.7718325,True
92648,33.679659,-118.016195,16,71.8,1167.8,1,1,1,0,1,0,0,1,0,0,0,0,0,0,0,0,0,0,0,0,0,0,0,1,0,0,0,0.71755254,True
92651,33.570023,-117.773669,44,88.4,3912.9,1,1,1,0,1,0,1,1,0,0,0,0,1,0,0,0,0,0,0,0,1,1,0,0,0,0,1,0.40920615,False
92660,33.634626,-117.874882,5,46.0,221.7,0,0,0,1,1,0,0,0,0,0,0,0,0,0,0,0,0,0,0,0,0,0,0,0,0,0,1,0.51872754,False
92676,33.782346,-117.635263,4,51.75,201.1,1,0,0,0,1,0,1,0,0,0,0,0,0,0,0,0,0,0,0,0,0,0,0,0,1,0,0,0.64164364,False
92679,33.631119,-117.567346,30,94.4,2838.7,1,0,1,0,1,0,1,1,0,0,1,0,1,0,0,0,0,0,1,0,0,0,0,1,0,1,0,0.6626458,False
92692,33.60693,-117.644253,1,70.15,70.15,0,0,0,0,1,0,0,1,0,0,0,0,0,0,0,0,0,0,0,0,0,0,0,1,0,0,1,0.8061753,True
92805,33.830209,-117.906099,9,34.7,296.1,1,0,0,0,0,1,0,0,0,0,0,0,0,0,0,0,0,0,1,0,0,0,0,1,1,0,0,0.61086565,False
92807,33.848733,-117.788357,1,81.1,81.1,0,0,0,0,1,0,0,1,0,0,0,0,0,0,0,0,0,0,0,0,1,0,0,1,0,1,0,0.834597,True
92821,33.930199,-117.862898,1,20.55,20.55,0,0,1,1,1,0,0,0,1,1,0,1,0,1,0,1,0,1,0,1,0,0,0,0,0,0,1,0.51381004,False
92823,33.924143,-117.79387,61,106.6,6428.4,0,0,0,0,1,0,1,1,0,0,0,0,0,0,1,0,1,0,1,0,1,0,1,1,0,1,0,0.51123977,False
92833,33.877639,-117.961212,59,106.75,6252.9,1,0,1,0,1,0,1,1,0,0,1,0,1,0,1,0,1,0,1,0,0,0,0,1,0,1,0,0.52536374,False
92841,33.786738,-117.982564,3,89.45,240.45,0,0,0,0,1,0,0,1,0,0,0,0,0,0,0,0,0,0,1,0,1,0,0,1,0,1,0,0.8230926,True
92844,33.766476,-117.969795,3,97.9,315.3,0,0,0,0,1,0,0,1,0,0,0,0,1,0,0,0,1,0,1,0,1,0,0,1,0,1,0,0.80840504,True
92865,33.828779,-117.848299,1,55.7,55.7,1,0,0,0,1,0,0,0,0,0,0,0,0,0,0,0,0,0,0,0,1,0,0,1,0,0,1,0.64399254,False
92868,33.787796,-117.875928,13,79.8,973.45,1,0,0,0,1,0,0,1,0,0,0,0,1,0,1,0,0,0,0,0,0,0,0,1,0,1,0,0.7820131,True
92887,33.884073,-117.732197,18,39.05,669.85,0,0,1,0,0,1,0,0,0,0,0,0,0,0,1,0,0,0,1,0,0,0,0,1,0,1,0,0.6519319,False
93010,34.227846,-119.079903,3,83.9,267.4,0,1,1,0,1,0,0,1,0,0,0,0,0,0,0,0,1,0,1,0,0,0,0,1,0,0,1,0.74289876,True
93021,34.312945,-118.858169,1,69.85,69.85,0,1,0,0,1,0,0,1,0,0,0,0,0,0,0,0,0,0,0,0,0,0,0,1,0,1,0,0.8332858,True
93030,34.223244,-119.18012,1,53.55,53.55,0,0,0,0,1,0,0,0,0,0,0,0,0,0,0,0,0,0,1,0,0,0,0,1,0,0,1,0.7321654,True
93040,34.432843,-118.730106,70,93.9,6579.05,0,0,1,0,1,0,1,1,0,0,1,0,1,0,1,0,1,0,0,0,0,0,1,0,0,0,0,0.18848573,False
93060,34.402343,-119.094824,68,113.15,7856.0,1,0,1,0,1,0,1,1,0,0,1,0,1,0,1,0,1,0,1,0,1,0,1,1,0,1,0,0.2775581,False
93065,34.269449,-118.768471,26,84.95,2169.75,0,1,1,0,1,0,0,1,0,0,0,0,1,0,0,0,0,0,0,0,1,0,0,0,0,1,0,0.6652519,False
93066,34.297628,-119.014627,11,80.5,896.9,1,0,1,0,1,0,1,1,0,0,0,0,1,0,0,0,0,0,0,0,0,0,0,1,0,0,0,0.7508428,True
93067,34.420998,-119.60137,1,19.3,19.3,1,0,0,0,1,0,0,0,1,1,0,1,0,1,0,1,0,1,0,1,0,0,0,1,0,0,1,0.5419303,False
93105,34.037342,-119.80079,1,49.65,49.65,1,0,0,0,1,0,0,0,0,0,0,0,0,0,1,0,0,0,0,0,0,0,0,1,0,0,1,0.7153254,True
93108,34.457541,-119.631072,46,54.35,2460.15,0,0,0,0,1,0,0,0,0,0,0,0,0,0,1,0,1,0,0,0,0,0,1,0,1,0,0,0.20830537,False
93110,34.437945,-119.77191,4,88.45,370.65,1,0,0,0,1,0,0,1,0,0,0,0,0,0,0,0,0,0,1,0,1,0,0,1,0,1,0,0.8183114,True
93204,35.916943,-120.129921,22,90.5,1910.6,1,1,0,0,1,0,1,1,0,0,0,0,0,0,0,0,1,0,1,0,0,0,0,1,0,0,0,0.658975,False
93206,35.451402,-119.488413,9,94.85,890.6,1,0,1,0,1,0,0,1,0,0,0,0,1,0,1,0,1,0,1,0,0,0,0,1,0,0,1,0.7329534,True
93207,35.865795,-118.69759,7,69.95,529.5,1,0,1,0,1,0,0,1,0,0,0,0,0,0,0,0,0,0,0,0,0,0,0,1,0,0,0,0.7591682,True
93212,36.04533,-119.532424,1,48.6,48.6,0,0,0,0,1,0,0,0,0,0,1,0,0,0,0,0,0,0,0,0,0,0,0,1,1,0,0,0.6507221,False
93221,36.301689,-119.018233,40,55.8,2109.35,0,1,0,0,0,1,0,0,0,0,1,0,1,0,0,0,0,0,1,0,1,0,0,1,0,1,0,0.5177834,False
93223,36.29878,-119.201028,29,80.15,2265.25,1,0,1,0,1,0,1,1,0,0,0,0,1,0,0,0,0,0,0,0,0,0,0,1,0,0,0,0.6706781,False
93224,35.215731,-119.57013,3,75.5,220.6,0,0,0,0,1,0,1,1,0,0,0,0,0,0,0,0,0,0,0,0,0,0,0,1,0,1,0,0.80793536,True
93235,36.385818,-119.224243,1,20.2,20.2,1,0,0,0,1,0,0,0,1,1,0,1,0,1,0,1,0,1,0,1,0,0,0,1,0,0,0,0.5079564,False
93243,34.845861,-118.885163,3,74.75,229.5,0,0,1,0,1,0,1,1,0,0,0,0,0,0,0,0,0,0,0,0,0,0,0,1,1,0,0,0.77063453,True
93244,36.462671,-118.997291,23,104.05,2470.1,1,0,0,0,1,0,1,1,0,0,0,0,0,0,1,0,1,0,1,0,1,0,0,1,0,0,1,0.7023134,True
93252,34.737031,-119.460557,13,96.65,1244.5,0,0,0,0,1,0,1,1,0,0,1,0,1,0,0,0,0,0,1,0,0,0,0,1,0,1,0,0.72546047,True
93254,34.956577,-119.750142,1,20.05,20.05,1,1,0,0,1,0,0,0,1,1,0,1,0,1,0,1,0,1,0,1,0,0,0,0,0,0,1,0.56072414,False
93255,35.676978,-118.101378,39,103.45,3994.45,0,0,0,0,1,0,1,1,0,0,0,0,1,0,1,0,0,0,1,0,1,0,0,1,0,1,0,0.74805176,True
93261,35.809921,-119.127437,1,19.9,19.9,0,0,1,1,1,0,0,0,1,1,0,1,0,1,0,1,0,1,0,1,0,0,0,1,0,1,0,0.5670835,False
93263,35.490705,-119.286833,14,46.35,667.7,1,0,1,0,0,1,0,0,0,0,0,0,0,0,0,0,0,0,1,0,1,0,0,0,0,1,0,0.62390107,False
93266,36.175255,-119.813805,1,19.95,19.95,1,0,0,0,1,0,0,0,1,1,0,1,0,1,0,1,0,1,0,1,0,0,0,0,0,1,0,0.58100086,False
93268,35.184837,-119.402525,1,79.6,79.6,1,0,0,0,1,0,0,1,0,0,0,0,0,0,0,0,0,0,0,0,1,0,0,0,0,1,0,0.81871253,True
93272,36.047414,-119.344304,1,75.9,75.9,1,0,0,0,1,0,0,1,0,0,0,0,0,0,0,0,1,0,0,0,0,0,0,1,0,1,0,0.79912037,True
93274,36.185471,-119.375243,1,76.2,76.2,1,0,1,0,1,0,0,1,0,0,0,0,0,0,1,0,0,0,0,0,0,0,0,0,0,1,0,0.81871253,True
93277,36.303793,-119.375646,1,19.25,19.25,1,0,0,1,1,0,0,0,1,1,0,1,0,1,0,1,0,1,0,1,0,0,0,0,0,0,1,0.5288151,False
93287,35.710244,-118.881679,42,84.3,3588.4,0,0,1,0,1,0,1,1,0,0,0,0,0,0,1,0,1,0,0,0,0,0,0,1,0,1,0,0.7011275,True
93292,36.37559,-119.211689,7,79.0,522.95,0,0,0,0,1,0,0,1,0,0,0,0,0,0,0,0,0,0,1,0,0,0,0,1,0,1,0,0.8162651,True
93312,35.392599,-119.245341,1,70.25,70.25,0,0,0,0,1,0,0,1,0,0,0,0,0,0,0,0,0,0,0,0,0,0,0,1,0,1,0,0.8332858,True
93401,35.233745,-120.626442,10,84.6,865.55,0,1,0,0,1,0,0,1,0,0,0,0,0,0,1,0,0,0,0,0,1,0,0,1,1,0,0,0.75759387,True
93426,35.842889,-121.004862,17,24.1,409.9,0,0,1,1,1,0,1,0,1,1,0,1,0,1,0,1,0,1,0,1,0,0,0,0,0,0,1,0.2410155,False
93436,34.601055,-120.382917,1,60.0,60.0,0,0,0,1,1,0,0,0,0,0,1,0,1,0,0,0,1,0,0,0,0,0,0,1,0,1,0,0.5018279,False
93437,34.757477,-120.550507,8,86.55,649.65,1,0,0,0,1,0,1,1,0,0,0,0,0,0,0,0,0,0,0,0,1,0,0,1,0,1,0,0.82069004,True
93440,34.758699,-120.275839,1,20.85,20.85,0,1,1,0,1,0,0,0,1,1,0,1,0,1,0,1,0,1,0,1,0,0,0,1,0,0,1,0.5870829,False
93444,35.050345,-120.489599,39,50.75,2011.4,0,0,0,0,0,1,0,0,0,0,0,0,0,0,1,0,0,0,1,0,1,0,0,1,0,1,0,0.57881707,False
93445,35.059695,-120.604741,58,105.5,6205.5,0,1,1,0,1,0,0,1,0,0,1,0,1,0,0,0,1,0,1,0,1,1,0,1,1,0,0,0.5199218,False
93449,35.165668,-120.655842,6,85.15,503.6,1,1,0,0,1,0,0,1,0,0,1,0,0,0,0,0,0,0,1,0,0,0,0,1,0,0,0,0.7229013,True
93463,34.624399,-120.137875,22,54.2,1152.7,1,0,1,0,1,0,0,0,0,0,1,0,0,0,0,0,1,0,0,0,0,0,0,1,0,1,0,0.58580315,False
93465,35.536115,-120.739231,70,109.5,7674.55,0,0,1,0,1,0,1,1,0,0,0,0,1,0,1,0,1,0,1,0,1,1,0,1,0,1,0,0.57778734,False
93501,35.097323,-118.171288,21,104.4,2157.95,1,0,1,0,1,0,1,1,0,0,0,0,1,0,1,0,0,0,1,0,1,0,0,0,0,1,0,0.72669303,True
93513,37.245505,-118.062943,71,105.1,7548.1,1,1,1,0,1,0,1,1,0,0,1,0,1,0,0,0,0,0,1,0,1,0,0,1,1,0,0,0.4722141,False
93518,35.358953,-118.527064,1,75.7,75.7,0,0,0,0,1,0,0,1,0,0,0,0,1,0,0,0,0,0,0,0,0,0,0,1,0,1,0,0.83194906,True
93528,35.363339,-117.637641,20,90.8,1951.0,0,1,1,0,1,0,1,1,0,0,0,0,0,0,1,0,0,0,1,0,0,0,0,0,0,1,0,0.69226557,False
93531,35.214982,-118.59049,4,97.95,384.5,0,0,1,0,1,0,1,1,0,0,0,0,1,0,0,0,0,0,1,0,1,0,0,1,0,1,0,0.82877123,True
93532,34.659579,-118.584212,32,108.15,3432.9,1,0,0,0,1,0,1,1,0,0,1,0,1,0,0,0,1,0,1,0,1,0,0,1,1,0,0,0.5610255,False
93536,34.741406,-118.38111,6,80.5,463.05,1,0,0,0,1,0,0,1,0,0,0,0,0,0,0,0,0,0,1,0,0,0,0,1,1,0,0,0.7801417,True
93545,36.590415,-118.073839,27,104.3,2867.75,0,1,1,0,1,0,1,1,0,0,1,0,0,0,0,0,1,0,1,0,1,0,0,1,0,0,0,0.6797566,False
93549,36.296851,-117.865469,1,71.35,71.35,1,0,0,0,1,0,0,1,0,0,0,0,0,0,0,0,0,0,0,0,0,0,0,1,0,0,1,0.8061753,True
93553,34.445239,-117.894868,13,89.4,1132.35,0,0,0,0,1,0,1,1,0,0,0,0,1,0,1,0,1,0,0,0,0,0,0,0,0,1,0,0.7311784,True
93603,36.64545,-118.924982,1,20.6,20.6,1,0,0,0,1,0,0,0,1,1,0,1,0,1,0,1,0,1,0,1,0,0,0,0,0,0,1,0.5655737,False
93606,36.798882,-120.019511,19,99.95,1931.75,1,0,0,0,1,0,1,1,0,0,0,0,1,0,0,0,0,0,1,0,1,0,0,1,0,1,0,0.7849373,True
93612,36.814539,-119.711868,10,81.0,818.05,0,0,0,0,1,0,1,1,0,0,0,0,1,0,0,0,0,0,0,0,0,0,0,1,1,0,0,0.77235806,True
93618,36.523619,-119.386868,13,70.15,916.75,0,1,1,0,1,0,0,1,0,0,0,0,0,0,0,0,0,0,0,0,0,0,0,1,0,1,0,0.77784246,True
93628,36.807595,-118.901544,1,70.15,70.15,0,0,0,0,1,0,0,1,0,0,0,0,0,0,0,0,0,0,0,0,0,0,0,1,0,0,1,0.8061753,True
93638,37.004068,-119.930027,68,96.55,6581.9,0,1,1,0,1,0,1,1,0,0,1,0,1,0,0,0,0,0,0,0,1,1,0,1,1,0,0,0.42354566,False
93656,36.452211,-119.94575,39,95.55,3692.85,0,0,0,0,1,0,0,1,0,0,1,0,0,0,1,0,1,0,1,0,0,1,0,1,0,1,0,0.56202704,False
93662,36.545322,-119.642281,1,69.65,69.65,0,1,0,0,1,0,0,1,0,0,0,0,0,0,0,0,0,0,0,0,0,0,0,1,0,1,0,0.8332858,True
93664,37.223,-119.001021,1,89.3,89.3,0,1,0,0,1,0,0,1,0,0,0,0,0,0,0,0,0,0,1,0,1,0,0,1,0,1,0,0.8381102,True
93668,36.635661,-120.288644,36,87.55,3078.1,0,0,0,0,1,0,0,1,0,0,0,0,0,0,1,0,1,0,0,0,1,0,0,1,0,1,0,0.6313451,False
93702,36.739385,-119.753649,15,96.3,1426.75,0,1,0,0,1,0,0,1,0,0,1,0,0,0,1,0,1,0,0,0,1,0,0,1,0,0,1,0.7168705,True
93711,36.833002,-119.82947,5,85.2,474.8,0,0,0,0,1,0,1,1,0,0,0,0,0,0,0,0,0,0,1,0,0,0,0,1,0,1,0,0.82244414,True
93720,36.878709,-119.7645,13,35.1,446.1,0,0,0,0,0,1,0,0,0,0,0,0,0,0,0,0,0,0,0,0,1,0,0,1,0,1,0,0.6303729,False
93726,36.793601,-119.761131,5,81.3,416.3,1,0,1,0,1,0,1,1,0,0,0,0,1,0,0,0,0,0,0,0,0,0,0,1,0,1,0,0.8185315,True
93901,36.64152,-121.622188,2,19.6,35.85,0,0,0,1,1,0,0,0,1,1,0,1,0,1,0,1,0,1,0,1,0,0,0,1,0,1,0,0.35079107,False
93908,36.624338,-121.615669,17,85.45,1451.6,0,0,1,0,1,0,1,1,0,0,0,0,0,0,0,0,0,0,0,0,1,0,0,1,0,1,0,0.7701628,True
93921,36.554618,-121.922239,1,71.0,71.0,1,0,1,0,1,0,0,1,0,0,0,0,0,0,0,0,0,0,0,0,0,0,0,1,0,1,0,0.8332858,True
93925,36.596271,-121.442274,9,85.05,746.5,1,1,0,0,1,0,1,1,0,0,0,0,0,0,0,0,0,0,0,0,1,0,0,1,0,1,0,0.81612056,True
93927,36.248708,-121.386617,1,44.4,44.4,1,0,0,1,1,0,0,0,0,0,0,0,0,0,0,0,0,0,0,0,0,0,0,1,0,1,0,0.6558521,False
93954,36.125529,-120.864443,1,70.3,70.3,1,1,1,0,1,0,0,1,0,0,0,0,0,0,0,0,0,0,0,0,0,0,0,1,0,1,0,0.8332858,True
93955,36.625114,-121.823565,1,79.35,79.35,0,0,1,0,1,0,0,1,0,0,0,0,0,0,0,0,0,0,1,0,0,0,0,1,0,0,0,0.807207,True
94010,37.57028,-122.365778,9,90.8,809.75,0,0,0,0,1,0,0,1,0,0,0,0,0,0,0,0,0,0,1,0,1,0,0,1,0,0,0,0.78967136,True
94014,37.691561,-122.445202,20,70.45,1470.95,1,0,1,0,1,0,0,1,0,0,0,0,0,0,0,0,0,0,0,0,0,0,0,1,0,1,0,0.7306454,True
94028,37.369709,-122.215844,70,45.25,3264.45,1,1,0,0,0,1,0,0,0,0,0,0,0,0,0,0,0,0,1,0,1,1,0,1,0,1,0,0.5540503,False
94040,37.380662,-122.086022,3,75.8,246.3,0,0,0,0,1,0,1,1,0,0,0,0,0,0,0,0,0,0,0,0,0,0,0,1,0,1,0,0.8186645,True
94061,37.461251,-122.235414,20,71.3,1389.2,1,1,0,0,1,0,0,1,0,0,0,0,0,0,0,0,0,0,0,0,0,0,0,0,1,0,0,0.59475744,False
94063,37.499411,-122.196318,21,69.1,1474.75,1,1,1,0,1,0,0,1,0,0,0,0,0,0,0,0,0,0,0,0,0,0,0,1,0,1,0,0.7306454,True
94080,37.654436,-122.426468,17,88.25,1460.65,0,0,1,0,1,0,1,1,0,0,0,0,0,0,1,0,0,0,1,0,0,0,0,0,0,1,0,0.69226557,False
94089,37.421633,-122.009613,2,70.0,153.05,0,0,0,0,1,0,0,1,0,0,0,0,0,0,0,0,0,0,0,0,0,0,0,0,0,0,0,0.7379374,True
94104,37.791222,-122.402241,21,97.35,2119.5,0,0,0,0,1,0,1,1,0,0,0,0,0,0,0,0,0,0,1,0,1,0,0,1,0,1,0,0.78938794,True
94112,37.720498,-122.443119,5,25.9,135.0,1,0,1,1,1,0,1,0,1,1,0,1,0,1,0,1,0,1,0,1,0,0,0,1,0,0,0,0.2904291,False
94114,37.758085,-122.434801,24,55.65,1400.55,1,0,0,0,1,0,1,0,0,0,1,0,0,0,0,0,0,0,0,0,0,0,0,1,0,0,0,0.34931782,False
94115,37.786031,-122.437301,1,69.65,69.65,0,0,0,0,1,0,0,1,0,0,0,0,0,0,0,0,0,0,0,0,0,0,0,1,0,1,0,0.8332858,True
94117,37.770533,-122.445121,10,100.6,1060.2,0,0,0,0,1,0,1,1,0,0,0,0,0,0,1,0,0,0,1,0,1,0,0,1,0,1,0,0.81500846,True
94121,37.776718,-122.495781,1,86.0,86.0,0,1,0,0,1,0,0,1,0,0,0,0,1,0,0,0,0,0,0,0,1,0,0,1,0,1,0,0.8288938,True
94122,37.760412,-122.484966,53,106.95,5785.5,0,0,0,0,1,0,1,1,0,0,1,0,0,0,1,0,0,0,1,0,1,1,0,1,1,0,0,0.518688,False
94127,37.736535,-122.45732,3,29.6,79.45,1,0,0,0,0,1,0,0,0,0,0,0,1,0,0,0,0,0,0,0,0,0,0,1,0,1,0,0.7317721,True
94132,37.722302,-122.491129,46,59.9,2816.65,1,1,1,0,0,1,0,0,0,0,0,0,1,0,1,0,1,0,1,0,1,1,0,1,0,0,0,0.36737186,False
94303,37.45809,-122.115398,49,95.6,4783.5,0,0,1,0,1,0,1,1,0,0,0,0,0,0,0,0,0,0,1,0,1,0,0,1,0,1,0,0.73835087,True
94306,37.416159,-122.131337,11,41.6,470.6,1,0,0,0,0,1,0,0,0,0,0,0,0,0,1,0,0,0,1,0,0,1,0,1,0,1,0,0.5080786,False
94403,37.538309,-122.305109,45,100.85,4740.0,1,0,0,0,1,0,1,1,0,0,0,0,1,0,0,0,0,0,1,0,1,0,0,1,1,0,0,0.6792367,False
94508,38.542448,-122.419923,37,40.2,1448.8,1,0,1,1,0,1,0,0,0,0,1,0,1,0,1,0,0,0,0,0,0,0,0,0,0,0,0,0.32946625,False
94509,37.980057,-121.801599,49,84.5,4254.85,1,0,1,0,1,0,1,1,0,0,0,0,0,0,0,0,0,0,1,0,0,0,0,0,0,1,0,0.7060758,True
94514,37.83323,-121.601461,14,78.95,1101.85,0,1,0,0,1,0,1,1,0,0,0,0,1,0,0,0,0,0,0,0,0,0,0,1,0,1,0,0.79385436,True
94517,37.881842,-121.848111,1,20.2,20.2,1,0,0,0,1,0,0,0,1,1,0,1,0,1,0,1,0,1,0,1,0,0,0,0,0,0,1,0.5307689,False
94521,37.971421,-121.971504,47,85.2,3969.35,0,1,0,0,1,0,1,1,0,0,0,0,1,0,1,0,0,0,0,0,0,0,0,1,0,0,0,0.6544567,False
94553,38.014457,-122.115432,13,98.0,1237.85,1,1,1,0,1,0,0,1,0,0,0,0,1,0,1,0,0,0,1,0,1,0,0,1,0,1,0,0.7881529,True
94555,37.555473,-122.080312,5,94.45,498.1,1,0,1,0,1,0,0,1,0,0,0,0,0,0,1,0,0,0,1,0,1,0,0,1,0,1,0,0.82247937,True
94556,37.827946,-122.107185,3,105.0,294.45,1,1,0,0,1,0,1,1,0,0,0,0,1,0,1,0,0,0,1,0,1,0,0,1,0,1,0,0.82877123,True
94558,38.489789,-122.27011,26,93.85,2381.55,0,1,1,0,1,0,1,1,0,0,0,0,1,0,1,0,0,0,0,0,1,0,0,1,0,1,0,0.77244943,True
94561,37.999406,-121.686241,8,84.0,613.4,0,1,1,0,1,0,1,1,0,0,0,0,0,0,0,0,0,0,0,0,1,0,0,1,0,1,0,0.82069004,True
94567,38.672708,-122.403219,9,48.75,442.2,0,0,1,0,0,1,0,0,0,0,0,0,0,0,1,0,0,0,1,0,1,0,0,1,0,1,0,0.6521719,False
94568,37.713926,-121.928425,1,84.85,84.85,1,0,0,0,1,0,0,1,0,0,0,0,0,0,1,0,0,0,1,0,0,0,0,1,0,1,0,0.8381102,True
94569,38.035707,-122.196821,12,56.65,654.85,1,0,0,0,1,0,0,0,0,0,1,0,0,0,0,0,1,0,0,0,0,0,0,0,0,0,1,0.4108725,False
94572,38.027218,-122.23463,42,73.9,3160.55,0,0,0,0,1,0,0,0,0,0,1,0,1,0,1,0,1,0,0,0,1,1,0,0,1,0,0,0.3192462,False
94574,38.581354,-122.296283,33,24.5,740.3,0,0,1,0,1,0,1,0,1,1,0,1,0,1,0,1,0,1,0,1,0,0,1,1,0,0,1,0.15556149,False
94587,37.59485,-122.051521,31,89.9,2806.9,0,0,0,0,1,0,1,1,0,0,0,0,0,0,1,0,0,0,0,0,1,0,0,1,0,1,0,0.7483851,True
94588,37.685052,-121.912061,18,78.55,1422.65,1,1,1,0,1,0,0,1,0,0,0,0,0,0,0,0,0,0,0,0,1,0,0,0,0,1,0,0.6976536,False
94601,37.776523,-122.219268,42,99.45,4138.05,1,0,1,0,1,0,1,1,0,0,0,0,1,0,1,0,1,0,0,0,1,0,0,1,0,1,0,0.7019763,True
94602,37.803883,-122.208417,4,25.2,102.5,1,1,0,0,0,1,0,0,0,0,0,0,0,0,0,0,0,0,0,0,0,0,0,1,0,0,0,0.6804331,False
94603,37.739113,-122.175602,12,74.05,872.65,0,0,0,0,1,0,1,0,0,0,0,0,0,0,0,0,1,0,1,0,1,1,0,0,0,0,1,0.43795484,False
94608,37.83726,-122.287648,15,55.0,757.1,0,1,0,0,1,0,1,0,0,0,0,0,0,0,0,0,1,0,0,0,0,0,0,0,1,0,0,0.50371146,False
94611,37.828416,-122.216005,7,89.75,608.8,1,0,1,0,1,0,0,1,0,0,0,0,1,0,0,0,1,0,1,0,0,0,0,1,0,1,0,0.80066645,True
94706,37.890274,-122.295192,14,85.15,1139.2,1,0,1,0,1,0,1,1,0,0,0,0,0,0,0,0,0,0,0,0,1,0,0,1,0,1,0,0.79623336,True
94801,37.945288,-122.383941,3,94.6,279.55,1,1,1,0,1,0,1,1,0,0,0,0,0,0,0,0,0,0,1,0,1,0,0,1,0,1,0,0.82849336,True
94804,37.921034,-122.341798,16,94.25,1483.25,1,0,0,0,1,0,0,1,0,0,1,0,0,0,0,0,0,0,1,0,1,0,0,1,0,1,0,0.7441179,True
94805,37.941456,-122.320968,65,72.45,4653.85,1,0,1,0,1,0,1,0,0,0,1,0,1,0,1,0,0,0,0,0,1,1,0,0,1,0,0,0.2660602,False
94901,37.972662,-122.491452,42,105.2,4400.75,0,0,0,0,1,0,1,1,0,0,1,0,0,0,1,0,0,0,1,0,1,0,0,1,0,1,0,0.70734525,True
94928,38.34719,-122.697822,6,82.85,460.25,1,0,1,0,1,0,1,1,0,0,0,0,0,0,0,0,0,0,1,0,0,0,0,1,0,1,0,0.8182407,True
94939,37.937082,-122.532369,53,103.85,5485.5,1,1,1,0,1,0,1,1,0,0,0,0,1,0,1,0,0,0,1,0,1,0,0,1,0,1,0,0.7457222,True
94945,38.135897,-122.563683,5,83.6,404.2,0,0,1,0,1,0,0,1,0,0,0,0,1,0,0,0,0,0,0,0,1,0,0,1,0,1,0,0.80822563,True
94950,38.052209,-122.775567,68,108.45,7176.55,1,0,0,0,1,0,1,1,0,0,0,0,1,0,1,0,1,0,1,0,1,1,0,0,0,1,0,0.57833105,False
94965,37.848641,-122.515692,3,91.5,242.95,0,0,1,0,1,0,1,1,0,0,0,0,1,0,0,0,0,0,0,0,1,0,0,1,1,0,0,0.78560245,True
94973,38.005839,-122.638155,12,80.85,866.45,1,0,1,0,1,0,0,1,0,0,1,0,0,0,0,0,1,0,0,0,0,0,0,0,0,0,0,0.6287603,False
95003,37.013471,-121.877877,43,49.05,2076.2,0,0,0,0,0,1,0,0,0,0,0,0,0,0,1,0,0,0,1,0,1,0,0,1,0,0,0,0.51735836,False
95005,37.078873,-122.090386,68,105.3,7299.65,1,1,1,0,1,0,1,1,0,0,0,0,1,0,1,0,0,0,1,0,1,0,0,1,0,1,0,0.6756727,False
95006,37.171727,-122.142961,25,88.95,2291.2,1,1,0,0,1,0,1,1,0,0,0,0,1,0,0,0,0,0,1,0,0,0,0,1,0,1,0,0.7616947,True
95008,37.279689,-121.954567,66,110.85,7491.75,1,1,1,0,1,0,1,1,0,0,0,0,1,0,1,0,1,0,1,0,1,1,0,1,0,1,0,0.5453837,False
95014,37.306612,-122.080621,70,114.2,7723.9,0,0,1,0,1,0,1,1,0,0,1,0,1,0,1,0,1,0,1,0,1,0,1,1,0,0,0,0.273244,False
95017,37.114335,-122.237162,27,36.5,1032.0,1,1,1,0,0,1,0,0,0,0,0,0,0,0,0,0,0,0,0,0,1,0,0,0,0,0,0,0.5415981,False
95018,37.089111,-122.062213,1,70.75,70.75,0,0,0,0,1,0,0,1,0,0,0,0,0,0,0,0,0,0,0,0,0,0,0,0,0,0,1,0.78502506,True
95023,36.875409,-121.279679,3,40.15,130.75,1,0,0,0,0,1,0,0,0,0,0,0,0,0,1,0,0,0,1,0,0,0,0,1,0,0,1,0.68820953,False
95037,37.161544,-121.649371,29,94.45,2653.65,1,1,1,0,1,0,1,1,0,0,0,0,0,0,0,0,0,0,1,0,1,0,0,1,0,1,0,0.76259047,True
95050,37.351214,-121.952417,36,97.35,3457.9,0,0,1,0,1,0,1,1,0,0,0,0,1,0,1,0,0,0,1,0,0,0,0,1,0,0,0,0.67644846,False
95076,36.931654,-121.752383,1,45.3,45.3,1,0,0,0,0,1,0,0,0,0,0,0,0,0,0,0,0,0,1,0,1,0,0,1,0,0,1,0.7419262,True
95111,37.284265,-121.827673,2,94.95,178.1,1,0,0,0,1,0,0,1,0,0,0,0,0,0,1,0,0,0,1,0,1,0,0,0,0,1,0,0.81012833,True
95113,37.333851,-121.891147,12,44.55,480.6,0,0,0,1,1,0,0,0,0,0,0,0,0,0,0,0,0,0,0,0,0,0,0,1,0,1,0,0.42230836,False
95121,37.304681,-121.809955,1,23.45,23.45,1,0,1,0,0,1,0,0,0,0,0,0,0,0,0,0,0,0,0,0,0,0,0,1,0,1,0,0.7749278,True
95127,37.375156,-121.795867,1,29.7,29.7,1,0,0,0,0,1,0,0,0,0,1,0,0,0,0,0,0,0,0,0,0,0,0,0,0,0,1,0.5858432,False
95129,37.305622,-122.000887,59,101.1,6039.9,0,0,1,0,1,0,1,1,0,0,0,0,1,0,0,0,0,0,1,0,1,0,0,0,0,1,0,0.65912473,False
95132,37.424655,-121.74841,3,50.65,151.3,0,0,0,0,1,0,1,0,0,0,0,0,0,0,0,0,0,0,0,0,0,0,0,1,0,0,1,0.7145851,True
95135,37.28682,-121.723877,1,55.4,55.4,0,0,0,0,1,0,0,0,0,0,0,0,0,0,0,0,0,0,0,0,1,0,0,1,0,1,0,0.75648046,True
95136,37.270938,-121.851046,1,90.6,90.6,0,1,1,0,1,0,1,1,0,0,0,0,1,0,0,0,0,0,1,0,0,0,0,1,0,1,0,0.8344733,True
95139,37.218705,-121.762429,2,86.85,156.35,1,1,1,0,1,0,1,1,0,0,0,0,0,0,0,0,0,0,1,0,0,0,0,1,0,0,1,0.78930223,True
95209,38.044523,-121.348048,29,99.05,2952.85,0,1,1,0,1,0,1,1,0,0,0,0,0,0,1,0,0,0,1,0,1,0,0,1,0,0,0,0.7116135,True
95220,38.200231,-121.235034,52,111.25,5916.45,0,0,0,0,1,0,1,1,0,0,1,0,1,0,0,0,1,0,1,0,1,1,0,1,1,0,0,0.4756154,False
95222,38.071327,-120.632221,2,55.1,113.35,1,0,0,0,1,0,0,0,0,0,1,0,0,0,1,0,0,0,0,0,0,0,0,1,0,0,1,0.57586735,False
95250,38.244806,-120.417301,13,102.25,1359.0,1,0,1,0,1,0,1,1,0,0,0,0,0,0,1,0,0,0,1,0,1,0,0,1,1,0,0,0.7535094,True
95251,38.055562,-120.456298,19,95.9,1777.9,1,1,0,0,1,0,0,1,0,0,0,0,0,0,1,0,0,0,1,0,1,0,0,1,1,0,0,0.68275076,False
95258,38.169605,-121.310964,47,95.05,4504.55,0,1,0,0,1,0,1,1,0,0,0,0,1,0,0,0,1,0,1,0,0,0,0,1,0,1,0,0.6690928,False
95310,38.085839,-120.37855,5,53.85,259.8,0,0,0,0,1,0,0,0,0,0,1,0,0,0,0,0,1,0,0,0,0,0,0,0,1,0,0,0.44849044,False
95315,37.422961,-120.765493,52,104.2,5568.35,1,1,1,0,1,0,1,1,0,0,1,0,0,0,1,0,0,0,1,0,1,0,0,1,0,1,0,0.69973725,False
95316,37.524721,-120.757977,42,50.25,2203.65,0,0,1,0,1,0,1,0,0,0,0,0,0,0,0,0,0,0,0,0,0,0,0,1,0,1,0,0.4838238,False
95321,37.902968,-119.667544,25,99.5,2369.05,0,0,0,0,1,0,0,1,0,0,0,0,1,0,1,0,0,0,1,0,1,0,0,1,0,1,0,0.7457663,True
95326,37.5923,-120.853288,9,71.0,672.55,0,0,0,0,1,0,0,1,0,0,0,0,0,0,0,0,0,0,0,0,0,0,0,0,0,1,0,0.7537158,True
95327,37.84771,-120.486589,16,93.2,1573.7,0,0,0,0,1,0,0,1,0,0,0,0,1,0,1,0,0,0,0,0,1,0,0,1,1,0,0,0.65797716,False
95330,37.80821,-121.308401,5,19.35,126.05,1,0,1,0,1,0,0,0,1,1,0,1,0,1,0,1,0,1,0,1,0,0,0,0,0,0,1,0.35248017,False
95334,37.361987,-120.748394,3,19.85,64.55,1,0,0,0,1,0,0,0,1,1,0,1,0,1,0,1,0,1,0,1,0,0,0,0,0,0,1,0.37087926,False
95350,37.671806,-121.007575,31,104.2,3243.45,0,0,1,0,1,0,1,1,0,0,0,0,0,0,1,0,1,0,1,0,1,0,0,1,0,1,0,0.72466815,True
95354,37.639029,-120.964772,1,79.25,79.25,1,0,0,0,1,0,0,1,0,0,0,0,0,0,0,0,0,0,0,0,1,0,0,1,0,1,0,0.834597,True
95355,37.672906,-120.946594,1,44.9,44.9,0,0,0,0,1,0,0,0,0,0,0,0,0,0,0,0,0,0,0,0,0,0,0,1,0,0,0,0.7419262,True
95358,37.612612,-121.108568,10,70.1,659.65,1,0,1,0,1,0,0,1,0,0,0,0,0,0,0,0,0,0,0,0,0,0,0,1,0,1,0,0.7860244,True
95361,37.785033,-120.776141,4,29.65,118.5,1,0,0,0,0,1,0,0,0,0,0,0,0,0,1,0,0,0,0,0,0,0,0,1,0,1,0,0.7242795,True
95364,38.224869,-119.755729,43,77.85,3365.85,1,0,0,0,1,0,1,1,0,0,0,0,1,0,0,0,0,0,0,0,0,0,0,1,0,1,0,0.7154679,True
95365,37.329725,-120.306399,4,54.3,195.3,1,0,0,0,1,0,0,0,0,0,0,0,0,0,0,0,0,0,0,0,1,0,0,0,0,1,0,0.67564356,False
95367,37.734971,-120.954271,11,95.15,997.65,0,1,0,0,1,0,1,1,0,0,0,0,0,0,0,0,0,0,1,0,1,0,0,1,0,0,0,0.7895837,True
95379,37.939768,-120.188002,47,110.85,5275.8,1,0,1,0,1,0,1,1,0,0,1,0,0,0,1,0,1,0,1,0,1,1,0,1,1,0,0,0.5169924,False
95385,37.609095,-121.263381,1,80.5,80.5,1,0,0,0,1,0,0,1,0,0,0,0,0,0,0,0,0,0,0,0,1,0,0,0,0,1,0,0.81871253,True
95401,38.460517,-122.790335,4,72.2,305.55,1,0,0,0,1,0,1,1,0,0,0,0,0,0,0,0,0,0,0,0,0,0,0,1,0,0,0,0.7778018,True
95404,38.526941,-122.709096,17,51.5,900.5,1,0,0,0,1,0,0,0,0,0,0,0,0,0,0,0,1,0,0,0,0,0,0,0,0,0,1,0.46856686,False
95407,38.394091,-122.739814,43,89.55,3856.75,1,1,0,0,1,0,0,1,0,0,0,0,0,0,0,0,0,0,1,0,1,0,0,1,0,0,1,0.60467726,False
95412,38.731055,-123.316553,21,77.5,1625.0,1,0,1,0,1,0,1,0,0,0,1,0,1,0,0,0,1,0,1,0,0,1,0,0,0,0,1,0.32580653,False
95420,39.361283,-123.784599,42,95.25,3959.35,1,0,1,0,1,0,1,1,0,0,0,0,1,0,1,0,0,0,1,0,0,0,0,1,0,0,0,0.67257947,False
95422,38.965804,-122.631779,46,85.0,3969.4,1,1,0,0,1,0,0,1,0,0,1,0,0,0,0,0,0,0,0,0,1,0,0,0,0,1,0,0.5289095,False
95427,39.239818,-123.565432,5,85.75,470.95,0,0,1,0,1,0,0,1,0,0,0,0,0,0,0,0,1,0,1,0,0,0,0,1,0,1,0,0.7919396,True
95431,38.348884,-122.51699,6,98.25,560.6,0,1,0,0,1,0,1,1,0,0,0,0,1,0,0,0,0,0,1,0,1,0,0,1,0,1,0,0.82877123,True
95439,38.493888,-122.777141,1,25.7,25.7,0,1,0,0,0,1,0,0,0,0,0,0,0,0,0,0,0,0,0,0,0,0,0,1,0,0,1,0.7419262,True
95444,38.434362,-122.86891,7,69.0,506.9,0,0,1,0,1,0,0,1,0,0,0,0,0,0,0,0,0,0,0,0,0,0,0,1,0,1,0,0.79115033,True
95449,38.93706,-123.118111,2,46.05,80.35,1,0,0,0,1,0,0,0,0,0,0,0,0,0,0,0,0,0,0,0,0,0,0,0,0,0,0,0.67040396,False
95453,39.080469,-122.955176,1,76.4,76.4,0,1,1,0,1,0,0,1,0,0,0,0,1,0,0,0,0,0,0,0,0,0,0,1,0,0,1,0.8000329,True
95454,39.806141,-123.531098,5,100.5,514.0,0,0,0,0,1,0,1,1,0,0,0,0,0,0,1,0,0,0,1,0,1,0,0,1,0,1,0,0.83250827,True
95458,39.141934,-122.770679,22,40.05,880.2,1,1,1,1,0,1,0,0,0,0,1,0,0,0,0,0,0,0,0,0,1,0,0,0,0,0,1,0.38201132,False
95460,39.305545,-123.743697,1,69.95,69.95,1,0,0,0,1,0,0,1,0,0,0,0,0,0,0,0,0,0,0,0,0,0,0,0,0,1,0,0.81730294,True
95463,39.182916,-123.552571,1,93.3,93.3,1,0,0,0,1,0,1,1,0,0,0,0,0,0,0,0,0,0,1,0,1,0,0,1,0,1,0,0.8381102,True
95464,39.12334,-122.838198,3,49.15,169.05,1,0,0,0,1,0,0,0,0,0,0,0,0,0,1,0,0,0,0,0,0,0,0,1,0,1,0,0.74199295,True
95494,38.888351,-123.239647,1,35.05,35.05,0,0,0,0,0,1,0,0,0,0,0,0,0,0,0,0,0,0,0,0,1,0,0,0,0,0,1,0.70083046,True
95497,38.696659,-123.436861,1,73.0,73.0,0,1,0,0,1,0,0,1,0,0,0,0,1,0,0,0,0,0,0,0,0,0,0,1,0,1,0,0.83062106,True
95526,40.372532,-123.525626,33,83.85,2716.3,1,1,0,0,1,0,1,1,0,0,0,0,1,0,1,0,0,0,0,0,0,0,0,1,1,0,0,0.66607934,False
95527,40.854512,-123.450097,1,70.1,70.1,0,0,0,0,1,0,0,1,0,0,0,0,0,0,0,0,0,0,0,0,0,0,0,1,0,1,0,0.8332858,True
95542,40.057784,-123.679461,2,70.65,142.35,0,1,0,0,1,0,0,1,0,0,0,0,0,0,0,0,0,0,0,0,0,0,0,1,0,1,0,0.7959464,True
95547,40.557314,-124.081662,2,20.35,33.2,1,0,0,0,1,0,0,0,1,1,0,1,0,1,0,1,0,1,0,1,0,0,0,0,0,0,1,0.43794954,False
95553,40.210895,-123.86,3,99.0,287.4,0,0,0,0,1,0,0,1,0,0,1,0,0,0,1,0,0,0,1,0,1,0,0,1,1,0,0,0.7368505,True
95558,40.274302,-124.210902,26,83.95,2254.2,1,0,0,0,1,0,1,1,0,0,0,0,0,0,0,0,0,0,0,0,1,0,0,1,0,1,0,0.7606899,True
95560,40.142256,-123.852927,67,116.2,7752.3,1,0,0,0,1,0,1,1,0,0,1,0,1,0,1,0,1,0,1,0,1,0,1,0,1,0,0,0.3470157,False
95562,40.485849,-124.163234,71,93.7,6585.35,0,0,1,0,1,0,1,1,0,0,0,0,0,0,0,0,0,0,1,0,1,0,1,1,0,0,0,0.4576737,False
95567,41.950683,-124.097094,1,19.7,19.7,1,0,0,0,1,0,0,0,1,1,0,1,0,1,0,1,0,1,0,1,0,0,0,0,0,0,1,0.61617595,False
95589,40.053159,-123.995867,5,75.55,413.65,0,0,0,0,1,0,1,1,0,0,0,0,0,0,0,0,0,0,0,0,0,0,0,0,0,1,0,0.77735865,True
95601,38.431407,-120.8421,9,77.65,714.15,0,0,0,0,1,0,0,1,0,0,0,0,0,0,0,0,0,0,1,0,0,0,0,1,0,0,0,0.7818959,True
95602,38.99003,-121.114408,26,95.0,2497.2,0,1,0,0,1,0,1,1,0,0,1,0,1,0,0,0,0,0,0,0,1,0,0,1,0,1,0,0.6979811,False
95612,38.384648,-121.578701,54,105.4,5643.4,1,0,0,0,1,0,0,1,0,0,1,0,1,0,0,0,1,0,1,0,1,1,0,1,1,0,0,0.49902177,False
95614,38.880622,-120.973865,2,95.85,197.7,1,0,0,0,1,0,0,1,0,0,0,0,0,0,1,0,0,0,1,0,1,0,0,1,0,1,0,0.8266056,True
95619,38.683605,-120.811852,1,79.15,79.15,1,0,0,0,1,0,1,1,0,0,0,0,1,0,0,0,0,0,0,0,0,0,0,1,0,1,0,0.8344733,True
95624,38.434138,-121.30587,30,19.65,655.85,0,0,1,0,1,0,0,0,1,1,0,1,0,1,0,1,0,1,0,1,0,0,0,0,0,0,0,0.2753299,False
95625,38.349195,-121.902943,4,79.0,303.15,0,0,0,0,1,0,0,1,0,0,0,0,0,0,0,0,0,0,1,0,0,0,0,1,0,1,0,0.8162651,True
95628,38.652065,-121.25441,17,91.85,1574.45,0,0,1,0,1,0,0,1,0,0,1,0,0,0,0,0,1,0,1,0,0,0,0,0,0,1,0,0.66410315,False
95636,38.636102,-120.522149,60,106.0,6441.4,0,1,0,0,1,0,1,1,0,0,0,0,0,0,1,0,1,0,1,0,1,1,0,1,0,1,0,0.5994832,False
95642,38.336216,-120.76901,1,49.9,49.9,1,0,0,1,1,0,0,0,0,0,0,0,0,0,0,0,1,0,0,0,0,0,0,1,0,0,1,0.5152232,False
95646,38.631489,-120.015167,13,100.35,1358.85,0,0,0,0,1,0,1,1,0,0,1,0,0,0,0,0,0,0,1,0,1,0,0,1,0,1,0,0.772769,True
95651,38.815515,-120.916997,38,74.95,2869.85,0,1,1,0,1,0,1,1,0,0,0,0,0,0,0,0,0,0,0,0,0,0,0,1,0,0,0,0.6855532,False
95655,38.549822,-121.266725,1,49.25,49.25,1,1,1,1,1,0,0,0,0,0,0,0,0,0,0,0,1,0,0,0,0,0,0,1,1,0,0,0.51836896,False
95662,38.689174,-121.218435,50,103.7,5071.05,1,0,1,0,1,0,1,1,0,0,0,0,1,0,0,0,1,0,1,0,1,0,0,0,0,1,0,0.68491864,False
95668,38.833554,-121.498102,65,89.75,5769.6,1,0,1,0,1,0,1,1,0,0,1,0,1,0,1,0,0,0,0,0,0,1,0,0,0,1,0,0.3272767,False
95672,38.724322,-120.991237,1,20.3,20.3,0,0,0,0,1,0,0,0,1,1,0,1,0,1,0,1,0,1,0,1,0,0,0,1,0,0,1,0.57106215,False
95678,38.759751,-121.288545,7,101.95,700.85,1,1,1,0,1,0,1,1,0,0,0,0,0,0,1,0,0,0,1,0,1,0,0,1,0,1,0,0.82849336,True
95683,38.470423,-121.114897,2,94.0,181.7,1,1,0,0,1,0,1,1,0,0,0,0,0,0,0,0,0,0,1,0,1,0,0,1,0,1,0,0.83250827,True
95685,38.432145,-120.77069,45,89.3,4016.85,0,0,0,0,1,0,1,1,0,0,0,0,1,0,0,0,0,0,1,0,0,0,0,1,1,0,0,0.6246615,False
95690,38.240419,-121.587535,1,74.3,74.3,0,0,0,0,1,0,0,1,0,0,0,0,1,0,0,0,0,0,0,0,0,0,0,1,1,0,0,0.7918359,True
95692,39.043387,-121.409837,1,44.65,44.65,1,0,0,0,0,1,0,0,0,0,0,0,1,0,0,0,1,0,0,0,1,0,0,1,0,0,1,0.6958551,False
95693,38.392559,-121.225093,13,84.05,1095.3,1,0,1,0,1,0,0,1,0,0,1,0,0,0,0,0,0,0,0,0,1,0,0,0,0,1,0,0.71029246,True
95694,38.578604,-122.024579,10,80.7,788.8,1,0,0,0,1,0,1,1,0,0,0,0,1,0,0,0,0,0,0,0,0,0,0,1,0,0,0,0.77948684,True
95714,39.197215,-120.83679,4,101.7,364.55,1,0,0,0,1,0,1,1,0,0,0,0,1,0,0,0,0,0,1,0,1,0,0,1,0,1,0,0.82877123,True
95720,38.766036,-120.209673,1,20.4,20.4,0,0,0,0,1,0,0,0,1,1,0,1,0,1,0,1,0,1,0,1,0,0,0,0,0,0,1,0.54935896,False
95742,38.591134,-121.161585,41,102.6,4213.35,1,0,1,0,1,0,1,1,0,0,0,0,0,0,1,0,1,0,1,0,1,1,0,1,0,1,0,0.6309851,False
95758,38.35363,-121.44195,71,106.0,7723.7,1,0,1,0,1,0,1,1,0,0,0,0,1,0,1,0,0,0,1,0,1,0,1,1,0,0,0,0.46346587,False
95776,38.694081,-121.694431,3,55.1,154.65,0,0,0,1,1,0,0,0,0,0,1,0,0,0,0,0,1,0,0,0,0,0,0,1,0,0,1,0.47671342,False
95820,38.53508,-121.444144,69,106.5,7348.8,1,0,0,0,1,0,1,1,0,0,0,0,0,0,1,0,1,0,1,0,1,0,1,1,0,0,0,0.49183476,False
95825,38.590035,-121.412455,32,91.05,2954.5,0,0,1,0,1,0,1,1,0,0,0,0,0,0,1,0,0,0,0,0,1,0,0,1,0,0,0,0.6676585,False
95829,38.486502,-121.334051,51,77.5,3807.35,0,1,1,0,1,0,1,1,0,0,1,0,0,0,0,0,0,0,0,0,0,0,0,1,0,1,0,0.63905966,False
95837,38.691607,-121.602284,72,54.2,3937.45,0,0,1,0,0,1,0,0,0,0,0,0,1,0,1,0,0,0,1,0,1,0,1,1,0,1,0,0.33697703,False
95843,38.715498,-121.363411,6,69.25,418.4,0,0,0,0,1,0,0,1,0,0,0,0,0,0,0,0,0,0,0,0,0,0,0,1,0,0,1,0.7394174,True
95914,39.396585,-121.38029,1,50.5,50.5,1,0,0,0,1,0,0,0,0,0,0,0,0,0,1,0,0,0,0,0,0,0,0,1,0,1,0,0.75648046,True
95919,39.440687,-121.263583,1,74.4,74.4,1,1,0,0,1,0,1,1,0,0,0,0,0,0,0,0,0,0,0,0,0,0,0,1,0,1,0,0.8332858,True
95928,39.681488,-121.83721,31,79.45,2587.7,1,0,0,0,1,0,1,0,0,0,0,0,1,0,0,0,1,0,1,0,1,1,0,1,0,0,1,0.43968746,False
95935,39.381174,-121.21191,58,104.65,6219.6,1,0,0,0,1,0,1,1,0,0,0,0,0,0,1,0,1,0,1,0,1,1,0,1,0,1,0,0.60973746,False
95941,39.531028,-121.24807,47,100.05,4871.05,1,1,1,0,1,0,1,1,0,0,0,0,0,0,1,0,0,0,1,0,1,0,0,1,0,1,0,0.745351,True
95948,39.346898,-121.759537,44,100.55,4398.15,1,0,0,0,1,0,0,1,0,0,0,0,1,0,0,0,1,0,1,0,1,0,0,0,0,1,0,0.64096755,False
95950,39.033058,-121.895718,2,95.65,167.3,1,0,0,0,1,0,0,1,0,0,0,0,1,0,0,0,0,0,1,0,1,0,0,0,0,1,0,0.79060525,True
95963,39.748037,-122.302169,1,94.4,94.4,0,0,0,0,1,0,0,1,0,0,0,0,0,0,1,0,0,0,1,0,1,0,0,0,0,1,0,0.8224914,True
95971,39.971228,-121.041166,1,55.0,55.0,0,0,0,0,1,0,0,0,0,0,0,0,0,0,0,0,0,0,1,0,0,0,0,1,1,0,0,0.71186656,True
95975,39.225634,-121.156163,1,101.45,101.45,1,0,0,0,1,0,1,1,0,0,0,0,0,0,1,0,0,0,1,0,1,0,0,1,0,1,0,0.8381102,True
95981,39.58458,-121.093256,5,67.95,350.3,0,0,1,0,1,0,1,0,0,0,0,0,0,0,1,0,1,0,1,0,0,0,0,0,0,0,0,0.54208535,False
95983,40.053684,-120.743116,1,69.5,69.5,0,0,0,0,1,0,0,1,0,0,0,0,0,0,0,0,0,0,0,0,0,0,0,1,0,1,0,0.8332858,True
95984,40.022184,-121.062384,1,18.85,18.85,1,0,0,0,1,0,0,0,1,1,0,1,0,1,0,1,0,1,0,1,0,0,0,1,0,0,1,0.5549265,False
95987,39.117537,-122.284654,1,69.2,69.2,0,0,0,0,1,0,0,1,0,0,0,0,0,0,0,0,0,0,0,0,0,0,0,1,0,1,0,0.8332858,True
96001,40.587919,-122.464732,1,69.65,69.65,1,0,0,0,1,0,0,1,0,0,0,0,0,0,0,0,0,0,0,0,0,0,0,1,0,1,0,0.8332858,True
96002,40.527834,-122.318749,40,101.85,4086.3,1,1,1,0,1,0,1,1,0,0,1,0,0,0,0,0,0,0,1,0,1,0,0,0,0,1,0,0.6679306,False
96006,41.171578,-120.913161,1,82.3,82.3,0,0,0,0,1,0,0,1,0,0,0,0,1,0,1,0,0,0,0,0,0,0,0,1,0,1,0,0.83194906,True
96013,40.946785,-121.719489,3,79.25,267.6,1,0,0,0,1,0,0,1,0,0,0,0,0,0,0,0,0,0,1,0,0,0,0,0,0,1,0,0.7971148,True
96015,41.486953,-120.913975,13,84.6,1115.2,0,0,0,0,1,0,1,1,0,0,0,0,0,0,0,0,0,0,0,0,1,0,0,1,0,1,0,0.80301327,True
96016,40.936285,-121.572692,58,93.4,5435.6,0,0,1,0,1,0,1,1,0,0,1,0,1,0,0,0,0,0,0,0,1,0,0,1,0,0,0,0.5296719,False
96017,41.121108,-122.336613,42,94.2,4186.3,0,0,1,0,1,0,1,1,0,0,0,0,0,0,0,0,0,0,1,0,1,0,0,1,0,1,0,0.72526824,True
96019,40.692523,-122.369876,1,25.05,25.05,1,1,1,0,0,1,0,0,0,0,0,0,0,0,0,0,0,0,0,0,0,0,0,0,0,1,0,0.7292208,True
96025,41.212695,-122.392067,29,25.1,712.85,0,0,0,0,0,1,0,0,0,0,0,0,0,0,0,0,0,0,0,0,0,0,0,1,1,0,0,0.5177703,False
96027,41.405193,-123.008567,1,48.95,48.95,1,0,0,1,1,0,0,0,0,0,0,0,0,0,1,0,0,0,0,0,0,0,0,0,0,1,0,0.6565576,False
96029,39.84784,-122.544556,1,45.3,45.3,1,0,0,0,1,0,0,0,0,0,0,0,0,0,0,0,0,0,0,0,0,0,0,0,0,1,0,0.7292208,True
96032,41.5837,-122.935922,2,85.85,167.3,1,0,0,0,1,0,0,1,0,0,0,0,0,0,1,0,0,0,0,0,1,0,0,1,0,1,0,0.8144637,True
96037,41.528541,-122.955018,10,95.2,930.4,1,0,0,0,1,0,1,1,0,0,0,0,0,0,0,0,0,0,1,0,1,0,0,0,0,1,0,0.8025857,True
96039,41.831901,-123.487478,49,100.6,5069.65,1,0,0,0,1,0,1,1,0,0,0,0,0,0,0,0,1,0,1,0,1,1,0,1,0,0,0,0.58640814,False
96040,40.789799,-121.474529,6,55.3,324.25,1,0,1,1,1,0,0,0,0,0,0,0,1,0,1,0,0,0,0,0,0,0,0,1,0,0,1,0.38997918,False
96044,41.962127,-122.527696,2,74.85,156.4,1,1,0,0,1,0,1,1,0,0,0,0,0,0,0,0,0,0,0,0,0,0,0,1,0,0,1,0.7778018,True
96052,40.704293,-122.803899,35,102.35,3626.1,1,0,0,0,1,0,0,1,0,0,0,0,1,0,1,0,0,0,1,0,1,1,0,1,0,0,0,0.5365239,False
96055,40.059385,-122.091481,70,115.65,7968.85,1,0,1,0,1,0,1,1,0,0,1,0,1,0,1,0,1,0,1,0,1,1,0,0,1,0,0,0.35823956,False
96056,41.10831,-121.360362,2,79.85,152.45,1,0,0,0,1,0,0,1,0,0,0,0,0,0,1,0,1,0,0,0,0,0,0,1,0,1,0,0.78504324,True
96061,40.331975,-121.460674,15,76.0,1130.85,1,0,0,0,1,0,1,1,0,0,0,0,0,0,0,0,0,0,0,0,0,0,0,1,0,0,1,0.73918766,True
96063,40.408796,-121.579609,42,104.75,4323.45,0,1,0,0,1,0,1,1,0,0,0,0,1,0,1,0,0,0,1,0,1,0,0,1,0,0,0,0.6755455,False
96064,41.759864,-122.379175,9,74.65,703.55,0,0,0,0,1,0,0,0,0,0,1,0,1,0,0,0,0,0,1,0,1,0,0,1,0,1,0,0.5651513,False
96069,40.689243,-122.037023,1,56.25,56.25,0,0,0,0,1,0,0,0,0,0,0,0,0,0,0,0,0,0,0,0,1,0,0,1,0,1,0,0.70281833,True
96071,40.656287,-121.428965,21,106.1,2249.95,1,0,1,0,1,0,1,1,0,0,0,0,0,0,1,0,1,0,1,0,1,0,0,1,0,1,0,0.768508,True
96074,39.884395,-122.587513,2,79.75,159.4,0,1,0,0,1,0,0,1,0,0,0,0,0,0,0,0,0,0,0,0,1,0,0,1,0,0,0,0.7850818,True
96076,40.367964,-122.937379,1,68.65,68.65,0,0,0,0,1,0,0,1,0,0,0,0,0,0,0,0,0,0,0,0,0,0,0,0,0,1,0,0.81730294,True
96086,41.924174,-123.260788,16,20.25,327.45,1,0,0,0,1,0,0,0,1,1,0,1,0,1,0,1,0,1,0,1,0,0,0,0,0,0,0,0.3907936,False
96091,41.081847,-122.700545,14,100.2,1369.8,0,1,1,0,1,0,1,1,0,0,0,0,1,0,0,0,0,0,1,0,1,0,0,1,0,1,0,0.8017285,True
96092,39.955164,-122.018567,15,74.9,1107.25,1,0,1,0,1,0,1,1,0,0,0,0,0,0,0,0,0,0,0,0,0,0,0,1,0,0,0,0.73918766,True
96125,39.600599,-120.636358,1,70.85,70.85,0,0,0,0,1,0,0,1,0,0,0,0,0,0,0,0,0,0,0,0,0,0,0,1,0,1,0,0.8332858,True
96126,39.559709,-120.345639,2,69.8,134.7,1,0,0,0,1,0,0,1,0,0,0,0,0,0,0,0,0,0,0,0,0,0,0,1,1,0,0,0.7570173,True
96130,40.559177,-120.612113,55,54.55,2978.3,1,0,1,0,0,1,0,0,0,0,0,0,0,0,1,0,1,0,1,0,1,0,0,1,0,0,0,0.39743733,False
96136,40.345949,-120.081187,7,70.75,450.8,0,0,0,0,1,0,0,0,0,0,0,0,0,0,0,0,1,0,1,0,1,0,0,1,1,0,0,0.55726904,False
96140,39.227434,-120.091806,13,94.1,1215.6,0,0,1,0,1,0,1,1,0,0,0,0,1,0,1,0,0,0,1,0,0,0,0,0,0,1,0,0.6977974,False
96141,39.117018,-120.212535,3,29.7,91.7,0,0,1,1,0,1,0,0,0,0,1,0,0,0,0,0,0,0,0,0,0,0,0,0,1,0,0,0.5289731,False
96148,39.24124,-120.054765,66,110.9,7432.05,1,1,0,0,1,0,1,1,0,0,0,0,1,0,1,0,1,0,1,0,1,1,0,0,1,0,0,0.51329035,False
96150,38.911577,-120.106169,38,105.0,4026.4,0,0,1,0,1,0,1,1,0,0,0,0,0,0,1,0,1,0,1,0,1,0,0,1,0,1,0,0.72466815,True
96161,39.342498,-120.247127,1,25.3,25.3,1,0,0,1,0,1,0,0,0,0,0,0,0,0,0,0,0,0,0,0,0,0,0,1,0,1,0,0.70128095,True
90001,33.973616,-118.24902,22,55.15,1193.05,1,0,0,0,1,0,0,0,0,0,0,0,1,0,0,0,1,0,0,0,0,1,0,1,1,0,0,0.49337545,False
90002,33.949255,-118.246978,1,20.1,20.1,1,0,0,0,1,0,0,0,1,1,0,1,0,1,0,1,0,1,0,1,0,0,0,1,0,0,1,0.56195265,False
90005,34.059281,-118.30742,1,69.9,69.9,1,0,1,0,1,0,0,1,0,0,0,0,0,0,0,0,0,0,0,0,0,0,0,1,0,0,1,0.78447926,True
90010,34.062125,-118.315709,43,101.4,4528.0,1,0,0,0,1,0,1,1,0,0,0,0,1,0,0,0,0,0,1,0,1,0,0,1,0,1,0,0.70287806,True
90014,34.043144,-118.251977,1,80.8,80.8,1,0,0,0,1,0,0,1,0,0,0,0,0,0,0,0,0,0,0,0,1,0,0,1,0,1,0,0.80274004,True
90016,34.028331,-118.354338,2,62.05,118.3,1,0,0,0,1,0,1,0,0,0,0,0,0,0,0,0,0,0,0,0,1,0,0,0,0,0,0,0.6428277,False
90017,34.052842,-118.264495,1,76.45,76.45,1,1,0,0,1,0,1,1,0,0,0,0,0,0,0,0,0,0,0,0,0,0,0,1,0,1,0,0.80274004,True
90019,34.049841,-118.33846,12,91.3,1094.5,0,1,0,0,1,0,1,1,0,0,0,0,1,0,0,0,0,0,1,0,0,0,0,1,0,1,0,0.7743749,True
90020,34.066367,-118.309868,6,95.75,573.75,1,1,1,0,1,0,0,1,0,0,0,0,0,0,1,0,0,0,1,0,1,0,0,1,0,1,0,0.8088624,True
90026,34.078991,-118.263804,34,62.65,2274.9,0,0,1,0,1,0,1,0,0,0,1,0,1,0,0,0,1,0,0,0,0,0,0,0,0,1,0,0.40784043,False
90027,34.127194,-118.295647,1,74.5,74.5,0,0,0,0,1,0,1,1,0,0,0,0,0,0,0,0,0,0,0,0,0,0,0,1,0,1,0,0.79702556,True
90028,34.099869,-118.326843,10,102.1,1068.85,0,0,1,0,1,0,1,1,0,0,0,0,1,0,1,0,0,0,1,0,1,0,0,1,1,0,0,0.74374104,True
90036,34.070291,-118.349191,16,50.15,762.25,0,0,0,0,1,0,0,0,0,0,1,0,0,0,0,0,0,0,0,0,0,0,0,1,0,1,0,0.5978387,False
90049,34.091829,-118.491244,7,86.5,582.5,0,0,1,0,1,0,1,1,0,0,0,0,0,0,0,0,0,0,1,0,0,0,0,1,0,1,0,0.80437595,True
90059,33.927254,-118.249826,27,81.45,2122.05,1,1,0,0,1,0,1,1,0,0,0,0,1,0,0,0,0,0,0,0,0,0,0,1,0,1,0,0.71154696,True
90062,34.003553,-118.308933,1,69.15,69.15,1,0,1,0,1,0,0,1,0,0,0,0,0,0,0,0,0,0,0,0,0,0,0,1,0,1,0,0.79702556,True
90069,34.093781,-118.381061,9,79.55,723.4,0,0,0,0,1,0,0,1,0,0,0,0,0,0,0,0,0,0,0,0,1,0,0,1,0,1,0,0.7865039,True
90241,33.940884,-118.128628,48,95.5,4627.85,0,0,0,0,1,0,0,1,0,0,0,0,1,0,1,0,1,0,1,0,0,0,1,1,0,0,1,0.2374325,False
90242,33.921793,-118.140588,3,91.05,289.1,1,1,0,0,1,0,1,1,0,0,0,0,0,0,1,0,0,0,1,0,0,0,0,0,0,1,0,0.7944565,True
90254,33.86532,-118.396336,2,79.2,172.85,0,1,1,0,1,0,1,1,0,0,0,0,0,0,1,0,0,0,0,0,0,0,0,0,0,1,0,0.7755444,True
90292,33.977468,-118.445475,2,45.25,85.5,0,0,0,0,0,1,0,0,0,0,0,0,0,0,0,0,0,0,1,0,1,0,0,1,0,1,0,0.7583139,True
90304,33.936827,-118.359824,14,74.3,1096.25,0,1,0,0,1,0,1,1,0,0,0,0,0,0,0,0,0,0,0,0,0,0,0,1,0,1,0,0.76935285,True
90502,33.833181,-118.292062,3,74.1,228.0,0,0,1,0,1,0,1,1,0,0,0,0,0,0,0,0,0,0,0,0,0,0,0,1,1,0,0,0.7640928,True
90503,33.840399,-118.353714,57,100.6,5746.15,1,1,1,0,1,0,1,1,0,0,0,0,0,0,1,0,0,0,1,0,1,0,0,0,0,1,0,0.65799344,False
90504,33.867257,-118.330794,3,75.0,209.1,1,0,0,0,1,0,1,1,0,0,0,0,0,0,0,0,0,0,0,0,0,0,0,0,0,0,1,0.7453816,True
90605,33.960891,-118.032222,64,70.2,4481.0,0,1,0,0,1,0,0,0,0,0,1,0,1,0,0,0,1,0,1,0,0,0,1,1,1,0,0,0.1715732,False
90620,33.845706,-118.012204,2,70.75,154.85,0,1,0,0,1,0,0,1,0,0,0,0,0,0,0,0,0,0,0,0,0,0,0,0,0,1,0,0.7553702,True
90660,33.989524,-118.089299,12,50.25,593.75,1,0,0,0,1,0,0,0,0,0,0,0,0,0,0,0,1,0,0,0,0,0,0,0,0,0,0,0.50518626,False
90706,33.887676,-118.127289,40,79.2,3233.85,0,1,0,0,1,0,0,1,0,0,1,0,1,0,0,0,0,0,0,0,0,0,0,1,1,0,0,0.5164798,False
90710,33.798266,-118.300237,12,96.0,1062.1,0,0,0,0,1,0,0,1,0,0,0,0,0,0,1,0,0,0,1,0,1,0,0,1,0,1,0,0.80151725,True
90716,33.830431,-118.074071,54,100.1,5440.9,0,0,0,0,1,0,1,1,0,0,0,0,0,0,0,0,1,0,1,0,1,0,0,1,0,1,0,0.69050825,False
90717,33.794209,-118.317354,4,56.5,235.1,0,0,1,1,1,0,0,0,0,0,0,0,1,0,0,0,1,0,0,0,0,0,0,0,0,0,1,0.4818747,False
90723,33.897122,-118.164432,1,85.0,85.0,0,1,0,0,1,0,0,1,0,0,0,0,0,0,1,0,0,0,0,0,1,0,0,1,0,1,0,0.8217081,True
90802,33.752524,-118.210737,51,59.3,3014.65,1,0,1,0,0,1,0,0,0,0,1,0,1,0,1,0,0,0,1,0,1,1,0,0,0,1,0,0.44570488,False
90805,33.864622,-118.179626,4,49.4,184.4,1,0,0,1,1,0,0,0,0,0,1,0,0,0,0,0,0,0,0,0,0,0,0,1,0,1,0,0.6592825,False
90807,33.830099,-118.182239,35,55.0,2010.55,1,0,0,0,1,0,0,0,0,0,0,0,0,0,0,0,0,0,1,0,0,0,0,0,0,0,1,0.43572485,False
90810,33.819814,-118.222416,1,69.2,69.2,0,0,0,0,1,0,0,1,0,0,0,0,0,0,0,0,0,0,0,0,0,0,0,1,0,1,0,0.81222665,True
91010,34.145695,-117.95982,38,62.3,2354.8,1,0,0,0,1,0,0,0,0,0,0,0,0,0,1,0,1,0,0,0,1,1,0,1,0,0,1,0.36408257,False
91011,34.234912,-118.153729,37,92.5,3473.4,1,1,1,0,1,0,1,1,0,0,0,0,0,0,0,0,0,0,1,0,1,0,0,1,0,1,0,0.7068523,True
91103,34.167465,-118.165327,3,69.65,220.1,1,0,0,0,1,0,0,1,0,0,0,0,0,0,0,0,0,0,0,0,0,0,0,0,0,1,0,0.74907976,True
91107,34.159007,-118.087353,61,111.6,6876.05,1,0,0,0,1,0,1,1,0,0,1,0,0,0,1,0,1,0,1,0,1,0,1,1,1,0,0,0.41450545,False
91108,34.122671,-118.112911,11,48.55,501.0,0,0,0,0,1,0,0,0,0,0,1,0,0,0,0,0,0,0,0,0,0,0,0,0,1,0,0,0.4666435,False
91203,34.153338,-118.262974,1,20.2,20.2,0,0,0,0,1,0,0,0,1,1,0,1,0,1,0,1,0,1,0,1,0,0,0,1,0,0,1,0.54583526,False
91205,34.13658,-118.245839,19,39.65,733.35,1,0,0,0,0,1,0,0,0,0,0,0,0,0,1,0,0,0,1,0,0,0,0,1,0,1,0,0.6519319,False
91206,34.162515,-118.203869,56,24.9,1334.0,1,0,0,0,1,0,1,0,1,1,0,1,0,1,0,1,0,1,0,1,0,1,0,0,0,1,0,0.23475486,False
91301,34.129058,-118.759788,2,56.7,113.55,1,0,1,1,1,0,1,0,0,0,1,0,0,0,0,0,0,0,0,0,0,0,0,0,0,0,1,0.44175515,False
91306,34.209532,-118.577563,14,105.95,1348.9,0,0,1,0,1,0,0,1,0,0,1,0,1,0,0,0,1,0,1,0,1,1,0,0,0,0,1,0.5369876,False
91331,34.255442,-118.421314,4,74.95,308.7,1,1,1,0,1,0,1,1,0,0,0,0,0,0,0,0,0,0,0,0,0,0,0,0,0,1,0,0.7630026,True
91335,34.200175,-118.540958,15,29.7,438.25,1,0,0,0,0,1,0,0,0,0,0,0,0,0,0,0,1,0,0,0,0,0,0,1,0,1,0,0.6027114,False
91340,34.286131,-118.435969,1,50.35,50.35,1,0,1,0,0,1,0,0,0,0,0,0,0,0,1,0,0,0,1,0,1,0,0,1,0,1,0,0.75648046,True
91343,34.238802,-118.482296,64,47.85,3147.5,0,0,1,0,0,1,0,0,0,0,1,0,0,0,1,0,1,0,0,0,1,0,1,0,0,1,0,0.2796766,False
91350,34.502432,-118.41459,1,70.3,70.3,1,0,0,0,1,0,0,1,0,0,0,0,0,0,0,0,0,0,0,0,0,0,0,1,0,1,0,0.81222665,True
91354,34.457005,-118.573726,55,98.8,5617.75,1,1,0,0,1,0,1,1,0,0,1,0,0,0,0,0,0,0,1,0,1,0,0,1,0,1,0,0.68814003,False
91356,34.157137,-118.548511,18,99.85,1776.95,0,0,0,0,1,0,1,1,0,0,0,0,0,0,0,0,1,0,1,0,1,0,0,1,0,0,0,0.71337724,True
91360,34.214054,-118.88109,32,80.3,2483.05,1,1,1,0,1,0,0,1,0,0,0,0,0,0,0,0,0,0,0,0,1,0,0,1,1,0,0,0.64743245,False
91362,34.191842,-118.822796,66,80.45,5224.35,0,1,0,0,1,0,1,1,0,0,0,0,1,0,0,0,0,0,0,0,0,0,0,1,1,0,0,0.49950612,False
91402,34.223768,-118.445461,7,86.8,620.35,1,0,0,0,1,0,1,1,0,0,0,0,0,0,0,0,0,0,0,0,1,0,0,1,0,1,0,0.806968,True
91423,34.146957,-118.432138,6,84.2,519.15,1,1,1,0,1,0,0,1,0,0,0,0,1,0,0,0,0,0,0,0,1,0,0,1,0,1,0,0.7902642,True
91501,34.188339,-118.300942,13,99.0,1301.7,1,0,0,0,1,0,1,1,0,0,0,0,0,0,0,0,1,0,1,0,1,0,0,1,0,0,1,0.75457126,True
91502,34.177267,-118.31003,11,100.75,1129.75,0,0,0,0,1,0,1,1,0,0,0,0,0,0,1,0,0,0,1,0,1,0,0,1,0,1,0,0.8038066,True
91601,34.1692,-118.372498,9,91.75,865.8,0,0,1,0,1,0,1,1,0,0,1,0,1,0,1,0,0,0,0,0,0,0,0,0,0,0,0,0.6719812,False
91605,34.207295,-118.400022,1,79.55,79.55,0,0,0,0,1,0,1,1,0,0,0,0,0,0,1,0,0,0,0,0,0,0,0,1,0,0,1,0.78816885,True
91710,33.990646,-117.663025,54,111.1,6014.85,0,0,0,0,1,0,1,1,0,0,0,0,1,0,1,0,1,0,1,0,1,0,0,0,0,1,0,0.59587705,False
91730,34.10097,-117.57882,25,89.1,2368.4,0,0,1,0,1,0,1,1,0,0,0,0,0,0,1,0,0,0,0,0,1,0,0,1,0,1,0,0.7606899,True
91732,34.074492,-118.01462,37,101.9,3545.35,0,0,0,0,1,0,1,1,0,0,0,0,1,0,1,0,0,0,1,0,1,0,0,1,0,0,0,0.6755455,False
91733,34.04622,-118.053753,14,91.65,1301.0,0,0,1,1,1,0,1,1,0,0,0,0,0,0,0,0,1,0,1,0,0,0,0,1,0,1,0,0.6450327,False
91737,34.245289,-117.642503,4,88.85,372.45,0,1,0,0,1,0,1,1,0,0,0,0,0,0,1,0,0,0,0,0,1,0,0,1,0,1,0,0.82069004,True
91740,34.119363,-117.855059,3,25.3,77.75,0,1,0,0,0,1,0,0,0,0,0,0,0,0,0,0,0,0,0,0,0,0,0,0,0,1,0,0.7325035,True
91744,34.031441,-117.936436,1,95.45,95.45,1,0,0,0,1,0,1,1,0,0,0,0,0,0,0,0,0,0,1,0,1,0,0,1,0,1,0,0.8381102,True
91746,34.038983,-117.991372,13,91.1,1135.7,1,0,0,0,1,0,0,1,0,0,0,0,0,0,0,0,0,0,1,0,1,0,0,1,0,1,0,0.8118519,True
91748,33.976753,-117.897367,45,54.15,2319.8,0,0,1,0,1,0,0,0,0,0,0,0,1,0,0,0,1,0,0,0,0,1,0,1,1,0,0,0.27737886,False
91763,34.072121,-117.698319,1,69.7,69.7,0,0,0,0,1,0,0,1,0,0,0,0,0,0,0,0,0,0,0,0,0,0,0,0,0,0,0,0.78502506,True
91764,34.074087,-117.605618,6,89.5,573.3,0,0,0,0,1,0,0,1,0,0,0,0,0,0,0,0,0,0,1,0,1,0,0,1,0,1,0,0.8230926,True
91773,34.102119,-117.815532,3,35.15,99.75,1,0,1,0,0,1,0,0,0,0,0,0,0,0,0,0,0,0,0,0,1,0,0,1,0,1,0,0.74199295,True
91775,34.114772,-118.089431,12,73.75,871.4,1,0,0,1,1,0,1,1,0,0,0,0,0,0,0,0,0,0,0,0,0,0,0,1,1,0,0,0.6677291,False
91776,34.089927,-118.095645,8,101.35,780.5,0,1,0,0,1,0,1,1,0,0,0,0,0,0,1,0,0,0,1,0,1,0,0,0,0,1,0,0.8164673,True
91792,34.024405,-117.898722,6,55.9,365.35,0,0,1,1,1,0,0,0,0,0,1,0,1,0,0,0,0,0,0,0,0,0,0,0,1,0,0,0.37551066,False
91801,34.090925,-118.128164,3,105.9,334.65,1,1,1,0,1,0,1,1,0,0,0,0,1,0,1,0,0,0,1,0,1,0,0,1,0,1,0,0.79891217,True
91901,32.827184,-116.703729,1,43.95,43.95,0,0,0,0,1,0,0,0,0,0,0,0,0,0,0,0,0,0,0,0,0,0,0,0,0,0,1,0.7173669,True
91906,32.673483,-116.472863,1,45.1,45.1,1,0,0,0,1,0,0,0,0,0,0,0,0,0,0,0,0,0,0,0,0,0,0,1,0,0,0,0.74581116,True
91931,32.857946,-116.561917,41,70.25,2868.05,0,0,0,0,1,0,0,1,0,0,0,0,0,0,0,0,0,0,0,0,0,0,0,0,0,0,0,0.5558135,False
91932,32.579134,-117.119009,9,55.35,449.75,1,0,0,1,1,0,0,0,0,0,0,0,0,0,0,0,0,0,1,0,0,0,0,0,0,1,0,0.5632106,False
91948,32.830852,-116.444601,43,103.0,4414.3,1,1,1,0,1,0,1,1,0,0,0,0,1,0,1,0,0,0,1,0,1,0,0,1,0,1,0,0.74003744,True
91977,32.726627,-116.994608,33,103.75,3361.05,0,0,1,0,1,0,0,1,0,0,1,0,0,0,1,0,1,0,1,0,1,1,0,1,0,1,0,0.534273,False
92008,33.148116,-117.306043,1,69.35,69.35,1,0,0,0,1,0,0,1,0,0,0,0,0,0,0,0,0,0,0,0,0,0,0,1,0,1,0,0.8332858,True
92014,32.948262,-117.256086,56,73.85,4092.85,0,0,0,0,1,0,0,1,0,0,0,0,1,0,0,0,0,0,0,0,0,0,0,1,0,1,0,0.60166013,False
92024,33.054579,-117.25665,3,75.15,216.75,0,0,1,0,1,0,1,1,0,0,0,0,0,0,0,0,0,0,0,0,0,0,0,1,1,0,0,0.77063453,True
92027,33.141265,-116.967221,1,69.6,69.6,1,0,0,0,1,0,0,1,0,0,0,0,0,0,0,0,0,0,0,0,0,0,0,1,0,1,0,0.8332858,True
92036,32.980678,-116.262854,5,80.15,385.0,1,0,1,1,1,0,1,1,0,0,0,0,1,0,0,0,0,0,0,0,0,0,0,1,0,1,0,0.6387213,False
92060,33.309852,-116.823091,1,30.5,30.5,0,0,1,1,0,1,0,0,0,0,1,0,0,0,0,0,0,0,0,0,0,0,0,0,0,0,0,0.5823747,False
92064,32.984395,-117.013454,70,98.3,6859.5,1,0,1,0,1,0,1,1,0,0,0,0,1,0,0,0,0,0,1,0,1,0,1,0,0,0,0,0.28478312,False
92075,33.001813,-117.263628,48,107.4,5121.3,0,0,0,0,1,0,1,1,0,0,0,0,1,0,1,0,0,0,1,0,1,0,0,1,0,0,0,0.632242,False
92078,33.119028,-117.166036,13,82.0,1127.2,0,1,0,0,1,0,1,1,0,0,0,0,0,0,0,0,0,0,0,0,1,0,0,1,0,1,0,0.80301327,True
92103,32.747484,-117.166877,24,75.4,1747.85,0,0,1,0,1,0,1,1,0,0,0,0,0,0,0,0,0,0,0,0,0,0,0,1,1,0,0,0.68925047,False
92104,32.741499,-117.127409,27,101.25,2754.45,0,1,1,0,1,0,0,1,0,0,1,0,0,0,1,0,0,0,1,0,1,0,0,1,0,1,0,0.69880223,False
92109,32.787836,-117.232376,25,89.5,2196.15,1,1,0,0,1,0,1,1,0,0,0,0,1,0,0,0,0,0,1,0,0,0,0,1,0,1,0,0.7616947,True
92110,32.76501,-117.19938,22,74.4,1692.6,0,1,0,0,1,0,1,1,0,0,0,0,0,0,0,0,0,0,0,0,0,0,0,1,0,0,0,0.6876256,False
92111,32.805518,-117.169052,1,20.5,20.5,1,0,0,0,1,0,0,0,1,1,0,1,0,1,0,1,0,1,0,1,0,0,0,0,0,0,1,0.510033,False
92113,32.697098,-117.116587,4,74.35,265.35,1,0,0,0,1,0,1,1,0,0,0,0,0,0,0,0,0,0,0,0,0,0,0,1,0,1,0,0.80793536,True
92114,32.707892,-117.05512,18,99.75,1836.25,0,1,1,0,1,0,1,1,0,0,0,0,0,0,0,0,1,0,1,0,1,0,0,0,0,0,0,0.6729137,False
92115,32.762506,-117.07245,56,111.95,6418.9,0,1,0,0,1,0,1,1,0,0,0,0,1,0,1,0,1,0,1,0,1,1,0,1,0,1,0,0.4973446,False
92123,32.808814,-117.134694,16,39.0,679.85,1,1,0,0,0,1,0,0,0,0,0,0,1,0,0,0,0,0,1,0,0,0,0,1,0,0,1,0.615735,False
92130,32.957195,-117.202542,30,94.1,2804.45,0,0,1,0,1,0,1,1,0,0,0,0,1,0,0,0,1,0,1,0,0,0,0,1,1,0,0,0.64637977,False
92201,33.713891,-116.237257,8,95.65,778.1,0,0,0,0,1,0,1,1,0,0,0,0,0,0,0,0,0,0,1,0,1,0,0,0,0,0,0,0.788817,True
92210,33.537646,-116.291089,50,88.05,4367.35,0,1,1,0,1,0,1,1,0,0,0,0,1,0,0,0,0,0,1,0,0,0,0,1,0,1,0,0.70245427,True
92223,33.946982,-116.977672,41,66.5,2728.6,0,0,1,0,1,0,0,0,0,0,0,0,1,0,0,0,1,0,0,0,1,1,0,1,0,0,0,0.35568178,False
92230,33.929812,-116.76058,3,35.45,106.85,1,0,0,0,0,1,0,0,0,0,1,0,1,0,0,0,0,0,0,0,0,0,0,1,0,0,1,0.6372326,False
92233,33.143826,-115.497485,3,49.9,130.1,1,0,0,0,1,0,0,0,0,0,0,0,1,0,0,0,0,0,0,0,0,0,0,1,0,0,1,0.7026737,True
92241,33.832799,-116.250973,40,104.5,4036.85,1,0,0,0,1,0,1,1,0,0,0,0,1,0,1,0,0,0,1,0,1,0,0,1,1,0,0,0.6776558,False
92243,32.770393,-115.60915,3,75.05,256.25,0,1,0,0,1,0,1,1,0,0,0,0,0,0,0,0,0,0,0,0,0,0,0,1,1,0,0,0.7530126,True
92249,32.730583,-115.501083,23,81.0,1917.1,1,0,0,0,1,0,1,1,0,0,0,0,0,0,1,0,0,0,0,0,0,0,0,1,0,1,0,0.71793437,True
92250,32.811001,-115.152865,1,74.45,74.45,0,1,1,0,1,0,1,1,0,0,0,0,0,0,0,0,0,0,0,0,0,0,0,1,0,1,0,0.80650276,True
92251,32.858595,-115.662709,4,60.4,272.15,0,0,0,0,1,0,0,0,0,0,1,0,1,0,0,0,1,0,0,0,0,0,0,1,0,0,1,0.45551375,False
92259,32.698964,-115.886656,1,70.65,70.65,1,0,1,1,1,0,0,1,0,0,0,0,0,0,0,0,0,0,0,0,0,0,0,1,0,0,1,0.699909,False
92264,33.745746,-116.514215,12,59.8,727.8,1,0,0,0,1,0,0,0,0,0,0,0,0,0,0,0,1,0,1,0,0,1,0,1,0,1,0,0.44210097,False
92273,32.790282,-115.689559,9,44.2,403.35,0,0,0,0,1,0,0,0,0,0,0,0,0,0,0,0,0,0,0,0,0,0,0,1,0,0,0,0.6298645,False
92280,34.264124,-114.717964,1,75.75,75.75,1,1,0,0,1,0,1,1,0,0,0,0,0,0,0,0,0,0,0,0,0,0,0,1,0,1,0,0.8079761,True
92282,33.972293,-116.654195,67,102.95,6886.25,0,0,0,0,1,0,1,1,0,0,1,0,1,0,1,0,0,0,1,0,0,0,0,1,1,0,0,0.47367907,False
92307,34.55082,-117.122396,4,74.4,306.6,1,1,1,0,1,0,1,1,0,0,0,0,0,0,0,0,0,0,0,0,0,0,0,1,0,0,1,0.7778018,True
90001,33.973616,-118.24902,1,29.85,29.85,0,0,1,0,0,1,0,0,0,0,0,0,1,0,0,0,0,0,0,0,0,0,0,1,0,1,0,0.7194613,True
90002,33.949255,-118.246978,34,56.95,1889.5,1,0,0,0,1,0,0,0,0,0,1,0,0,0,1,0,0,0,0,0,0,1,0,0,0,0,1,0.27322507,False
90004,34.076259,-118.310715,45,42.3,1840.75,1,0,0,0,0,1,0,0,0,0,1,0,0,0,1,0,1,0,0,0,0,1,0,0,0,0,0,0.32324842,False
90007,34.027337,-118.28515,22,89.1,1949.4,1,0,0,1,1,0,1,1,0,0,0,0,1,0,0,0,0,0,1,0,0,0,0,1,1,0,0,0.6351009,False
90008,34.008293,-118.346766,10,29.75,301.9,0,0,0,0,0,1,0,0,0,0,1,0,0,0,0,0,0,0,0,0,0,0,0,0,0,0,1,0.52538085,False
90011,34.00709,-118.258681,62,56.15,3487.95,1,0,0,0,1,0,0,0,0,0,1,0,1,0,0,0,0,0,0,0,0,1,0,0,0,0,0,0.21019325,False
90012,34.065875,-118.238728,13,49.95,587.45,1,0,1,1,1,0,0,0,0,0,1,0,0,0,0,0,0,0,0,0,0,0,0,1,0,0,1,0.38663808,False
90013,34.044639,-118.240413,16,18.95,326.8,1,0,0,0,1,0,0,0,1,1,0,1,0,1,0,1,0,1,0,1,0,0,1,0,1,0,0,0.16973014,False
90014,34.043144,-118.251977,58,100.35,5681.1,1,0,1,0,1,0,1,1,0,0,0,0,0,0,1,0,0,0,1,0,1,1,0,0,1,0,0,0.46904495,False
90016,34.028331,-118.354338,25,105.5,2686.05,1,0,0,0,1,0,0,1,0,0,1,0,0,0,1,0,1,0,1,0,1,0,0,1,0,1,0,0.65616524,False
90017,34.052842,-118.264495,69,113.25,7895.15,0,0,1,0,1,0,1,1,0,0,1,0,1,0,1,0,1,0,1,0,1,0,1,0,1,0,0,0.2279102,False
90018,34.028735,-118.317236,52,20.65,1022.95,0,0,0,0,1,0,0,0,1,1,0,1,0,1,0,1,0,1,0,1,0,1,0,0,0,0,1,0.18582813,False
90019,34.049841,-118.33846,71,106.7,7382.25,1,0,0,0,1,0,1,1,0,0,1,0,0,0,1,0,0,0,1,0,1,0,1,0,0,0,0,0.34289187,False
90021,34.029043,-118.239504,21,90.05,1862.9,0,0,0,0,1,0,0,1,0,0,0,0,1,0,1,0,0,0,0,0,1,0,0,1,0,1,0,0.66246474,False
90023,34.017697,-118.200577,12,19.8,202.25,1,0,1,0,1,0,0,0,1,1,0,1,0,1,0,1,0,1,0,1,0,1,0,0,0,0,0,0.21180473,False
90025,34.046174,-118.446333,58,59.9,3505.1,0,0,1,0,1,0,1,0,0,0,0,0,1,0,0,0,1,0,0,0,0,0,1,1,1,0,0,0.1810097,False
90026,34.078991,-118.263804,49,59.6,2970.3,1,0,1,1,1,0,0,0,0,0,1,0,1,0,0,0,1,0,0,0,0,0,0,0,1,0,0,0.23437726,False
90027,34.127194,-118.295647,30,55.3,1530.6,0,0,0,0,1,0,0,0,0,0,1,0,1,0,0,0,0,0,0,0,0,0,0,1,0,0,0,0.3705078,False
90031,34.085807,-118.206617,72,90.25,6369.45,1,0,1,0,1,0,1,0,0,0,1,0,1,0,1,0,1,0,1,0,1,0,1,1,1,0,0,0.14450765,False
90033,34.050198,-118.210946,71,96.35,6766.95,0,1,1,0,1,0,1,1,0,0,1,0,1,0,1,0,1,0,0,0,0,0,1,1,1,0,0,0.16753863,False
90034,34.030578,-118.399613,2,95.5,181.65,1,1,1,0,1,0,0,1,0,0,0,0,0,0,1,0,0,0,1,0,1,0,0,1,1,0,0,0.78069884,True
90035,34.051809,-118.383843,27,66.15,1874.45,0,0,1,0,1,0,0,0,0,0,1,0,1,0,1,0,1,0,0,0,0,1,0,0,0,0,1,0.21688308,False
90036,34.070291,-118.349191,1,20.2,20.2,1,0,0,0,1,0,0,0,1,1,0,1,0,1,0,1,0,1,0,1,0,0,0,0,0,0,0,0.5066989,False
90037,34.002642,-118.287596,1,45.25,45.25,1,1,0,0,1,0,0,0,0,0,0,0,0,0,0,0,0,0,0,0,0,0,0,0,0,0,0,0.7022594,True
90038,34.088017,-118.327168,72,99.9,7251.7,0,0,1,0,1,0,1,1,0,0,1,0,1,0,0,0,1,0,1,0,0,0,1,0,0,0,0,0.19779682,False
90040,33.994524,-118.149953,46,74.8,3548.3,0,0,0,0,1,0,0,1,0,0,0,0,0,0,1,0,0,0,0,0,0,0,0,1,1,0,0,0.56249225,False
90043,33.988543,-118.334081,10,49.55,475.7,1,0,1,0,1,0,0,0,0,0,0,0,1,0,0,0,0,0,0,0,0,1,0,0,0,0,1,0.32405213,False
90044,33.952714,-118.292061,70,69.2,4872.35,0,0,1,0,1,0,1,0,0,0,1,0,1,0,0,0,0,0,1,0,0,0,1,1,1,0,0,0.20217668,False
90045,33.954017,-118.402447,17,20.75,418.25,0,0,1,0,1,0,0,0,1,1,0,1,0,1,0,1,0,1,0,1,0,1,0,0,0,0,1,0.19019003,False
90046,34.108455,-118.362081,63,79.85,4861.45,0,0,0,0,1,0,1,0,0,0,1,0,1,0,1,0,1,0,1,0,0,0,1,1,1,0,0,0.17502967,False
90047,33.958149,-118.308441,13,76.2,981.45,0,0,1,0,1,0,1,0,0,0,1,0,1,0,0,0,1,0,1,0,0,0,0,1,0,1,0,0.5030926,False
90048,34.072945,-118.37267,49,84.5,3906.7,0,0,0,0,1,0,1,1,0,0,0,0,0,0,0,0,0,0,0,0,1,0,0,1,0,1,0,0.71092314,True
90049,34.091829,-118.491244,2,49.25,97.0,1,0,0,0,1,0,0,0,0,0,0,0,1,0,0,0,0,0,0,0,0,0,0,0,0,0,1,0.66758263,False
90057,34.061918,-118.277939,52,79.75,4217.8,1,0,0,0,1,0,1,0,0,0,1,0,0,0,0,0,1,0,1,0,1,0,1,1,1,0,0,0.17370388,False
90058,34.001617,-118.222274,69,64.15,4254.1,0,0,1,0,1,0,1,0,0,0,1,0,0,0,1,0,1,0,0,0,0,0,1,1,1,0,0,0.16021985,False
90059,33.927254,-118.249826,43,90.25,3838.75,0,1,0,0,1,0,1,1,0,0,0,0,1,0,0,0,0,0,1,0,0,0,0,1,0,1,0,0.6670605,False
90062,34.003553,-118.308933,25,69.5,1752.65,0,1,1,0,1,0,1,0,0,0,1,0,0,0,0,0,1,0,1,0,0,0,0,1,1,0,0,0.31117207,False
90064,34.037251,-118.423573,60,74.85,4456.35,0,1,1,0,1,0,0,0,0,0,1,0,1,0,1,0,1,0,0,0,1,1,0,1,1,0,0,0.21628208,False
90066,34.002028,-118.430656,63,99.65,6311.2,0,0,1,0,1,0,1,1,0,0,1,0,0,0,0,0,0,0,1,0,1,1,0,1,1,0,0,0.36969852,False
90067,34.057496,-118.413959,66,108.45,7076.35,1,1,1,0,1,0,1,1,0,0,0,0,1,0,1,0,1,0,1,0,1,1,0,1,0,1,0,0.43514767,False
90068,34.137411,-118.328915,34,24.95,894.3,0,0,1,0,1,0,1,0,1,1,0,1,0,1,0,1,0,1,0,1,0,0,1,0,1,0,0,0.1522232,False
90069,34.093781,-118.381061,72,107.5,7853.7,0,0,0,0,1,0,1,1,0,0,0,0,0,0,1,0,1,0,1,0,1,0,1,1,1,0,0,0.26024362,False
90071,34.052917,-118.255178,47,100.5,4707.1,0,0,1,0,1,0,1,1,0,0,0,0,0,0,1,0,0,0,1,0,1,0,0,1,0,1,0,0.73021036,True
90077,34.102084,-118.451629,60,89.9,5450.7,1,0,0,0,1,0,1,1,0,0,0,0,1,0,0,0,0,0,1,0,0,0,0,1,0,0,0,0.4977918,False
90201,33.970343,-118.171368,72,42.1,2962.0,1,0,1,0,0,1,0,0,0,0,1,0,1,0,1,0,0,0,0,0,0,0,1,0,0,0,0,0.21493393,False
90210,34.099891,-118.414338,18,54.4,957.1,0,0,1,0,1,0,0,0,0,0,0,0,0,0,1,0,1,0,0,0,0,1,0,1,1,0,0,0.35369366,False
90212,34.062095,-118.401508,3,75.3,244.1,0,0,0,0,1,0,0,0,0,0,0,0,1,0,0,0,1,0,1,0,1,0,0,1,0,1,0,0.5686417,False
90220,33.88151,-118.234451,47,78.9,3650.35,1,0,1,0,1,0,1,1,0,0,0,0,1,0,0,0,0,0,0,0,0,1,0,1,0,1,0,0.4530173,False
90221,33.885811,-118.206459,31,79.2,2497.2,0,0,0,0,1,0,0,0,0,0,0,0,1,0,1,0,1,0,1,0,1,0,1,0,0,0,1,0.21218769,False
90222,33.912246,-118.236773,50,20.15,930.9,0,0,1,0,1,0,0,0,1,1,0,1,0,1,0,1,0,1,0,1,0,0,1,0,0,0,0,0.1522232,False
90230,33.993991,-118.39704,10,79.85,887.35,1,0,0,0,1,0,0,1,0,0,1,0,0,0,1,0,0,0,0,0,0,0,0,1,0,0,1,0.64411414,False
90232,34.019323,-118.391902,1,49.05,49.05,1,0,0,0,1,0,0,0,0,0,0,0,0,0,0,0,1,0,0,0,0,0,0,0,0,0,1,0.6298813,False
90240,33.956228,-118.120993,52,20.4,1090.65,0,0,1,0,1,0,0,0,1,1,0,1,0,1,0,1,0,1,0,1,0,1,0,1,0,1,0,0.21317177,False
90241,33.940884,-118.128628,64,111.6,7099.0,1,1,1,0,1,0,1,1,0,0,1,0,0,0,1,0,1,0,1,0,1,0,1,1,0,0,0,0.38161686,False
90242,33.921793,-118.140588,62,24.25,1424.6,1,0,1,0,1,0,1,0,1,1,0,1,0,1,0,1,0,1,0,1,0,0,1,1,0,0,0,0.15146886,False
90245,33.917145,-118.401554,3,64.5,177.4,0,0,0,1,1,0,0,0,0,0,1,0,0,0,0,0,1,0,0,0,1,0,0,1,0,0,0,0.44560918,False
90247,33.890853,-118.297967,56,110.5,6139.5,0,1,0,0,1,0,1,1,0,0,1,0,1,0,1,0,0,0,1,0,1,1,0,0,0,1,0,0.4021632,False
90248,33.876482,-118.284077,46,55.65,2688.85,0,0,0,0,1,0,0,0,0,0,0,0,0,0,0,0,0,0,0,0,1,1,0,0,1,0,0,0.30373323,False
90249,33.90139,-118.315697,8,54.65,482.25,0,0,1,1,1,0,0,0,0,0,1,0,1,0,0,0,0,0,0,0,0,0,0,0,0,0,1,0.35602656,False
90250,33.914775,-118.348083,30,74.75,2111.3,1,1,0,0,1,0,0,0,0,0,1,0,1,0,0,0,0,0,1,0,1,0,0,1,0,1,0,0.42862114,False
90254,33.86532,-118.396336,45,25.9,1216.6,0,0,1,0,1,0,1,0,1,1,0,1,0,1,0,1,0,1,0,1,0,1,0,1,1,0,0,0.18149838,False
90260,33.88856,-118.351813,11,50.55,565.35,0,0,1,1,0,1,0,0,0,0,1,0,0,0,0,0,0,0,1,0,1,0,0,0,0,1,0,0.4436142,False
90263,34.037037,-118.705803,42,103.8,4327.5,0,0,0,0,1,0,0,1,0,0,0,0,1,0,1,0,1,0,1,0,1,0,0,1,0,0,0,0.5561433,False
90265,34.074572,-118.831181,49,20.15,973.35,0,0,1,0,1,0,0,0,1,1,0,1,0,1,0,1,0,1,0,1,0,0,1,1,0,0,0,0.1522232,False
90266,33.889632,-118.39737,9,99.3,918.75,1,0,0,0,1,0,1,1,0,0,0,0,1,0,0,0,0,0,1,0,1,0,0,1,1,0,0,0.7679909,True
90270,33.988572,-118.186565,35,62.15,2215.45,0,0,1,0,1,0,0,0,0,0,1,0,0,0,0,0,0,0,1,0,0,1,0,1,0,0,0,0.24384294,False
90272,34.079449,-118.548306,48,20.65,1057.0,0,0,1,0,1,0,0,0,1,1,0,1,0,1,0,1,0,1,0,1,0,0,1,0,0,0,0,0.1522232,False
90274,33.788208,-118.404955,46,19.95,927.1,0,0,1,0,1,0,0,0,1,1,0,1,0,1,0,1,0,1,0,1,0,0,1,1,0,0,1,0.15556149,False
90275,33.753146,-118.367459,29,33.75,1009.25,1,0,1,0,0,1,0,0,0,0,0,0,0,0,0,0,0,0,1,0,0,0,0,0,0,0,1,0.542105,False
90277,33.830453,-118.384565,30,82.05,2570.2,1,0,1,1,1,0,0,1,0,0,0,0,1,0,1,0,0,0,0,0,0,0,0,0,0,0,0,0.41554695,False
90278,33.873395,-118.37019,1,74.7,74.7,1,1,0,0,1,0,0,1,0,0,0,0,0,0,0,0,1,0,0,0,0,0,0,0,0,1,0,0.7264683,True
90280,33.944624,-118.192615,66,84.0,5714.25,1,0,1,0,1,0,1,0,0,0,1,0,0,0,1,0,1,0,1,0,1,0,1,1,0,0,1,0.154248,False
90290,34.115192,-118.61017,65,111.05,7107.0,0,0,0,0,1,0,1,1,0,0,1,0,1,0,1,0,0,0,1,0,1,0,0,1,1,0,0,0.42962945,False
90291,33.991782,-118.479229,72,100.9,7459.05,1,0,0,0,1,0,1,1,0,0,0,0,1,0,1,0,0,0,1,0,1,0,1,1,0,0,0,0.23366487,False
90293,33.947305,-118.439841,71,66.85,4748.7,1,0,1,0,1,0,1,0,0,0,1,0,1,0,0,0,1,0,0,0,0,1,0,1,1,0,0,0.1943454,False
90302,33.975332,-118.355252,52,21.0,1107.2,1,0,0,0,1,0,0,0,1,1,0,1,0,1,0,1,0,1,0,1,0,0,1,0,0,0,0,0.1522232,False
90304,33.936827,-118.359824,1,20.2,20.2,1,0,0,0,1,0,0,0,1,1,0,1,0,1,0,1,0,1,0,1,0,0,0,0,0,0,1,0.47819895,False
90305,33.958134,-118.330905,1,19.45,19.45,0,0,1,1,1,0,0,0,1,1,0,1,0,1,0,1,0,1,0,1,0,0,0,0,0,1,0,0.5378688,False
90401,34.015481,-118.493231,38,95.0,3605.6,1,0,0,0,1,0,1,1,0,0,0,0,0,0,1,0,1,0,1,0,0,1,0,0,0,0,0,0.3624794,False
90402,34.035849,-118.503508,66,45.55,3027.25,0,1,1,0,0,1,0,0,0,0,0,0,1,0,1,0,0,0,1,0,0,1,0,0,0,0,0,0.35199976,False
90404,34.026334,-118.474222,5,24.3,100.2,1,0,0,0,0,1,0,0,0,0,0,0,0,0,0,0,0,0,0,0,0,0,0,0,0,0,1,0.63778603,False
90405,34.005439,-118.477507,72,104.15,7303.05,0,0,1,0,1,0,1,1,0,0,1,0,1,0,0,0,0,0,1,0,1,1,0,1,0,1,0,0.34748253,False
90501,33.833699,-118.314387,32,30.15,927.65,0,0,0,0,0,1,0,0,0,0,1,0,0,0,0,0,0,0,0,0,0,1,0,0,0,0,1,0.28559464,False
90502,33.833181,-118.292062,43,94.35,3921.3,1,0,0,0,1,0,1,1,0,0,0,0,0,0,0,0,0,0,1,0,1,1,0,0,0,0,1,0.41827163,False
90503,33.840399,-118.353714,72,19.4,1363.25,1,0,1,0,1,0,0,0,1,1,0,1,0,1,0,1,0,1,0,1,0,0,1,0,1,0,0,0.14561512,False
90505,33.807882,-118.347957,52,57.95,3042.25,0,0,0,0,1,0,0,0,0,0,1,0,0,0,1,0,1,0,0,0,0,1,0,0,1,0,0,0.24272859,False
90601,34.007353,-118.033683,43,91.65,3954.1,0,0,0,0,1,0,0,1,0,0,0,0,1,0,1,0,0,0,1,0,0,0,0,1,0,1,0,0.60708594,False
90603,33.945318,-117.992066,64,54.6,3423.5,0,0,1,0,0,1,0,0,0,0,0,0,1,0,0,0,1,0,1,0,1,0,1,1,0,1,0,0.24294311,False
90604,33.929704,-118.01208,3,89.85,248.4,1,0,1,1,1,0,0,1,0,0,1,0,1,0,0,0,0,0,1,0,0,0,0,0,0,1,0,0.5789281,False
90605,33.960891,-118.032222,36,31.05,1126.35,0,0,0,0,0,1,0,0,0,0,1,0,0,0,0,0,0,0,0,0,0,0,1,0,0,0,0,0.26447302,False
90620,33.845706,-118.012204,41,20.65,835.15,0,0,0,0,1,0,0,0,1,1,0,1,0,1,0,1,0,1,0,1,0,0,1,0,0,0,1,0.15556149,False
90621,33.874224,-117.993368,27,85.2,2151.6,1,0,1,1,1,0,1,1,0,0,0,0,1,0,0,0,1,0,0,0,0,0,0,1,1,0,0,0.42952922,False
90623,33.850504,-118.039892,56,99.8,5515.45,0,0,1,0,1,0,1,1,0,0,0,0,0,0,1,0,0,0,1,0,1,1,0,1,1,0,0,0.39674282,False
90630,33.818477,-118.038307,6,20.7,112.75,0,0,0,0,1,0,0,0,1,1,0,1,0,1,0,1,0,1,0,1,0,0,0,0,0,0,1,0.40813127,False
90638,33.902045,-118.008961,7,50.7,350.35,0,0,1,1,1,0,0,0,0,0,1,0,0,0,0,0,0,0,0,0,0,0,0,0,0,0,1,0.3489883,False
90640,34.015217,-118.109962,4,20.85,62.9,0,0,1,1,1,0,0,0,1,1,0,1,0,1,0,1,0,1,0,1,0,0,0,0,0,0,1,0.38509873,False
90650,33.905963,-118.08263,33,88.95,3027.65,1,0,0,0,1,0,0,1,0,0,1,0,0,0,0,0,1,0,1,0,0,0,1,1,0,1,0,0.35121864,False
90670,33.933565,-118.062611,72,23.55,1723.95,1,0,1,0,1,0,1,0,1,1,0,1,0,1,0,1,0,1,0,1,0,0,1,1,0,0,0,0.14561512,False
90680,33.801869,-117.995068,1,19.75,19.75,1,0,0,0,1,0,0,0,1,1,0,1,0,1,0,1,0,1,0,1,0,0,0,0,0,0,1,0.42004272,False
90701,33.867593,-118.080637,71,56.45,3985.35,1,1,0,0,0,1,0,0,0,0,1,0,1,0,0,0,0,0,1,0,1,1,0,1,0,1,0,0.3462561,False
90703,33.8681,-118.067402,13,85.95,1215.65,0,0,0,0,1,0,1,1,0,0,0,0,0,0,0,0,0,0,0,0,1,0,0,1,0,1,0,0.7796119,True
90706,33.887676,-118.127289,67,50.55,3260.1,1,0,0,0,1,0,0,0,0,0,0,0,0,0,0,0,1,0,0,0,0,0,1,0,0,0,0,0.20830537,False
90713,33.847755,-118.112532,43,25.7,1188.2,0,0,0,0,1,0,1,0,1,1,0,1,0,1,0,1,0,1,0,1,0,0,1,1,1,0,0,0.1522232,False
90715,33.841027,-118.078097,23,75.0,1778.5,0,0,0,0,1,0,0,1,0,0,1,0,0,0,0,0,0,0,0,0,0,0,0,1,0,0,0,0.6002162,False
90716,33.830431,-118.074071,64,20.2,1277.75,0,0,1,0,1,0,0,0,1,1,0,1,0,1,0,1,0,1,0,1,0,0,1,0,0,0,1,0.15479362,False
90717,33.794209,-118.317354,57,19.6,1170.55,1,0,0,0,1,0,0,0,1,1,0,1,0,1,0,1,0,1,0,1,0,0,1,1,0,0,1,0.15556149,False
90723,33.897122,-118.164432,72,88.05,6425.65,0,1,1,0,1,0,1,0,0,0,1,0,1,0,1,0,1,0,1,0,1,0,1,1,1,0,0,0.14450765,False
90732,33.744119,-118.31448,61,101.05,5971.25,0,0,1,0,1,0,1,1,0,0,0,0,1,0,0,0,0,0,1,0,1,0,1,1,0,0,0,0.3126028,False
90740,33.75462,-118.071128,64,84.3,5289.05,1,0,0,0,1,0,1,1,0,0,1,0,1,0,0,0,0,0,0,0,0,1,0,1,1,0,0,0.27236998,False
90742,33.719221,-118.073596,71,23.95,1756.2,1,1,1,0,1,0,1,0,1,1,0,1,0,1,0,1,0,1,0,1,0,0,1,0,0,0,0,0.14561512,False
90743,33.728273,-118.085304,65,99.05,6416.7,0,0,1,0,1,0,1,1,0,0,1,0,1,0,0,0,1,0,1,0,0,0,1,1,1,0,0,0.19313742,False
90744,33.782068,-118.262263,3,19.6,61.35,1,0,0,0,1,0,0,0,1,1,0,1,0,1,0,1,0,1,0,1,0,1,0,0,0,0,1,0.2586733,False
90746,33.859171,-118.252272,30,64.5,1929.95,1,0,0,0,1,0,0,0,0,0,0,0,1,0,1,0,0,0,1,0,0,1,0,0,1,0,0,0.26876643,False
90802,33.752524,-118.210737,15,69.5,1071.4,1,0,1,1,1,0,0,0,0,0,0,0,1,0,1,0,1,0,0,0,1,0,0,1,0,0,1,0.31267834,False
90803,33.760458,-118.129725,8,68.55,564.35,0,0,1,1,1,0,0,0,0,0,0,0,0,0,0,0,1,0,1,0,1,0,0,1,0,1,0,0.43079942,False
90805,33.864622,-118.179626,70,108.15,7930.55,0,0,1,0,1,0,1,1,0,0,1,0,1,0,1,0,0,0,1,0,1,1,0,1,1,0,0,0.29965344,False
90806,33.802664,-118.179971,62,86.1,5215.25,1,0,1,0,1,0,0,0,0,0,1,0,1,0,1,0,1,0,1,0,1,0,1,0,0,1,0,0.19347039,False
90807,33.830099,-118.182239,6,19.7,113.5,0,0,1,1,1,0,0,0,1,1,0,1,0,1,0,1,0,1,0,1,0,0,0,0,0,0,1,0.378732,False
90808,33.823943,-118.111335,14,80.9,1152.8,0,0,1,1,1,0,0,1,0,0,0,0,0,0,0,0,0,0,0,0,1,0,0,1,0,0,0,0.61128324,False
90810,33.819814,-118.222416,22,84.15,1821.95,0,0,0,0,1,0,1,1,0,0,0,0,0,0,0,0,0,0,1,0,0,0,0,1,0,0,0,0.7073083,True
90813,33.781086,-118.199049,22,20.15,419.9,1,0,1,0,1,0,0,0,1,1,0,1,0,1,0,1,0,1,0,1,0,1,0,0,0,0,1,0.2005562,False
90814,33.771612,-118.143866,16,64.25,1024.0,1,0,1,0,1,0,0,0,0,0,1,0,0,0,1,0,0,0,1,0,0,0,1,0,0,0,1,0.23827228,False
90815,33.797638,-118.11662,10,25.7,251.6,1,0,0,0,1,0,1,0,1,1,0,1,0,1,0,1,0,1,0,1,0,0,1,0,0,0,0,0.25003314,False
90822,33.778436,-118.118648,13,56.0,764.55,0,0,0,1,1,0,0,0,0,0,1,0,1,0,0,0,0,0,0,0,0,0,0,1,0,1,0,0.48522228,False
91006,34.137319,-118.029837,2,69.7,135.2,0,0,0,0,1,0,0,1,0,0,0,0,0,0,0,0,0,0,0,0,0,0,0,1,0,1,0,0.77146405,True
91007,34.128284,-118.047732,53,73.9,3958.25,1,0,0,0,1,0,1,0,0,0,0,0,1,0,1,0,1,0,0,0,1,0,1,1,0,0,0,0.1954014,False
91010,34.145695,-117.95982,11,20.6,233.9,0,0,1,0,1,0,0,0,1,1,0,1,0,1,0,1,0,1,0,1,0,1,0,0,0,0,1,0.21072373,False
91011,34.234912,-118.153729,69,19.9,1363.45,1,0,1,0,1,0,0,0,1,1,0,1,0,1,0,1,0,1,0,1,0,0,1,0,0,0,1,0.15479362,False
91020,34.2112,-118.230625,72,89.05,6254.45,1,0,1,0,1,0,1,0,0,0,1,0,1,0,1,0,1,0,1,0,1,0,1,1,0,0,0,0.14450765,False
91030,34.110444,-118.156957,16,20.4,321.4,0,0,1,1,1,0,0,0,1,1,0,1,0,1,0,1,0,1,0,1,0,0,0,0,0,1,0,0.31024626,False
91040,34.282704,-118.312929,43,84.25,3539.25,1,0,1,0,1,0,0,1,0,0,1,0,0,0,1,0,1,0,0,0,0,1,0,1,0,0,0,0.35071665,False
91101,34.146635,-118.139225,14,81.95,1181.75,1,0,1,0,1,0,0,0,0,0,0,0,1,0,1,0,1,0,1,0,1,0,1,0,0,0,1,0.23880026,False
91104,34.165383,-118.123752,32,20.55,654.55,0,0,0,0,1,0,0,0,1,1,0,1,0,1,0,1,0,1,0,1,0,1,0,0,0,0,0,0.1819803,False
91105,34.13946,-118.166649,34,24.7,780.2,0,0,1,0,1,0,1,0,1,1,0,1,0,1,0,1,0,1,0,1,0,0,0,0,0,1,0,0.29969308,False
91108,34.122671,-118.112911,15,105.35,1559.25,0,0,1,1,1,0,1,1,0,0,0,0,1,0,1,0,0,0,1,0,1,0,0,1,0,0,0,0.61930954,False
91201,34.17051,-118.289463,61,20.55,1252.0,1,0,1,0,1,0,0,0,1,1,0,1,0,1,0,1,0,1,0,1,0,1,0,1,1,0,0,0.19109982,False
91203,34.153338,-118.262974,1,45.3,45.3,0,0,0,0,1,0,0,0,0,0,0,0,0,0,0,0,0,0,0,0,0,0,0,0,0,0,1,0.72211015,True
91205,34.13658,-118.245839,33,74.75,2453.3,1,0,1,0,1,0,0,0,0,0,1,0,0,0,1,0,0,0,1,0,1,1,0,0,1,0,0,0.28899363,False
91208,34.195386,-118.238508,20,51.8,1023.85,1,0,0,0,1,0,0,0,0,0,0,0,1,0,0,0,0,0,0,0,0,0,0,1,0,0,1,0.5120773,False
91214,34.239636,-118.245259,3,30.4,82.15,1,0,0,0,0,1,0,0,0,0,0,0,0,0,0,0,1,0,0,0,0,0,0,0,0,1,0,0.68203735,False
91301,34.129058,-118.759788,13,19.65,244.8,0,0,0,0,1,0,0,0,1,1,0,1,0,1,0,1,0,1,0,1,0,1,0,0,0,1,0,0.22702858,False
91302,34.130861,-118.68346,40,56.6,2379.1,0,0,1,0,1,0,1,0,0,0,0,0,1,0,0,0,0,0,0,0,0,0,0,0,1,0,0,0.37650615,False
91303,34.19829,-118.602203,43,71.9,3173.35,1,0,1,0,1,0,1,0,0,0,1,0,0,0,0,0,1,0,0,0,1,1,0,1,1,0,0,0.2761966,False
91306,34.209532,-118.577563,69,19.75,1375.4,0,0,1,0,1,0,0,0,1,1,0,1,0,1,0,1,0,1,0,1,0,0,1,0,0,0,0,0.15146886,False
91307,34.199787,-118.68493,72,109.7,8129.3,0,0,1,0,1,0,1,1,0,0,1,0,1,0,1,0,0,0,1,0,1,0,1,0,1,0,0,0.2505276,False
91311,34.294142,-118.603883,59,19.3,1192.7,1,0,1,0,1,0,0,0,1,1,0,1,0,1,0,1,0,1,0,1,0,0,1,0,1,0,0,0.1522232,False
91316,34.150354,-118.518292,20,96.55,1901.65,0,0,1,0,1,0,0,1,0,0,1,0,1,0,0,0,1,0,1,0,0,0,0,1,0,1,0,0.6551948,False
91320,34.172071,-118.946262,24,24.1,587.4,1,0,1,1,1,0,1,0,1,1,0,1,0,1,0,1,0,1,0,1,0,0,1,1,0,0,0,0.1309193,False
91321,34.370378,-118.504118,59,111.35,6519.75,1,0,0,0,1,0,1,1,0,0,0,0,1,0,1,0,1,0,1,0,1,0,0,1,0,1,0,0.5508415,False
91324,34.238208,-118.55029,72,112.25,8041.65,1,0,1,1,1,0,1,1,0,0,0,0,1,0,1,0,1,0,1,0,1,0,1,1,0,0,0,0.18036449,False
91325,34.236683,-118.517588,1,20.75,20.75,1,0,0,1,1,0,0,0,1,1,0,1,0,1,0,1,0,1,0,1,0,0,0,0,0,0,1,0.55005634,False
91326,34.281911,-118.556218,27,101.9,2681.15,0,0,1,0,1,0,0,1,0,0,1,0,0,0,0,0,1,0,1,0,1,1,0,1,1,0,0,0.49964198,False
91331,34.255442,-118.421314,14,80.05,1112.3,0,0,0,0,1,0,0,1,0,0,0,0,1,0,0,0,1,0,0,0,0,0,0,1,1,0,0,0.6919301,False
91335,34.200175,-118.540958,71,105.55,7405.5,1,0,1,1,1,0,1,1,0,0,1,0,0,0,1,0,0,0,1,0,1,0,1,0,0,1,0,0.27923352,False
91340,34.286131,-118.435969,13,78.3,1033.95,1,0,0,1,1,0,0,1,0,0,0,0,0,0,0,0,0,0,1,0,0,0,0,1,1,0,0,0.7310938,True
91342,34.321621,-118.399841,44,68.85,2958.95,1,0,0,0,1,0,0,1,0,0,0,0,0,0,0,0,0,0,0,0,0,0,0,0,1,0,0,0.5158588,False
91343,34.238802,-118.482296,33,79.95,2684.85,0,0,0,0,1,0,0,1,0,0,0,0,1,0,0,0,1,0,0,0,0,1,0,1,0,0,0,0.3459784,False
91344,34.291273,-118.505104,72,55.45,4179.2,1,0,1,0,0,1,0,0,0,0,1,0,1,0,1,0,1,0,0,0,1,0,1,1,1,0,0,0.16430908,False
91351,34.422519,-118.420717,64,102.45,6654.1,1,0,1,0,1,0,0,1,0,0,0,0,1,0,1,0,1,0,1,0,1,1,0,1,1,0,0,0.43159074,False
91354,34.457005,-118.573726,1,25.25,25.25,0,0,0,0,0,1,0,0,0,0,0,0,0,0,0,0,0,0,0,0,0,0,0,0,0,1,0,0.75224644,True
91355,34.43987,-118.644609,61,19.75,1124.2,1,0,0,1,1,0,0,0,1,1,0,1,0,1,0,1,0,1,0,1,0,0,1,0,0,0,1,0.14365962,False
91356,34.157137,-118.548511,29,20.0,540.05,0,0,1,0,1,0,0,0,1,1,0,1,0,1,0,1,0,1,0,1,0,1,0,0,0,1,0,0.20863995,False
91360,34.214054,-118.88109,23,86.8,1975.85,1,1,1,0,1,0,1,1,0,0,0,0,0,0,0,0,0,0,0,0,1,0,0,0,0,1,0,0.6910299,False
91361,34.130992,-118.894673,57,58.75,3437.45,0,0,1,0,0,1,0,0,0,0,1,0,1,0,1,0,0,0,1,0,1,0,0,1,0,0,0,0.3610708,False
91362,34.191842,-118.822796,72,45.25,3139.8,1,0,1,0,0,1,0,0,0,0,1,0,1,0,1,0,1,0,0,0,0,0,1,0,1,0,0,0.17204219,False
91364,34.153733,-118.593408,66,56.6,3789.2,1,0,1,0,0,1,0,0,0,0,1,0,1,0,1,0,1,0,1,0,0,0,1,1,0,0,0,0.1637214,False
91367,34.178068,-118.615714,65,84.2,5324.5,1,0,1,0,1,0,1,0,0,0,0,0,1,0,1,0,1,0,1,0,1,0,1,1,0,0,0,0.1619557,False
91377,34.19225,-118.776874,8,80.0,624.6,0,0,0,0,1,0,0,1,0,0,0,0,0,0,0,0,0,0,1,0,0,0,0,1,0,0,0,0.78088814,True
91384,34.506627,-118.699048,71,24.75,1836.9,0,0,1,0,1,0,1,0,1,1,0,1,0,1,0,1,0,1,0,1,0,0,1,0,0,0,0,0.14561512,False
91401,34.178483,-118.431791,1,20.2,20.2,1,0,1,0,1,0,0,0,1,1,0,1,0,1,0,1,0,1,0,1,0,1,0,1,0,1,0,0.35737744,False
91403,34.147149,-118.463365,12,19.35,219.35,0,0,0,0,1,0,0,0,1,1,0,1,0,1,0,1,0,1,0,1,0,1,0,1,0,0,0,0.20281042,False
91405,34.202494,-118.448048,24,50.6,1288.75,1,0,0,0,0,1,0,0,0,0,1,0,0,0,0,0,0,0,1,0,1,1,0,1,0,0,1,0.31011552,False
91406,34.195685,-118.490752,31,81.15,2545.75,0,0,1,0,1,0,0,0,0,0,1,0,0,0,1,0,1,0,1,0,1,1,0,1,0,0,1,0.30748883,False
91423,34.146957,-118.432138,30,89.9,2723.15,1,0,0,0,1,0,1,1,0,0,0,0,0,0,0,0,1,0,0,0,1,0,0,1,1,0,0,0.626155,False
91436,34.152875,-118.486056,47,85.3,4107.25,0,0,1,0,1,0,1,0,0,0,1,0,1,0,0,0,1,0,1,0,1,0,1,1,1,0,0,0.16641045,False
91501,34.188339,-118.300942,54,108.0,5760.65,1,0,0,0,1,0,1,1,0,0,1,0,1,0,0,0,1,0,1,0,1,0,1,1,1,0,0,0.37225676,False
91502,34.177267,-118.31003,50,93.5,4747.5,1,0,0,0,1,0,0,1,0,0,1,0,1,0,0,0,1,0,0,0,1,0,0,1,1,0,0,0.47628674,False
91505,34.174215,-118.345928,72,20.25,1566.9,0,0,0,0,1,0,0,0,1,1,0,1,0,1,0,1,0,1,0,1,0,0,1,0,1,0,0,0.14561512,False
91506,34.169706,-118.323548,29,25.15,702.0,0,0,0,0,1,0,1,0,1,1,0,1,0,1,0,1,0,1,0,1,0,0,0,0,0,1,0,0.29969308,False
91602,34.15136,-118.364786,10,29.6,299.05,0,0,0,0,0,1,0,0,0,0,0,0,0,0,0,0,1,0,0,0,0,0,1,1,0,0,1,0.29469872,False
91604,34.139082,-118.39275,18,73.15,1305.95,1,0,1,0,1,0,1,1,0,0,0,0,0,0,0,0,0,0,0,0,0,0,0,1,0,1,0,0.70234334,True
91606,34.187599,-118.387125,16,19.75,284.35,1,0,0,0,1,0,0,0,1,1,0,1,0,1,0,1,0,1,0,1,0,0,1,0,0,0,1,0.1630645,False
91607,34.165783,-118.399795,72,86.6,6350.5,0,0,0,0,1,0,1,0,0,0,0,0,1,0,1,0,1,0,1,0,1,0,1,0,0,0,0,0.1585915,False
91701,34.132275,-117.611478,72,109.2,7878.3,1,0,0,0,1,0,1,1,0,0,0,0,1,0,1,0,1,0,1,0,1,0,1,0,0,0,0,0.25105482,False
91702,34.174493,-117.87068,41,74.7,3187.65,0,0,1,0,1,0,0,0,0,0,1,0,0,0,0,0,1,0,1,0,1,1,0,1,1,0,0,0.2888958,False
91706,34.098275,-117.967399,65,94.4,6126.15,0,1,1,0,1,0,0,1,0,0,1,0,1,0,1,0,0,0,0,0,1,0,0,0,0,1,0,0.44901323,False
91709,33.942895,-117.725644,13,54.8,731.3,0,1,0,0,1,0,0,0,0,0,0,0,1,0,1,0,0,0,0,0,0,0,0,1,0,1,0,0.5367099,False
91710,33.990646,-117.663025,4,75.35,273.4,1,1,0,0,1,0,0,1,0,0,1,0,0,0,0,0,0,0,0,0,0,0,0,0,0,1,0,0.6908659,False
91711,34.127621,-117.717863,41,65.0,2531.8,1,0,0,0,1,0,1,0,0,0,0,0,0,0,1,0,0,0,0,0,1,1,0,0,0,0,1,0.30503848,False
91724,34.08111,-117.853935,42,99.0,4298.45,1,0,0,0,1,0,1,1,0,0,1,0,1,0,1,0,0,0,0,0,1,1,0,1,0,1,0,0.4711675,False
91730,34.10097,-117.57882,51,93.5,4619.55,0,0,1,0,1,0,0,1,0,0,1,0,1,0,1,0,0,0,1,0,0,1,0,1,0,1,0,0.4515668,False
91733,34.04622,-118.053753,32,83.7,2633.3,1,0,0,0,1,0,1,0,0,0,0,0,1,0,1,0,1,0,1,0,1,1,0,0,1,0,0,0.31452146,False
91737,34.245289,-117.642503,10,19.85,193.05,1,0,0,0,1,0,0,0,1,1,0,1,0,1,0,1,0,1,0,1,0,0,0,1,0,0,1,0.31951553,False
91739,34.133809,-117.523724,67,59.55,4103.9,0,0,1,0,0,1,0,0,0,0,0,0,1,0,1,0,1,0,1,0,1,0,1,1,0,1,0,0.22432615,False
91740,34.119363,-117.855059,61,115.1,7008.15,0,0,1,1,1,0,1,1,0,0,1,0,1,0,1,0,1,0,1,0,1,0,1,0,1,0,0,0.20011213,False
91741,34.14649,-117.849815,50,114.35,5791.1,1,0,0,0,1,0,1,1,0,0,1,0,1,0,1,0,1,0,1,0,1,1,0,0,1,0,0,0.41564396,False
91745,33.998471,-117.973758,29,45.0,1228.65,0,1,1,0,0,1,0,0,0,0,1,0,0,0,1,0,0,0,0,0,1,0,0,1,0,1,0,0.6025554,False
91750,34.144703,-117.770299,57,89.85,4925.35,1,1,1,0,1,0,1,1,0,0,0,0,1,0,0,0,0,0,0,0,1,0,0,1,0,1,0,0.56598073,False
91752,33.999992,-117.535395,31,49.85,1520.1,0,0,0,0,0,1,0,0,0,0,1,0,1,0,0,0,1,0,0,0,1,0,1,1,0,0,0,0.17864981,False
91754,34.050322,-118.147037,45,113.3,5032.25,0,0,1,0,1,0,1,1,0,0,1,0,1,0,1,0,1,0,1,0,1,1,0,0,0,0,1,0.34868002,False
91755,34.049172,-118.115022,61,88.1,5526.75,0,0,1,0,1,0,1,0,0,0,1,0,1,0,1,0,1,0,1,0,1,0,1,0,0,0,1,0.154248,False
91759,34.231318,-117.662032,50,24.9,1195.25,1,0,0,0,1,0,1,0,1,1,0,1,0,1,0,1,0,1,0,1,0,0,1,0,0,0,0,0.1522232,False
91761,34.035602,-117.591528,19,105.0,2007.25,0,1,0,0,1,0,0,1,0,0,1,0,1,0,0,0,1,0,1,0,1,0,0,1,0,0,1,0.62532663,False
91763,34.072121,-117.698319,71,24.25,1732.95,0,0,1,0,1,0,1,0,1,1,0,1,0,1,0,1,0,1,0,1,0,0,1,1,1,0,0,0.14561512,False
91765,33.992416,-117.807874,57,59.75,3450.15,1,0,1,0,1,0,0,0,0,0,1,0,1,0,0,0,1,0,0,0,0,0,1,1,0,1,0,0.21735682,False
91767,34.083086,-117.737997,20,107.05,2172.05,1,1,1,0,1,0,1,1,0,0,0,0,1,0,0,0,1,0,1,0,1,0,0,0,0,1,0,0.69855136,False
91775,34.114772,-118.089431,21,64.95,1339.8,1,1,1,0,1,0,0,0,0,0,1,0,1,0,0,0,0,0,0,0,1,0,0,1,0,0,0,0.38375267,False
91776,34.089927,-118.095645,14,55.0,771.95,1,0,0,0,0,1,0,0,0,0,0,0,0,0,1,0,1,0,1,0,1,0,0,1,0,1,0,0.5833584,False
91780,34.101608,-118.055848,5,50.55,244.75,0,0,0,0,1,0,0,0,0,0,0,0,1,0,0,0,0,0,0,0,0,0,0,0,0,0,0,0.62997186,False
91784,34.141146,-117.655583,6,55.15,322.9,0,0,0,0,1,0,0,0,0,0,1,0,1,0,0,0,0,0,0,0,0,0,0,0,0,0,1,0.45526415,False
91786,34.105493,-117.660934,10,51.2,498.25,0,0,0,0,1,0,0,0,0,0,0,0,1,0,0,0,0,0,0,0,0,0,0,0,0,1,0,0.5295613,False
91789,34.018354,-117.85492,1,25.4,25.4,0,0,0,1,1,0,1,0,1,1,0,1,0,1,0,1,0,1,0,1,0,0,0,0,0,0,1,0.4524144,False
91790,34.066964,-117.937007,68,54.45,3687.75,0,0,0,0,1,0,1,0,0,0,1,0,0,0,0,0,0,0,0,0,0,0,0,0,0,0,1,0.30081144,False
91792,34.024405,-117.898722,22,76.0,1783.6,0,0,0,0,1,0,1,1,0,0,0,0,0,0,0,0,0,0,0,0,0,1,0,1,1,0,0,0.37615186,False
91801,34.090925,-118.128164,20,44.35,927.15,0,0,0,0,1,0,0,0,0,0,0,0,0,0,0,0,0,0,0,0,0,0,0,1,0,1,0,0.6126868,False
91906,32.673483,-116.472863,35,61.2,2021.2,1,0,0,0,1,0,0,0,0,0,1,0,1,0,1,0,0,0,0,0,0,1,0,0,0,0,1,0.23054364,False
91910,32.636792,-117.054989,23,86.8,1940.8,1,0,1,0,1,0,0,1,0,0,0,0,1,0,1,0,1,0,0,0,0,1,0,0,0,0,1,0.34973285,False
91911,32.607964,-117.059459,6,89.35,567.8,0,1,0,0,1,0,0,1,0,0,0,0,0,0,0,0,0,0,1,0,1,0,0,1,0,1,0,0.8061137,True
91913,32.64164,-116.985026,12,19.7,220.35,0,0,0,0,1,0,0,0,1,1,0,1,0,1,0,1,0,1,0,1,0,0,0,0,0,0,1,0.39982787,False
91914,32.688506,-116.938632,1,20.25,20.25,1,0,0,0,1,0,0,0,1,1,0,1,0,1,0,1,0,1,0,1,0,0,0,0,0,0,1,0.47783738,False
91915,32.605012,-116.97595,71,76.05,5436.45,0,0,1,1,1,0,0,1,0,0,0,0,0,0,1,0,0,0,0,0,0,0,1,0,0,1,0,0.34946594,False
91916,32.912664,-116.635387,35,100.8,3437.5,1,1,1,0,1,0,1,1,0,0,0,0,0,0,1,0,0,0,1,0,1,0,0,1,0,1,0,0.73966086,True
91917,32.622999,-116.687855,40,74.55,3015.75,1,0,1,1,1,0,1,0,0,0,0,0,0,0,1,0,0,0,1,0,1,0,0,1,0,1,0,0.32488635,False
91932,32.579134,-117.119009,23,64.9,1509.8,1,0,0,0,1,0,0,0,0,0,0,0,0,0,0,0,0,0,1,0,1,1,0,1,0,0,0,0.32991883,False
91935,32.695681,-116.798386,4,90.4,356.65,1,0,0,0,1,0,0,1,0,0,0,0,0,0,1,0,1,0,0,0,1,0,0,1,0,1,0,0.76521254,True
91941,32.759327,-116.99726,68,60.3,4109.0,0,0,1,0,0,1,0,0,0,0,0,0,1,0,1,0,1,0,1,0,1,0,1,0,1,0,0,0.20637567,False
91942,32.782501,-117.01611,38,81.85,3141.7,1,0,0,1,1,0,1,1,0,0,0,0,1,0,0,0,0,0,0,0,0,0,0,1,0,0,1,0.418629,False
91945,32.733564,-117.033713,52,24.8,1229.1,1,0,1,1,1,0,1,0,1,1,0,1,0,1,0,1,0,1,0,1,0,0,1,0,0,0,1,0.13386415,False
91950,32.67102,-117.095235,29,75.55,2054.4,1,0,1,0,1,0,0,0,0,0,0,0,0,0,1,0,1,0,1,0,1,0,1,0,0,0,1,0.20798333,False
91962,32.800671,-116.483363,38,101.15,3741.85,1,1,1,1,1,0,1,1,0,0,0,0,1,0,0,0,0,0,1,0,1,0,0,0,0,1,0,0.46818483,False
91963,32.619465,-116.593605,48,78.75,3682.45,1,0,0,0,1,0,1,0,0,0,1,0,0,0,1,0,0,0,1,0,1,1,0,1,1,0,0,0.2947299,False
91977,32.726627,-116.994608,1,19.25,19.25,0,0,0,0,1,0,0,0,1,1,0,1,0,1,0,1,0,1,0,1,0,0,0,1,0,0,0,0.48038018,False
91978,32.730264,-116.950963,22,89.05,1886.25,0,0,0,0,1,0,0,1,0,0,1,0,0,0,0,0,1,0,0,0,1,0,0,1,0,1,0,0.60283136,False
91980,32.587557,-116.636816,43,115.05,4895.1,0,0,0,0,1,0,1,1,0,0,1,0,1,0,1,0,1,0,1,0,1,0,1,0,1,0,0,0.44946814,False
92003,33.290907,-117.202895,5,69.35,341.6,0,1,1,0,1,0,0,1,0,0,0,0,0,0,0,0,0,0,0,0,0,0,0,1,0,1,0,0.7959464,True
92007,33.015866,-117.272254,51,110.05,5686.4,1,0,1,0,1,0,1,1,0,0,1,0,1,0,0,0,1,0,1,0,1,1,0,0,1,0,0,0.38927,False
92008,33.148116,-117.306043,71,19.9,1355.1,1,0,0,0,1,0,0,0,1,1,0,1,0,1,0,1,0,1,0,1,0,0,1,1,1,0,0,0.14561512,False
92019,32.785165,-116.862648,35,91.5,3236.35,1,0,1,0,1,0,1,1,0,0,0,0,0,0,0,0,1,0,1,0,0,0,0,1,1,0,0,0.6119866,False
92021,32.832706,-116.873258,72,60.0,4264.0,0,0,1,0,0,1,0,0,0,0,0,0,1,0,1,0,1,0,1,0,1,0,1,1,0,1,0,0.22392814,False
92024,33.054579,-117.25665,1,44.8,44.8,1,0,0,0,1,0,0,0,0,0,0,0,0,0,0,0,0,0,0,0,0,0,0,1,0,1,0,0.7707999,True
92025,33.081478,-117.033814,9,48.6,422.3,0,0,1,0,1,0,0,0,0,0,1,0,0,0,0,0,0,0,0,0,0,1,0,0,0,0,1,0.34146622,False
92026,33.21846,-117.116916,69,60.05,4176.7,1,0,0,0,0,1,0,0,0,0,1,0,1,0,0,0,1,0,1,0,1,0,1,1,0,0,0,0.19949913,False
92027,33.141265,-116.967221,52,102.7,5138.1,0,0,1,0,1,0,1,1,0,0,0,0,1,0,0,0,1,0,1,0,1,0,0,1,1,0,0,0.6196633,False
92028,33.362575,-117.299644,11,82.9,880.05,0,1,1,0,1,0,0,1,0,0,0,0,0,0,0,0,1,0,1,0,0,0,0,1,0,1,0,0.7792505,True
92036,32.980678,-116.262854,28,35.9,973.65,0,1,1,1,0,1,0,0,0,0,0,0,0,0,0,0,0,0,1,0,0,0,0,1,0,1,0,0.4276063,False
92037,32.853743,-117.25034,17,82.65,1470.05,0,1,0,0,1,0,1,1,0,0,0,0,0,0,1,0,0,0,0,0,0,0,0,1,1,0,0,0.6653449,False
92040,32.909873,-116.906774,35,19.85,739.35,0,0,1,1,1,0,0,0,1,1,0,1,0,1,0,1,0,1,0,1,0,0,1,1,0,0,1,0.13386415,False
92054,33.351059,-117.420557,8,19.2,161.95,0,0,0,0,1,0,0,0,1,1,0,1,0,1,0,1,0,1,0,1,0,1,0,1,0,0,1,0.2763962,False
92056,33.194742,-117.29032,46,94.9,4422.95,1,0,0,0,1,0,1,1,0,0,0,0,1,0,1,0,0,0,1,0,0,1,0,1,1,0,0,0.36911422,False
92064,32.984395,-117.013454,68,88.15,6148.45,0,0,0,0,1,0,1,0,0,0,1,0,1,0,1,0,1,0,1,0,1,0,1,1,0,1,0,0.22132255,False
92065,33.044541,-116.833922,36,94.8,3565.65,0,0,0,0,1,0,0,1,0,0,0,0,1,0,0,0,0,0,1,0,1,0,0,1,1,0,0,0.5715815,False
92067,33.012751,-117.200617,32,54.65,1830.1,0,1,0,0,1,0,0,0,0,0,0,0,1,0,0,0,1,0,0,0,0,0,0,0,0,0,0,0.39263928,False
92069,33.162624,-117.170863,71,85.75,6223.8,0,0,1,0,1,0,1,0,0,0,1,0,1,0,1,0,1,0,1,0,1,0,1,0,1,0,0,0.18093252,False
92070,33.174725,-116.743329,66,67.45,4508.65,0,0,1,1,1,0,1,0,0,0,1,0,1,0,1,0,0,0,0,0,0,0,0,1,0,0,0,0.2372855,False
92071,32.847336,-116.997605,63,20.5,1328.15,1,0,0,0,1,0,0,0,1,1,0,1,0,1,0,1,0,1,0,1,0,1,0,0,0,0,1,0.19417638,False
92075,33.001813,-117.263628,41,20.25,865.0,0,0,0,0,1,0,0,0,1,1,0,1,0,1,0,1,0,1,0,1,0,1,0,1,1,0,0,0.1819803,False
92078,33.119028,-117.166036,1,72.1,72.1,0,1,0,0,1,0,1,1,0,0,0,0,0,0,0,0,0,0,0,0,0,0,0,1,0,1,0,0.8332858,True
92083,33.17494,-117.242761,70,19.45,1303.5,0,0,1,0,1,0,0,0,1,1,0,1,0,1,0,1,0,1,0,1,0,0,1,0,0,0,0,0.15146886,False
92084,33.22784,-117.200024,23,44.95,996.85,0,0,0,0,0,1,0,0,0,0,0,0,0,0,0,0,0,0,1,0,1,0,0,1,0,1,0,0.63972056,False
92086,33.323705,-116.626907,64,97.0,6430.9,0,1,1,0,1,0,0,1,0,0,1,0,1,0,1,0,0,0,0,0,1,1,0,0,0,0,0,0.32713014,False
92091,32.99356,-117.207121,37,62.8,2278.75,1,0,1,0,1,0,1,0,0,0,1,0,0,0,1,0,1,0,0,0,0,0,1,1,1,0,0,0.19626847,False
92101,32.72523,-117.171346,17,44.6,681.4,1,0,0,0,1,0,0,0,0,0,0,0,0,0,0,0,0,0,0,0,0,1,0,0,0,0,1,0.35691303,False
92102,32.716007,-117.117462,7,89.15,574.35,0,1,0,0,1,0,0,1,0,0,0,0,0,0,0,0,0,0,1,0,1,0,0,1,0,1,0,0.8183114,True
92106,32.71346,-117.236378,16,54.1,889.0,0,1,0,0,1,0,1,0,0,0,1,0,0,0,0,0,0,0,0,0,0,0,0,1,0,1,0,0.65685374,False
92107,32.741852,-117.243453,64,105.25,6823.4,1,0,1,0,1,0,1,1,0,0,0,0,1,0,0,0,1,0,1,0,1,0,1,1,0,1,0,0.43524083,False
92109,32.787836,-117.232376,42,97.1,4016.75,1,0,1,0,1,0,1,1,0,0,1,0,0,0,0,0,0,0,1,0,1,1,0,0,0,1,0,0.513513,False
92110,32.76501,-117.19938,5,20.2,83.75,1,0,0,1,1,0,0,0,1,1,0,1,0,1,0,1,0,1,0,1,0,0,0,0,0,0,1,0.34451288,False
92111,32.805518,-117.169052,41,98.8,3959.15,0,0,0,0,1,0,0,1,0,0,0,0,1,0,0,0,1,0,1,0,1,0,1,1,0,0,0,0.293121,False
92113,32.697098,-117.116587,58,50.3,2878.55,1,0,1,0,1,0,0,0,0,0,0,0,0,0,1,0,0,0,0,0,0,1,0,0,1,0,0,0.28374916,False
92114,32.707892,-117.05512,47,20.55,945.7,0,0,0,0,1,0,0,0,1,1,0,1,0,1,0,1,0,1,0,1,0,0,1,1,0,0,1,0.15556149,False
92115,32.762506,-117.07245,18,75.9,1373.05,1,0,0,0,1,0,0,1,0,0,0,0,0,0,0,0,1,0,0,0,0,0,0,1,0,0,0,0.5920666,False
92117,32.825086,-117.199424,23,59.95,1406.0,1,0,1,0,1,0,0,0,0,0,1,0,0,0,0,0,0,0,0,0,1,0,0,1,0,0,0,0.36533096,False
92118,32.68674,-117.186612,1,19.15,19.15,0,0,0,0,1,0,0,0,1,1,0,1,0,1,0,1,0,1,0,1,0,0,0,0,0,0,1,0.44086185,False
92119,32.802959,-117.027095,71,98.65,6962.85,1,0,1,0,1,0,1,1,0,0,0,0,0,0,1,0,0,0,1,0,1,1,0,1,1,0,0,0.39067587,False
92120,32.807867,-117.060993,72,112.6,8126.65,1,0,1,1,1,0,1,1,0,0,1,0,1,0,1,0,1,0,1,0,1,0,1,1,1,0,0,0.16720729,False
92121,32.898613,-117.202937,33,20.6,690.25,1,0,1,0,1,0,0,0,1,1,0,1,0,1,0,1,0,1,0,1,0,1,0,0,0,0,1,0.18582813,False
92123,32.808814,-117.134694,24,35.75,830.8,1,0,0,0,0,1,0,0,0,0,1,0,0,0,0,0,1,0,0,0,0,0,1,0,0,0,1,0.22527306,False
92124,32.827238,-117.089287,56,99.75,5608.4,0,0,1,0,1,0,1,1,0,0,0,0,1,0,1,0,1,0,0,0,1,1,0,1,1,0,0,0.39081946,False
92126,32.886925,-117.152162,37,96.1,3646.8,1,0,0,0,1,0,0,1,0,0,0,0,1,0,0,0,0,0,1,0,1,0,0,1,1,0,0,0.61170864,False
92127,33.017518,-117.118456,43,85.1,3662.25,0,0,0,0,1,0,1,0,0,0,0,0,1,0,1,0,1,0,1,0,1,1,0,0,1,0,0,0.30937928,False
92128,33.000269,-117.072093,1,25.35,25.35,1,0,0,0,0,1,0,0,0,0,0,0,0,0,0,0,0,0,0,0,0,0,0,0,0,0,1,0.70508814,True
92130,32.957195,-117.202542,61,89.65,5308.7,0,0,0,0,1,0,1,0,0,0,1,0,1,0,1,0,1,0,1,0,1,0,1,0,0,1,0,0.22132255,False
92131,32.89325,-117.087091,17,86.75,1410.25,1,0,0,0,1,0,1,1,0,0,0,0,0,0,1,0,1,0,0,0,0,1,0,0,0,1,0,0.43053308,False
92139,32.677716,-117.047666,41,86.2,3339.05,0,0,1,0,1,0,0,1,0,0,0,0,1,0,1,0,1,0,0,0,0,1,0,1,0,0,0,0.3459217,False
92173,32.555828,-117.040073,72,64.8,4732.35,1,1,1,0,0,1,0,0,0,0,1,0,1,0,1,0,1,0,1,0,1,0,1,1,0,0,0,0.31609744,False
92203,33.752938,-116.230055,48,108.1,5067.45,1,0,0,0,1,0,1,1,0,0,0,0,1,0,1,0,0,0,1,0,1,0,1,1,0,0,0,0.507638,False
92220,33.936298,-116.849577,42,54.75,2348.45,0,0,0,0,0,1,0,0,0,0,1,0,1,0,1,0,1,0,0,0,1,1,0,1,0,1,0,0.36918977,False
92223,33.946982,-116.977672,44,90.4,4063.0,1,0,0,0,1,0,1,1,0,0,0,0,0,0,1,0,0,0,0,0,1,0,0,1,0,0,1,0.6054101,False
92225,33.674583,-114.71612,1,44.0,44.0,1,0,0,1,1,0,0,0,0,0,0,0,0,0,0,0,0,0,0,0,0,0,0,0,0,1,0,0.58285934,False
92227,33.03933,-115.191857,27,95.6,2595.25,0,0,0,0,1,0,1,1,0,0,0,0,0,0,0,0,0,0,1,0,1,0,0,1,0,0,0,0.7060225,True
92230,33.929812,-116.76058,27,84.8,2309.55,1,1,1,0,1,0,1,0,0,0,0,0,1,0,1,0,1,0,1,0,1,0,0,1,0,0,0,0.40947524,False
92231,32.690654,-115.431225,2,44.3,89.3,0,1,0,0,1,0,0,0,0,0,0,0,0,0,0,0,0,0,0,0,0,0,0,1,0,1,0,0.742338,True
92233,33.143826,-115.497485,19,19.9,367.55,0,0,0,0,1,0,0,0,1,1,0,1,0,1,0,1,0,1,0,1,0,0,0,0,0,0,1,0.35925645,False
92234,33.829583,-116.474131,42,95.05,3944.5,0,1,1,0,1,0,1,1,0,0,0,0,0,0,0,0,0,0,1,0,1,0,0,1,0,1,0,0.70641035,True
92236,33.680031,-116.171678,66,90.05,5965.95,0,0,0,0,1,0,1,0,0,0,1,0,1,0,1,0,1,0,1,0,1,0,1,1,1,0,0,0.1611114,False
92239,33.889605,-115.257009,33,109.9,3694.7,1,1,1,0,1,0,1,1,0,0,1,0,0,0,1,0,1,0,1,0,1,0,0,1,0,0,0,0.6322331,False
92241,33.832799,-116.250973,33,54.6,1803.7,1,1,0,0,0,1,0,0,0,0,0,0,0,0,1,0,1,0,1,0,1,0,0,1,0,1,0,0.46666336,False
92242,34.137742,-114.36514,23,20.05,415.1,0,0,1,0,1,0,0,0,1,1,0,1,0,1,0,1,0,1,0,1,0,1,0,0,0,0,1,0.22726743,False
92243,32.770393,-115.60915,32,19.75,624.15,0,0,0,0,1,0,0,0,1,1,0,1,0,1,0,1,0,1,0,1,0,1,0,0,0,0,0,0.19850498,False
92249,32.730583,-115.501083,11,20.05,237.7,0,0,0,0,1,0,0,0,1,1,0,1,0,1,0,1,0,1,0,1,0,1,0,0,1,0,0,0.32005158,False
92251,32.858595,-115.662709,68,55.9,3848.8,0,0,1,0,1,0,0,0,0,0,1,0,0,0,0,0,1,0,0,0,0,1,0,0,0,0,0,0.23792177,False
92252,34.167236,-116.281511,20,19.7,419.4,1,0,0,0,1,0,0,0,1,1,0,1,0,1,0,1,0,1,0,1,0,0,1,1,0,0,1,0.15745658,False
92253,33.695532,-116.310571,72,19.8,1468.75,1,0,0,0,1,0,0,0,1,1,0,1,0,1,0,1,0,1,0,1,0,0,1,1,1,0,0,0.14561512,False
92254,33.543835,-115.993906,60,95.4,5812.0,1,0,1,0,1,0,1,1,0,0,1,0,0,0,1,0,0,0,1,0,0,1,0,1,0,0,0,0.3601033,False
92256,34.097863,-116.594561,32,93.95,2861.45,1,1,1,1,1,0,0,1,0,0,0,0,1,0,0,0,0,0,1,0,1,0,0,1,0,0,1,0.41235334,False
92260,33.694501,-116.412711,46,24.45,1066.15,0,0,1,0,1,0,1,0,1,1,0,1,0,1,0,1,0,1,0,1,0,1,0,1,0,0,0,0.1819803,False
92262,33.839989,-116.659215,29,74.95,2149.05,0,0,1,0,1,0,1,1,0,0,0,0,0,0,0,0,0,0,0,0,0,0,0,1,0,1,0,0.7168153,True
92264,33.745746,-116.514215,51,87.35,4473.0,1,0,0,0,1,0,1,1,0,0,0,0,1,0,1,0,1,0,0,0,0,0,0,1,0,1,0,0.6297671,False
92266,33.3249,-114.758334,48,70.65,3545.05,0,1,1,0,1,0,0,1,0,0,0,0,0,0,0,0,0,0,0,0,0,0,0,1,0,0,0,0.621572,False
92267,34.273872,-114.192901,16,73.25,1195.75,0,0,1,1,1,0,0,1,0,0,0,0,1,0,0,0,0,0,0,0,0,0,0,0,0,0,0,0.43463776,False
92268,34.201108,-116.593456,70,98.7,6858.9,1,0,1,0,1,0,1,1,0,0,0,0,1,0,1,0,1,0,0,0,1,0,1,1,0,0,0,0.2421138,False
92270,33.763678,-116.429928,40,24.8,1024.7,0,0,1,1,1,0,1,0,1,1,0,1,0,1,0,1,0,1,0,1,0,0,1,1,0,0,1,0.13386415,False
92275,33.28156,-115.955541,5,24.3,132.25,0,0,1,1,1,0,1,0,1,1,0,1,0,1,0,1,0,1,0,1,0,0,0,1,0,0,1,0.36058065,False
92276,33.849263,-116.382778,7,69.85,515.45,0,0,0,0,1,0,0,1,0,0,0,0,0,0,0,0,0,0,0,0,0,0,0,1,0,0,0,0.7591682,True
92277,34.17211,-115.769773,29,100.55,2830.45,1,0,0,0,1,0,1,1,0,0,0,0,1,0,1,0,1,0,0,0,1,1,0,0,1,0,0,0.449217,False
92278,34.457829,-116.139589,44,25.7,1110.5,1,0,1,0,1,0,1,0,1,1,0,1,0,1,0,1,0,1,0,1,0,1,0,0,0,0,1,0.18533832,False
92280,34.264124,-114.717964,10,40.7,449.3,0,0,0,0,0,1,0,0,0,0,1,0,1,0,1,0,0,0,0,0,0,0,0,0,0,0,0,0.45078266,False
92281,33.03679,-115.60503,55,51.65,2838.55,0,1,1,0,1,0,1,0,0,0,0,0,0,0,0,0,0,0,0,0,0,0,0,0,0,0,0,0.43389153,False
92282,33.972293,-116.654195,52,105.1,5376.4,1,1,1,0,1,0,1,1,0,0,0,0,1,0,1,0,0,0,1,0,1,1,0,1,0,0,0,0.49112457,False
92283,32.852947,-114.850784,10,85.95,858.6,0,0,1,1,1,0,1,1,0,0,0,0,0,0,0,0,0,0,0,0,1,0,0,0,0,1,0,0.5507736,False
92284,34.159534,-116.425984,18,75.6,1395.05,1,0,0,0,1,0,1,1,0,0,0,0,0,0,0,0,0,0,0,0,0,0,0,1,0,0,0,0.6733432,False
92285,34.341737,-116.539416,68,58.25,3975.7,0,0,1,0,1,0,1,0,0,0,1,0,0,0,0,0,1,0,0,0,0,1,0,0,0,0,0,0.19992648,False
92304,34.559882,-115.637164,72,65.2,4784.45,0,0,1,0,0,1,0,0,0,0,1,0,1,0,1,0,1,0,1,0,1,0,1,1,1,0,0,0.1639868,False
92305,34.1678,-116.86433,2,53.45,119.5,1,0,0,0,1,0,0,0,0,0,1,0,0,0,1,0,0,0,0,0,0,0,0,0,0,1,0,0.6668967,False
92308,34.424926,-117.184503,41,19.75,899.45,1,0,1,0,1,0,0,0,1,1,0,1,0,1,0,1,0,1,0,1,0,0,1,1,0,1,0,0.20205751,False
92309,35.28952,-116.092214,26,44.45,1183.8,0,0,0,0,0,1,0,0,0,0,0,0,0,0,1,0,1,0,1,0,0,0,0,1,1,0,0,0.48989722,False
92310,35.349241,-116.770281,36,20.85,720.05,1,0,1,0,1,0,0,0,1,1,0,1,0,1,0,1,0,1,0,1,0,1,0,0,0,0,0,0.1819803,False
92311,34.965648,-117.001509,72,114.05,8468.2,1,0,1,0,1,0,1,1,0,0,1,0,1,0,1,0,1,0,1,0,1,0,1,1,1,0,0,0.20943119,False
92313,34.029175,-117.307211,35,89.85,3161.2,1,0,1,0,1,0,1,1,0,0,0,0,0,0,0,0,1,0,0,0,1,0,0,1,0,0,0,0.60559565,False
92314,34.278967,-116.773825,1,55.05,55.05,1,0,0,0,1,0,0,0,0,0,0,0,0,0,1,0,1,0,0,0,0,0,0,0,0,0,1,0.616452,False
92315,34.242058,-116.89802,16,112.95,1882.55,0,0,1,1,1,0,1,1,0,0,1,0,0,0,1,0,1,0,1,0,1,0,0,1,0,1,0,0.48194486,False
92316,34.059722,-117.39104,49,101.55,5070.4,0,1,0,0,1,0,1,1,0,0,1,0,0,0,0,0,0,0,1,0,1,0,0,0,1,0,0,0.62652075,False
92320,33.982787,-117.057627,54,114.65,6049.5,0,0,1,0,1,0,1,1,0,0,1,0,1,0,1,0,1,0,1,0,1,1,0,1,0,0,1,0.40593612,False
92321,34.255203,-117.175654,18,64.8,1166.7,0,0,0,1,1,0,1,0,0,0,1,0,0,0,0,0,0,0,0,0,1,0,0,0,0,1,0,0.39540577,False
92324,34.030915,-117.273201,36,80.4,2937.65,0,0,1,0,1,0,0,1,0,0,0,0,0,0,0,0,0,0,0,0,1,0,0,0,0,1,0,0.65047985,False
92328,36.27688,-117.033326,52,25.05,1270.25,0,0,1,0,1,0,1,0,1,1,0,1,0,1,0,1,0,1,0,1,0,0,1,1,0,0,0,0.15146886,False
92332,34.9436,-115.287901,8,94.75,759.55,1,0,1,1,1,0,0,1,0,0,0,0,0,0,1,0,0,0,1,0,1,0,0,1,0,1,0,0.5448203,False
92333,34.274846,-116.937581,72,105.5,7611.55,1,0,1,0,1,0,0,1,0,0,1,0,1,0,0,0,1,0,1,0,1,0,1,0,0,0,0,0.2884488,False
92335,34.087558,-117.464096,64,24.7,1642.75,0,0,0,0,1,0,1,0,1,1,0,1,0,1,0,1,0,1,0,1,0,1,0,0,0,0,1,0.19417638,False
92336,34.136367,-117.460803,22,69.75,1545.4,0,1,0,0,1,0,0,0,0,0,1,0,0,0,1,0,1,0,0,0,1,0,0,1,0,0,1,0.34817794,False
92337,34.049671,-117.468896,60,60.2,3582.4,1,0,1,0,0,1,0,0,0,0,0,0,1,0,1,0,1,0,1,0,1,0,0,1,0,0,0,0.36479658,False
92339,34.067699,-116.903891,61,24.4,1417.9,0,0,1,0,1,0,1,0,1,1,0,1,0,1,0,1,0,1,0,1,0,0,1,0,0,0,1,0.15479362,False
92341,34.244411,-117.072654,24,104.15,2494.65,0,0,0,0,1,0,1,1,0,0,0,0,1,0,1,0,0,0,1,0,1,0,0,1,0,1,0,0.77218616,True
92342,34.757783,-117.33997,28,92.9,2768.35,1,0,1,0,1,0,0,1,0,0,0,0,1,0,1,0,1,0,1,0,0,1,0,0,0,0,0,0.3571805,False
92345,34.361387,-117.337509,30,80.8,2369.3,0,0,1,0,1,0,0,0,0,0,0,0,1,0,1,0,1,0,1,0,1,0,1,0,0,0,0,0.19582684,False
92346,34.129677,-117.154277,2,20.0,38.0,1,0,1,0,1,0,0,0,1,1,0,1,0,1,0,1,0,1,0,1,0,0,0,0,0,0,1,0.37002757,False
92347,34.983808,-117.239306,1,75.1,75.1,1,0,0,0,1,0,1,1,0,0,0,0,0,0,0,0,0,0,0,0,0,0,0,1,0,1,0,0.8332858,True
92352,34.2565,-117.19335,6,19.65,100.9,1,0,0,1,1,0,0,0,1,1,0,1,0,1,0,1,0,1,0,1,0,0,0,0,0,0,1,0.25843498,False
92354,34.049315,-117.255974,24,69.45,1614.05,0,0,1,0,1,0,0,0,0,0,0,0,1,0,0,0,0,0,1,0,1,0,0,1,0,0,0,0.40156528,False
92359,34.103578,-117.04054,72,116.05,8404.9,1,1,1,0,1,0,1,1,0,0,1,0,1,0,1,0,1,0,1,0,1,0,1,1,0,0,0,0.20943119,False
92363,34.711224,-114.702256,70,40.05,2799.75,1,0,0,0,0,1,0,0,0,0,0,0,0,0,0,0,1,0,0,0,1,0,1,1,0,0,1,0.22118077,False
92364,35.478736,-115.516984,64,102.1,6538.45,1,1,1,0,1,0,1,1,0,0,0,0,0,0,1,0,1,0,1,0,1,0,1,0,0,1,0,0.3067944,False
92365,34.89326,-116.505958,72,89.7,6588.95,1,0,1,0,1,0,1,1,0,0,0,0,1,0,0,0,0,0,1,0,0,1,0,1,0,1,0,0.40995678,False
92368,34.647959,-117.296957,44,19.9,868.1,0,0,0,0,1,0,0,0,1,1,0,1,0,1,0,1,0,1,0,1,0,0,1,0,0,0,1,0.15556149,False
92372,34.459322,-117.629729,17,20.65,330.6,0,1,0,0,1,0,0,0,1,1,0,1,0,1,0,1,0,1,0,1,0,1,0,0,0,0,1,0.2015418,False
92374,34.064073,-117.166158,9,70.05,564.4,1,0,1,0,1,0,0,0,0,0,0,0,0,0,1,0,0,0,1,0,1,0,0,1,0,0,1,0.5089799,False
92376,34.109775,-117.378904,24,53.6,1315.35,1,0,1,0,1,0,0,0,0,0,1,0,0,0,0,0,1,0,0,0,0,0,0,0,0,0,1,0.29371557,False
92384,35.924252,-116.188668,35,76.05,2747.2,1,1,1,1,1,0,0,0,0,0,0,0,1,0,0,0,1,0,1,0,1,0,0,1,0,1,0,0.26615202,False
92386,34.243088,-116.830015,7,75.7,554.05,0,0,1,1,1,0,0,0,0,0,1,0,1,0,1,0,1,0,1,0,0,0,0,1,0,1,0,0.34769857,False
92394,34.567058,-117.362329,11,19.65,225.75,1,0,1,1,1,0,0,0,1,1,0,1,0,1,0,1,0,1,0,1,0,0,1,0,0,0,1,0.16421297,False
92398,35.013299,-116.834092,20,81.45,1671.6,0,1,0,0,1,0,0,1,0,0,0,0,0,0,0,0,0,0,0,0,1,0,0,1,0,1,0,0.7015367,True
92399,34.04597,-117.011825,72,108.5,8003.8,0,0,1,0,1,0,1,1,0,0,0,0,1,0,1,0,1,0,1,0,1,1,0,1,0,0,0,0.3440523,False
92404,34.183286,-117.221722,72,84.5,6130.85,1,0,1,1,1,0,1,1,0,0,0,0,0,0,0,0,0,0,0,0,1,0,1,1,1,0,0,0.19520728,False
92405,34.142747,-117.300864,15,100.15,1415.0,0,0,0,0,1,0,1,1,0,0,0,0,1,0,0,0,0,0,1,0,1,0,0,1,0,1,0,0.7937923,True
92407,34.250069,-117.393949,72,88.6,6201.95,1,0,0,0,1,0,1,0,0,0,0,0,1,0,1,0,1,0,1,0,1,0,1,1,0,0,0,0.1585915,False
92408,34.084909,-117.258107,0,52.55,1397.475,0,0,1,0,0,1,0,0,0,0,1,0,0,0,1,0,1,0,1,0,0,0,1,1,0,0,0,0.22555132,False
92411,34.122501,-117.320138,63,104.8,6597.25,1,0,1,1,1,0,1,1,0,0,0,0,1,0,1,0,0,0,1,0,1,0,1,1,0,0,0,0.29257536,False
92501,33.994676,-117.372498,2,59.0,114.15,0,0,0,0,1,0,0,0,0,0,0,0,1,0,0,0,0,0,1,0,0,0,0,1,0,1,0,0.60524154,False
92504,33.9108,-117.398153,61,64.05,3902.6,1,1,1,0,1,0,1,0,0,0,0,0,1,0,0,0,0,0,0,0,1,1,0,0,0,0,0,0.25762367,False
92505,33.920907,-117.489426,1,20.4,20.4,1,0,0,0,1,0,0,0,1,1,0,1,0,1,0,1,0,1,0,1,0,0,0,0,0,0,1,0.4672555,False
92507,33.976328,-117.319786,28,60.9,1785.65,1,0,1,0,1,0,0,0,0,0,1,0,1,0,0,0,1,0,0,0,0,0,0,0,0,0,1,0.271808,False
92508,33.885499,-117.324959,70,19.8,1397.65,0,0,1,0,1,0,0,0,1,1,0,1,0,1,0,1,0,1,0,1,0,0,1,0,0,0,0,0.15146886,False
92530,33.655421,-117.391751,34,116.25,3899.05,1,0,0,0,1,0,1,1,0,0,1,0,1,0,1,0,1,0,1,0,1,1,0,0,1,0,0,0.39098704,False
92532,33.705836,-117.318204,71,80.7,5676.0,0,1,1,0,1,0,1,1,0,0,1,0,0,0,0,0,0,0,0,0,0,0,1,1,1,0,0,0.2265727,False
92536,33.482243,-116.827173,70,65.2,4543.15,0,0,1,0,1,0,1,0,0,0,1,0,0,0,0,0,0,0,0,0,1,1,0,0,0,0,0,0.26497036,False
92539,33.527605,-116.666551,52,84.05,4326.8,0,0,1,1,1,0,0,1,0,0,1,0,0,0,1,0,1,0,0,0,0,0,0,1,0,0,0,0.30986774,False
92543,33.739415,-116.968339,69,79.45,5502.55,1,0,0,0,1,0,1,0,0,0,1,0,1,0,1,0,1,0,1,0,0,0,1,1,1,0,0,0.1611114,False
92545,33.734933,-117.044145,11,78.0,851.8,1,0,0,1,1,0,1,1,0,0,0,0,0,0,1,0,0,0,0,0,0,0,0,1,0,0,1,0.5886073,False
92551,33.88274,-117.224878,1,19.85,19.85,0,0,0,0,1,0,0,0,1,1,0,1,0,1,0,1,0,1,0,1,0,0,0,0,0,0,1,0.45813692,False
92553,33.923149,-117.244933,20,94.3,1818.3,1,1,1,0,1,0,0,1,0,0,1,0,0,0,1,0,1,0,0,0,1,1,0,0,1,0,0,0.45735875,False
92555,33.907361,-117.109972,61,106.45,6300.15,1,0,0,0,1,0,1,1,0,0,1,0,0,0,1,0,0,0,1,0,1,0,0,1,0,1,0,0.6483803,False
92561,33.638645,-116.55783,56,105.45,5916.95,0,0,0,0,1,0,1,1,0,0,0,0,1,0,0,0,1,0,1,0,1,0,0,1,0,0,0,0.5934703,False
92562,33.548869,-117.334165,30,95.0,2852.4,1,0,0,0,1,0,1,1,0,0,1,0,1,0,1,0,1,0,0,0,0,0,0,1,1,0,0,0.54578084,False
92567,33.82769,-117.102244,28,54.3,1546.3,0,0,0,0,1,0,0,0,0,0,1,0,0,0,0,0,1,0,0,0,0,1,0,0,0,0,1,0.20672582,False
92570,33.787298,-117.320676,5,70.05,302.6,0,1,1,0,1,0,0,1,0,0,0,0,0,0,0,0,0,0,0,0,0,0,0,0,0,1,0,0.7752614,True
92582,33.806708,-117.02007,12,20.05,265.45,1,0,0,0,1,0,0,0,1,1,0,1,0,1,0,1,0,1,0,1,0,0,0,0,1,0,0,0.3079917,False
92583,33.796568,-116.924723,67,105.4,6989.45,1,0,1,1,1,0,1,1,0,0,0,0,1,0,1,0,0,0,1,0,1,1,0,1,0,1,0,0.3266874,False
92584,33.653338,-117.178271,29,51.6,1442.0,1,1,1,0,1,0,1,0,0,0,0,0,0,0,0,0,0,0,0,0,0,0,0,1,0,1,0,0.4838238,False
92585,33.739412,-117.173334,55,85.5,4713.4,1,0,1,1,1,0,1,1,0,0,0,0,0,0,0,0,0,0,0,0,1,0,0,0,0,0,0,0.36677366,False
92590,33.475493,-117.219551,52,91.25,4738.3,1,0,0,0,1,0,0,1,0,0,1,0,0,0,1,0,0,0,1,0,0,1,0,0,0,1,0,0.43787712,False
92591,33.540604,-117.10909,72,115.75,8399.15,1,1,1,1,1,0,1,1,0,0,1,0,1,0,1,0,1,0,1,0,1,0,1,1,1,0,0,0.16720729,False
92592,33.507255,-117.029473,58,94.7,5430.35,1,0,1,1,1,0,1,1,0,0,0,0,1,0,0,0,1,0,1,0,0,1,0,1,1,0,0,0.21612659,False
92595,33.617108,-117.253349,35,19.6,686.95,1,0,1,1,1,0,0,0,1,1,0,1,0,1,0,1,0,1,0,1,0,0,1,0,0,0,1,0.13386415,False
92596,33.657433,-117.04254,56,99.9,5706.3,0,1,0,0,1,0,1,1,0,0,0,0,1,0,1,0,1,0,1,0,0,0,1,1,0,0,0,0.28022826,False
92602,33.720359,-117.733655,24,21.1,490.65,0,0,1,1,1,0,0,0,1,1,0,1,0,1,0,1,0,1,0,1,0,0,1,1,1,0,0,0.1309193,False
92604,33.688546,-117.788091,70,20.05,1360.25,1,0,1,1,1,0,0,0,1,1,0,1,0,1,0,1,0,1,0,1,0,0,1,0,1,0,0,0.1309193,False
92606,33.703976,-117.824172,2,79.95,174.45,1,0,0,0,1,0,0,1,0,0,0,0,0,0,0,0,0,0,1,0,0,0,0,1,0,1,0,0.8162651,True
92610,33.698728,-117.67768,68,107.15,7379.8,1,1,1,1,1,0,1,1,0,0,0,0,0,0,1,0,1,0,1,0,1,1,0,1,1,0,0,0.25666586,False
92614,33.680302,-117.833296,12,89.55,1021.75,1,0,0,0,1,0,1,1,0,0,0,0,0,0,1,0,0,0,1,0,0,0,0,1,0,1,0,0.81196654,True
92618,33.667145,-117.732135,63,81.55,5029.05,0,0,1,0,1,0,1,1,0,0,0,0,1,0,0,0,0,0,0,0,0,0,0,1,0,0,0,0.5165775,False
92620,33.716136,-117.752574,33,58.45,1955.4,0,0,1,0,1,0,0,0,0,0,1,0,1,0,1,0,0,0,0,0,0,1,0,1,0,0,1,0.2015848,False
92624,33.458754,-117.665104,69,95.65,6744.2,0,0,1,0,1,0,0,1,0,0,0,0,1,0,0,0,0,0,1,0,1,1,0,1,1,0,0,0.3610563,False
92625,33.600987,-117.862734,60,80.6,4946.7,0,0,1,0,1,0,0,0,0,0,0,0,1,0,1,0,1,0,1,0,1,0,1,1,0,0,0,0.1619557,False
92626,33.678591,-117.905471,72,113.1,8248.5,0,0,1,1,1,0,1,1,0,0,1,0,1,0,1,0,1,0,1,0,1,0,1,1,0,0,0,0.15654436,False
92627,33.645672,-117.922613,11,58.95,601.6,0,0,0,0,1,0,1,0,0,0,0,0,0,0,0,0,0,0,0,0,1,0,0,1,0,0,1,0.53275293,False
92629,33.477923,-117.705314,1,19.55,19.55,0,0,0,0,1,0,0,0,1,1,0,1,0,1,0,1,0,1,0,1,0,0,0,0,0,0,1,0.40938604,False
92647,33.723579,-118.005441,34,78.95,2647.2,1,0,1,1,1,0,0,1,0,0,0,0,0,0,0,0,0,0,0,0,1,1,0,1,0,0,0,0.28673825,False
92649,33.721917,-118.043237,65,105.05,6744.25,0,0,0,0,1,0,1,1,0,0,0,0,1,0,0,0,1,0,1,0,1,1,0,1,0,0,0,0.41477326,False
92651,33.570023,-117.773669,50,101.9,5265.5,1,1,1,0,1,0,1,1,0,0,1,0,1,0,1,0,0,0,1,0,0,1,0,1,0,0,0,0.33278254,False
92653,33.606899,-117.717854,15,19.75,311.6,1,0,0,0,1,0,0,0,1,1,0,1,0,1,0,1,0,1,0,1,0,0,0,0,0,0,1,0.30775332,False
92655,33.744439,-117.98588,72,110.3,7966.9,1,0,1,1,1,0,1,1,0,0,1,0,1,0,1,0,0,0,1,0,1,0,1,1,0,0,0,0.17291534,False
92656,33.571259,-117.731917,72,115.6,8220.4,0,0,1,1,1,0,1,1,0,0,1,0,1,0,1,0,1,0,1,0,1,0,1,1,0,0,0,0.15654436,False
92657,33.603282,-117.821841,55,19.35,1153.25,1,0,1,1,1,0,0,0,1,1,0,1,0,1,0,1,0,1,0,1,0,0,1,0,0,0,0,0.1309193,False
92660,33.634626,-117.874882,23,25.6,514.75,0,0,1,1,1,0,1,0,1,1,0,1,0,1,0,1,0,1,0,1,0,0,1,1,1,0,0,0.1309193,False
92662,33.606336,-117.893042,56,68.75,3808.0,0,0,1,0,1,0,1,0,0,0,1,0,0,0,1,0,0,0,0,0,1,1,0,1,0,0,0,0.233797,False
92663,33.62251,-117.927024,1,19.9,19.9,0,0,0,0,1,0,0,0,1,1,0,1,0,1,0,1,0,1,0,1,0,0,0,0,0,0,0,0.39282352,False
92672,33.429488,-117.609432,38,70.6,2708.2,1,0,0,0,1,0,0,0,0,0,1,0,1,0,0,0,1,0,1,0,0,1,0,0,0,0,1,0.2678404,False
92673,33.4725,-117.584273,11,70.2,760.05,1,0,0,0,1,0,0,1,0,0,0,0,0,0,0,0,0,0,0,0,0,0,0,0,0,1,0,0.7063937,True
92675,33.521447,-117.602555,1,49.3,49.3,1,0,0,0,1,0,0,0,0,0,0,0,0,0,0,0,1,0,0,0,0,0,0,1,0,1,0,0.69085264,False
92676,33.782346,-117.635263,56,107.25,6033.3,1,0,1,0,1,0,1,1,0,0,0,0,1,0,0,0,1,0,1,0,1,1,0,1,0,1,0,0.5671714,False
92677,33.529047,-117.701175,3,23.6,89.05,1,0,1,0,1,0,1,0,1,1,0,1,0,1,0,1,0,1,0,1,0,0,0,1,0,0,1,0.41237703,False
92679,33.631119,-117.567346,7,69.7,516.15,1,0,1,1,1,0,0,0,0,0,1,0,0,0,0,0,0,0,1,0,1,0,0,0,1,0,0,0.3238054,False
92683,33.752591,-117.993661,59,99.5,5861.75,1,0,1,1,1,0,1,1,0,0,0,0,0,0,1,0,0,0,1,0,1,0,1,1,1,0,0,0.21423933,False
92688,33.624654,-117.611733,7,64.3,445.95,1,0,0,0,1,0,0,0,0,0,0,0,0,0,1,0,1,0,1,0,0,0,0,0,0,0,0,0.4739559,False
92691,33.611945,-117.665867,71,70.85,4973.4,1,0,1,0,1,0,0,0,0,0,1,0,0,0,1,0,1,0,0,0,1,0,1,1,1,0,0,0.14382868,False
92692,33.60693,-117.644253,15,101.9,1667.25,1,0,1,1,1,0,0,1,0,0,1,0,0,0,0,0,1,0,1,0,1,1,0,0,0,1,0,0.36198947,False
92694,33.569186,-117.640055,71,73.5,5357.75,1,0,1,0,1,0,1,0,0,0,1,0,1,0,0,0,1,0,1,0,0,0,1,0,1,0,0,0.14382868,False
92703,33.748635,-117.906125,11,40.4,422.6,0,0,0,0,0,1,0,0,0,0,0,0,1,0,1,0,1,0,0,0,0,1,0,1,1,0,0,0.35232714,False
92704,33.719869,-117.907063,60,19.25,1103.25,0,0,1,1,1,0,0,0,1,1,0,1,0,1,0,1,0,1,0,1,0,0,1,1,1,0,0,0.1309193,False
92705,33.766004,-117.786763,47,59.6,2754.0,1,1,0,0,1,0,1,0,0,0,0,0,1,0,0,0,1,0,0,0,0,0,1,0,0,0,0,0.20326135,False
92706,33.765893,-117.881533,11,64.9,697.25,0,0,0,0,1,0,0,0,0,0,0,0,0,0,1,0,1,0,0,0,1,1,0,0,1,0,0,0.39274493,False
92708,33.712036,-117.950113,28,110.85,3204.4,0,1,1,0,1,0,1,1,0,0,0,0,1,0,1,0,1,0,1,0,1,0,0,1,0,1,0,0.6981905,False
92780,33.735802,-117.818805,61,81.05,4747.65,1,0,1,0,1,0,0,0,0,0,1,0,1,0,0,0,1,0,1,0,1,0,1,1,0,0,1,0.154248,False
92782,33.738543,-117.785046,31,98.05,3082.1,1,0,1,1,1,0,1,1,0,0,1,0,0,0,1,0,0,0,1,0,0,1,0,0,0,0,0,0.26564106,False
92801,33.844983,-117.952151,9,70.5,597.9,1,0,0,0,1,0,0,1,0,0,0,0,0,0,0,0,0,0,0,0,0,0,0,1,0,1,0,0.7860244,True
92802,33.807864,-117.923782,35,94.55,3365.4,1,1,1,0,1,0,1,1,0,0,1,0,1,0,0,0,0,0,0,0,1,0,0,1,0,1,0,0.6319104,False
92804,33.818,-117.974404,2,19.65,38.8,1,0,0,0,1,0,0,0,1,1,0,1,0,1,0,1,0,1,0,1,0,0,0,1,0,0,1,0.38528016,False
92808,33.850452,-117.726668,1,19.0,19.0,0,0,1,1,1,0,0,0,1,1,0,1,0,1,0,1,0,1,0,1,0,0,0,1,0,0,1,0.42643657,False
92821,33.930199,-117.862898,3,20.0,61.7,0,0,0,0,1,0,0,0,1,1,0,1,0,1,0,1,0,1,0,1,0,0,0,1,0,0,1,0.4076896,False
92831,33.879983,-117.895482,52,63.25,3342.45,1,0,0,0,1,0,0,0,0,0,1,0,1,0,0,0,0,0,1,0,0,0,1,1,1,0,0,0.20079239,False
92832,33.868316,-117.929029,5,20.1,85.1,1,0,1,0,1,0,0,0,1,1,0,1,0,1,0,1,0,1,0,1,0,1,0,0,0,0,1,0.24123712,False
92833,33.877639,-117.961212,72,99.15,7422.1,1,0,1,0,1,0,1,1,0,0,1,0,1,0,1,0,0,0,0,0,1,0,1,1,0,1,0,0.23599158,False
92835,33.902211,-117.914922,71,90.4,6668.05,1,0,1,0,1,0,1,0,0,0,1,0,1,0,1,0,1,0,1,0,1,0,1,0,0,1,0,0.19163978,False
92840,33.787165,-117.931889,72,111.9,8071.05,1,0,1,0,1,0,1,1,0,0,1,0,0,0,1,0,1,0,1,0,1,0,1,1,1,0,0,0.22547898,False
92841,33.786738,-117.982564,46,24.9,1174.8,1,0,1,0,1,0,1,0,1,1,0,1,0,1,0,1,0,1,0,1,0,1,0,0,0,1,0,0.20044105,False
92843,33.764018,-117.931507,63,83.5,5435.0,1,0,1,0,1,0,1,0,0,0,1,0,1,0,1,0,0,0,1,0,1,0,1,0,1,0,0,0.17256103,False
92844,33.766476,-117.969795,30,84.3,2438.6,1,0,0,0,1,0,0,1,0,0,1,0,1,0,1,0,0,0,0,0,0,0,0,1,1,0,0,0.5492606,False
92845,33.782955,-118.026456,1,45.6,45.6,1,0,0,0,1,0,0,0,0,0,0,0,0,0,0,0,0,0,0,0,0,0,0,0,0,0,1,0.65942025,False
92861,33.817473,-117.810462,16,54.85,916.15,1,0,0,0,0,1,0,0,0,0,1,0,1,0,1,0,1,0,1,0,0,0,1,0,0,0,1,0.2230607,False
92865,33.828779,-117.848299,4,65.55,237.2,1,0,0,0,1,0,1,0,0,0,0,0,0,0,0,0,1,0,0,0,1,0,0,0,0,0,1,0.49759844,False
92866,33.784597,-117.844535,51,90.35,4614.55,1,0,1,0,1,0,1,1,0,0,0,0,1,0,0,0,0,0,0,0,1,1,0,1,1,0,0,0.40351364,False
92867,33.81859,-117.821288,65,20.4,1414.45,1,0,1,0,1,0,0,0,1,1,0,1,0,1,0,1,0,1,0,1,0,0,1,1,1,0,0,0.15146886,False
92868,33.787796,-117.875928,16,74.55,1170.5,1,0,0,0,1,0,0,1,0,0,0,0,0,0,0,0,1,0,0,0,0,0,0,1,1,0,0,0.66523457,False
92869,33.792791,-117.789749,2,19.95,47.7,1,0,0,0,1,0,0,0,1,1,0,1,0,1,0,1,0,1,0,1,0,1,0,0,0,0,1,0.2384269,False
92870,33.881158,-117.854783,66,74.25,4859.25,0,0,1,1,1,0,1,1,0,0,0,0,0,0,0,0,0,0,0,0,0,1,0,1,0,0,0,0.20745157,False
92879,33.893823,-117.531446,46,108.65,4903.2,1,0,0,0,1,0,1,1,0,0,0,0,1,0,1,0,1,0,1,0,1,0,1,0,0,1,0,0.54190964,False
92880,33.918043,-117.617809,32,109.55,3608.0,0,0,0,0,1,0,1,1,0,0,1,0,0,0,1,0,1,0,1,0,1,1,0,1,0,0,0,0.47313437,False
92881,33.833686,-117.513063,72,86.65,6094.25,1,0,1,0,1,0,1,0,0,0,1,0,0,0,1,0,1,0,1,0,1,0,1,0,1,0,0,0.14450765,False
92882,33.819385,-117.600213,38,81.0,3084.9,1,0,1,0,1,0,0,0,0,0,1,0,0,0,1,0,1,0,1,0,1,0,1,0,1,0,0,0.1868666,False
92883,33.762351,-117.488725,51,47.85,2356.75,1,0,0,0,1,0,0,0,0,0,0,0,0,0,0,0,1,0,0,0,0,1,0,0,1,0,0,0.28647852,False
92886,33.897253,-117.792202,72,114.55,8306.05,1,0,1,1,1,0,1,1,0,0,1,0,1,0,1,0,1,0,1,0,1,0,1,0,0,0,0,0.15654436,False
93004,34.278697,-119.167798,66,20.55,1357.1,1,0,0,1,1,0,0,0,1,1,0,1,0,1,0,1,0,1,0,1,0,0,1,0,0,0,1,0.13270007,False
93010,34.227846,-119.079903,44,109.8,4860.35,0,1,0,0,1,0,1,1,0,0,1,0,1,0,1,0,0,0,1,0,1,1,0,1,1,0,0,0.46315062,False
93012,34.205504,-118.993111,50,69.5,3418.2,1,0,0,0,1,0,1,0,0,0,0,0,0,0,1,0,1,0,0,0,1,0,1,0,0,0,0,0.16897486,False
93013,34.441398,-119.513163,15,48.85,631.4,0,0,0,0,1,0,1,0,0,0,0,0,0,0,0,0,0,0,0,0,0,0,0,0,0,0,1,0.51397836,False
93015,34.408161,-118.865111,8,25.25,186.3,1,0,0,0,0,1,0,0,0,0,0,0,0,0,0,0,0,0,0,0,0,0,0,1,1,0,0,0.58568966,False
93021,34.312945,-118.858169,66,102.85,6976.75,0,1,0,0,1,0,1,1,0,0,0,0,0,0,1,0,1,0,1,0,1,1,0,1,1,0,0,0.47842902,False
93022,34.404544,-119.302118,57,87.55,4884.85,0,0,0,0,1,0,1,1,0,0,1,0,1,0,0,0,1,0,0,0,0,0,0,1,0,0,0,0.39464787,False
93023,34.581308,-118.931948,7,78.55,522.95,0,0,0,0,1,0,1,1,0,0,0,0,1,0,0,0,0,0,0,0,0,0,0,1,0,0,0,0.7847265,True
93030,34.223244,-119.18012,10,34.55,362.6,1,1,1,1,0,1,0,0,0,0,0,0,0,0,0,0,0,0,0,0,1,0,0,1,0,0,0,0.3732536,False
93033,34.156629,-119.117218,62,92.05,5755.8,0,0,0,0,1,0,1,1,0,0,1,0,1,0,1,0,0,0,0,0,0,1,0,1,0,1,0,0.33855346,False
93035,34.18454,-119.224666,40,85.05,3355.65,1,0,1,1,1,0,0,1,0,0,0,0,0,0,1,0,0,0,1,0,0,1,0,1,0,1,0,0.3118443,False
93040,34.432843,-118.730106,20,19.7,406.95,0,0,0,0,1,0,0,0,1,1,0,1,0,1,0,1,0,1,0,1,0,0,1,0,0,0,1,0.1620312,False
93060,34.402343,-119.094824,25,95.15,2395.7,0,0,1,0,1,0,0,1,0,0,0,0,0,0,0,0,1,0,1,0,1,0,0,1,0,1,0,0.7136905,True
93063,34.296813,-118.685703,23,84.25,1968.1,1,0,1,0,1,0,1,1,0,0,0,0,1,0,1,0,0,0,0,0,0,0,0,0,0,1,0,0.6755172,False
93065,34.269449,-118.768471,66,104.6,6819.45,0,1,1,0,1,0,1,1,0,0,0,0,1,0,1,0,0,0,1,0,1,1,0,0,1,0,0,0.44234082,False
93066,34.297628,-119.014627,72,111.65,7943.45,0,1,0,0,1,0,1,1,0,0,0,0,1,0,1,0,1,0,1,0,1,0,1,0,0,1,0,0.2687253,False
93103,34.438581,-119.685368,46,55.0,2473.95,0,0,1,0,1,0,1,0,0,0,1,0,0,0,0,0,0,0,0,0,0,0,0,0,0,0,0,0.34833223,False
93105,34.037342,-119.80079,72,89.85,6562.9,1,0,1,0,1,0,1,0,0,0,1,0,1,0,1,0,1,0,1,0,1,0,1,0,1,0,0,0.14450765,False
93108,34.457541,-119.631072,10,20.35,176.3,1,0,0,0,1,0,0,0,1,1,0,1,0,1,0,1,0,1,0,1,0,1,0,0,0,0,1,0.19929005,False
93109,34.406256,-119.726936,40,54.55,2236.2,0,0,0,0,0,1,0,0,0,0,1,0,0,0,0,0,1,0,1,0,1,1,0,1,0,0,0,0.29858026,False
93111,34.460197,-119.802602,31,99.45,3109.9,1,0,0,0,1,0,0,1,0,0,0,0,0,0,1,0,1,0,1,0,1,0,1,0,0,0,0,0.2869995,False
93117,34.489983,-120.091246,68,70.9,4911.35,0,0,1,0,1,0,1,0,0,0,1,0,1,0,1,0,1,0,0,0,0,0,1,0,1,0,0,0.14962319,False
93203,35.116307,-118.817644,68,25.4,1620.2,1,0,1,1,1,0,1,0,1,1,0,1,0,1,0,1,0,1,0,1,0,0,1,0,0,0,0,0.1309193,False
93206,35.451402,-119.488413,49,89.85,4287.2,0,1,0,0,1,0,0,1,0,0,0,0,1,0,1,0,0,0,0,0,1,1,0,1,0,0,0,0.41777134,False
93207,35.865795,-118.69759,15,25.25,394.85,0,0,1,1,1,0,1,0,1,1,0,1,0,1,0,1,0,1,0,1,0,0,0,1,0,1,0,0.25808674,False
93212,36.04533,-119.532424,50,69.65,3442.15,1,0,1,0,1,0,1,0,0,0,0,0,0,0,1,0,1,0,1,0,0,1,0,1,0,1,0,0.3069059,False
93218,35.846067,-119.004073,24,70.0,1732.6,1,1,0,0,1,0,0,1,0,0,0,0,0,0,0,0,0,0,0,0,0,0,0,0,1,0,0,0.5872241,False
93222,34.907911,-119.234281,35,20.1,655.3,1,0,1,1,1,0,0,0,1,1,0,1,0,1,0,1,0,1,0,1,0,0,1,0,0,0,1,0.13386415,False
93223,36.29878,-119.201028,17,24.8,475.25,0,0,0,0,1,0,1,0,1,1,0,1,0,1,0,1,0,1,0,1,0,0,0,0,0,0,1,0.26963544,False
93225,34.827662,-118.999073,10,95.1,865.1,1,0,0,0,1,0,0,1,0,0,0,0,0,0,0,0,1,0,1,0,1,0,0,1,1,0,0,0.74922836,True
93226,35.735694,-118.738483,68,88.85,6132.7,1,0,1,0,1,0,1,0,0,0,1,0,1,0,1,0,1,0,1,0,1,0,1,1,1,0,0,0.154248,False
93230,36.29223,-119.622676,45,78.8,3597.5,1,0,1,0,1,0,0,0,0,0,1,0,1,0,1,0,0,0,1,0,1,1,0,0,0,0,0,0.30954704,False
93235,36.385818,-119.224243,37,20.35,697.65,1,0,1,0,1,0,0,0,1,1,0,1,0,1,0,1,0,1,0,1,0,0,0,0,0,0,0,0.2625441,False
93239,35.996923,-120.000951,10,45.25,428.7,0,0,0,0,1,0,0,0,0,0,0,0,0,0,0,0,0,0,0,0,0,0,0,0,0,0,1,0.51323754,False
93240,35.607875,-118.466318,1,20.05,20.05,1,0,0,0,1,0,0,0,1,1,0,1,0,1,0,1,0,1,0,1,0,0,0,0,0,0,1,0.5401581,False
93241,35.245035,-118.905553,65,69.55,4459.15,1,0,1,0,1,0,1,0,0,0,1,0,1,0,0,0,0,0,0,0,1,0,1,1,0,0,1,0.175433,False
93242,36.444232,-119.718285,57,19.5,1167.6,0,0,1,1,1,0,0,0,1,1,0,1,0,1,0,1,0,1,0,1,0,0,1,0,0,0,0,0.1309193,False
93243,34.845861,-118.885163,3,74.75,238.1,0,0,0,0,1,0,0,1,0,0,0,0,0,0,1,0,0,0,0,0,0,0,0,1,0,0,1,0.75526726,True
93245,36.303666,-119.825657,49,30.2,1453.1,1,0,0,0,0,1,0,0,0,0,0,0,0,0,1,0,0,0,0,0,0,0,0,1,0,0,0,0.5011732,False
93249,35.637715,-119.893068,70,57.8,4039.3,0,0,1,0,0,1,0,0,0,0,0,0,1,0,1,0,1,0,1,0,1,0,1,0,0,0,0,0.18208164,False
93250,35.666886,-119.186717,53,19.85,1039.45,0,0,1,0,1,0,0,0,1,1,0,1,0,1,0,1,0,1,0,1,0,1,0,1,0,0,0,0.20002638,False
93251,35.38381,-119.730885,53,25.55,1336.1,1,0,1,1,1,0,1,0,1,1,0,1,0,1,0,1,0,1,0,1,0,0,1,0,1,0,0,0.1309193,False
93254,34.956577,-119.750142,22,24.85,493.4,1,0,0,0,1,0,1,0,1,1,0,1,0,1,0,1,0,1,0,1,0,0,0,1,1,0,0,0.25627354,False
93256,35.957019,-119.330928,65,110.35,7246.15,1,1,0,0,1,0,1,1,0,0,1,0,0,0,1,0,1,0,1,0,1,0,1,1,0,1,0,0.3515073,False
93257,36.008958,-118.891593,48,24.55,1203.95,0,0,0,0,1,0,1,0,1,1,0,1,0,1,0,1,0,1,0,1,0,1,0,0,0,0,0,0.1819803,False
93261,35.809921,-119.127437,3,107.95,313.6,1,0,0,0,1,0,1,1,0,0,0,0,1,0,1,0,0,0,1,0,1,0,0,0,0,0,1,0.685729,False
93262,36.527243,-118.594938,45,81.4,3775.85,1,0,1,0,1,0,1,1,0,0,0,0,1,0,0,0,0,0,0,0,0,0,0,0,0,0,0,0.57554954,False
93265,36.245926,-118.693138,61,73.8,4616.05,0,0,1,0,1,0,0,0,0,0,0,0,0,0,1,0,1,0,1,0,1,0,1,1,0,0,0,0.1709826,False
93266,36.175255,-119.813805,3,64.4,195.65,1,0,0,0,1,0,0,0,0,0,1,0,0,0,0,0,1,0,1,0,0,0,0,1,1,0,0,0.42702582,False
93267,36.141319,-119.129075,40,103.75,4188.4,0,1,0,0,1,0,1,1,0,0,0,0,0,0,1,0,1,0,1,0,1,1,0,1,1,0,0,0.62620807,False
93268,35.184837,-119.402525,1,71.1,71.1,0,0,0,0,1,0,0,1,0,0,0,0,0,0,0,0,0,0,0,0,0,0,0,0,0,0,1,0.78502506,True
93270,35.939068,-119.043666,1,49.9,49.9,0,0,0,0,1,0,0,0,0,0,0,0,0,0,0,0,1,0,0,0,0,0,0,1,0,1,0,0.6979975,False
93271,36.413433,-118.854708,51,24.6,1266.4,1,0,0,0,1,0,1,0,1,1,0,1,0,1,0,1,0,1,0,1,0,1,0,1,0,0,0,0.18111001,False
93274,36.185471,-119.375243,52,30.1,1623.4,1,0,0,0,0,1,0,0,0,0,0,0,1,0,0,0,0,0,0,0,0,1,0,0,0,0,1,0.38813692,False
93276,35.316263,-119.402559,51,83.4,4149.45,1,0,0,0,1,0,1,1,0,0,0,0,0,0,0,0,0,0,0,0,1,0,0,0,0,0,0,0.5968534,False
93277,36.303793,-119.375646,1,20.45,20.45,1,0,0,0,1,0,0,0,1,1,0,1,0,1,0,1,0,1,0,1,0,0,0,1,0,0,1,0.5555382,False
93280,35.652242,-119.4464,31,75.25,2344.5,1,0,1,0,1,0,1,0,0,0,1,0,1,0,0,0,1,0,0,0,1,1,0,1,0,0,0,0.30628806,False
93283,35.55647,-118.244914,47,20.55,1013.05,1,0,0,0,1,0,0,0,1,1,0,1,0,1,0,1,0,1,0,1,0,1,0,0,1,0,0,0.1819803,False
93286,36.464635,-119.094348,22,20.05,417.0,0,1,0,0,1,0,0,0,1,1,0,1,0,1,0,1,0,1,0,1,0,1,0,1,0,0,1,0.2015418,False
93287,35.710244,-118.881679,1,20.65,20.65,0,0,1,0,1,0,0,0,1,1,0,1,0,1,0,1,0,1,0,1,0,0,0,1,0,0,1,0.5870829,False
93291,36.391777,-119.372842,72,85.15,6316.2,1,0,1,0,1,0,1,0,0,0,0,0,1,0,1,0,1,0,1,0,1,0,1,1,0,0,0,0.151816,False
93301,35.383937,-119.020428,47,84.95,4018.05,1,1,1,1,1,0,0,1,0,0,0,0,1,0,0,0,0,0,1,0,0,1,0,1,0,0,0,0.2579218,False
93304,35.339796,-119.023552,72,66.5,4811.6,1,0,1,0,1,0,1,0,0,0,1,0,0,0,1,0,1,0,0,0,0,0,1,1,1,0,0,0.14382868,False
93305,35.391733,-118.984109,66,63.3,4189.7,1,0,1,0,1,0,1,0,0,0,0,0,0,0,1,0,0,0,1,0,0,0,1,1,0,0,0,0.19087243,False
93306,35.449881,-118.841442,35,83.15,2848.45,1,0,0,0,1,0,1,1,0,0,0,0,0,0,0,0,0,0,1,0,0,0,0,0,0,1,0,0.69458884,False
93307,35.280113,-118.962329,29,84.9,2516.2,1,0,0,0,1,0,1,1,0,0,0,0,0,0,0,0,0,0,0,0,1,0,0,1,0,1,0,0.7483851,True
93308,35.559617,-118.925185,2,20.55,33.6,0,0,0,0,1,0,0,0,1,1,0,1,0,1,0,1,0,1,0,1,0,0,0,1,0,0,1,0.43265015,False
93309,35.342891,-119.064803,4,49.25,208.45,1,0,0,0,1,0,0,0,0,0,0,0,1,0,0,0,0,0,0,0,0,0,0,0,0,0,1,0.60221857,False
93312,35.392599,-119.245341,65,59.6,3739.8,0,0,0,0,1,0,0,0,0,0,1,0,1,0,0,0,1,0,0,0,0,0,1,1,0,0,1,0.15631884,False
93313,35.140938,-119.051348,27,104.65,2964.0,1,1,0,0,1,0,1,1,0,0,0,0,1,0,0,0,1,0,1,0,1,1,0,1,0,0,0,0.57411355,False
93401,35.233745,-120.626442,29,75.3,2263.4,1,0,1,0,1,0,0,1,0,0,0,0,0,0,1,0,0,0,0,0,0,0,0,1,1,0,0,0.6260819,False
93402,35.279984,-120.824288,29,80.1,2211.8,1,0,1,1,1,0,1,0,0,0,0,0,1,0,1,0,0,0,1,0,1,0,0,0,1,0,0,0.26997104,False
93420,35.176236,-120.483243,20,81.0,1683.7,0,0,1,0,1,0,0,1,0,0,0,0,0,0,1,0,1,0,0,0,0,0,0,1,0,0,1,0.62869716,False
93422,35.453912,-120.69461,58,24.7,1519.0,0,0,0,0,1,0,1,0,1,1,0,1,0,1,0,1,0,1,0,1,0,0,1,1,1,0,0,0.15146886,False
93424,35.186644,-120.728305,14,86.0,1164.05,0,0,0,1,1,0,1,1,0,0,1,0,0,0,0,0,1,0,0,0,0,0,0,1,0,0,1,0.39582297,False
93426,35.842889,-121.004862,72,25.4,1710.9,1,0,1,0,1,0,1,0,1,1,0,1,0,1,0,1,0,1,0,1,0,0,1,0,0,0,1,0.14883393,False
93427,34.631362,-120.238218,46,89.15,4245.55,1,0,0,0,1,0,1,1,0,0,1,0,0,0,0,0,0,0,1,0,0,0,0,1,1,0,0,0.569898,False
93428,35.591387,-121.032256,71,58.25,4145.9,0,0,1,0,0,1,0,0,0,0,0,0,1,0,1,0,1,0,1,0,1,0,1,0,0,0,0,0.17093891,False
93429,34.866032,-120.536546,32,85.65,2664.3,1,0,0,0,1,0,1,1,0,0,0,0,0,0,0,0,0,0,0,0,1,0,0,1,0,0,0,0.6801367,False
93430,35.511833,-120.918713,26,50.35,1277.5,0,0,0,0,0,1,0,0,0,0,0,0,0,0,1,0,0,0,1,0,1,0,0,1,1,0,0,0.4906111,False
93432,35.480896,-120.469476,68,80.35,5589.3,1,1,1,0,1,0,1,1,0,0,0,0,0,0,1,0,0,0,0,0,0,0,0,1,1,0,0,0.5023104,False
93433,35.120833,-120.61843,2,20.2,34.75,1,0,1,0,1,0,0,0,1,1,0,1,0,1,0,1,0,1,0,1,0,1,0,0,0,0,1,0.26220113,False
93434,34.936,-120.594655,61,20.55,1305.95,1,0,1,0,1,0,0,0,1,1,0,1,0,1,0,1,0,1,0,1,0,0,1,0,1,0,0,0.15146886,False
93441,34.70434,-120.02609,9,21.25,204.55,1,1,1,0,1,0,0,0,1,1,0,1,0,1,0,1,0,1,0,1,0,0,0,1,0,0,1,0.31075665,False
93442,35.369553,-120.763864,22,26.25,605.9,0,0,0,0,1,0,1,0,1,1,0,1,0,1,0,1,0,1,0,1,0,0,1,0,0,0,1,0.15745658,False
93444,35.050345,-120.489599,5,80.85,356.1,0,0,1,1,1,0,0,1,0,0,0,0,0,0,0,0,0,0,1,0,0,0,0,1,0,1,0,0.59858155,False
93446,35.634222,-120.728341,65,74.2,4805.65,1,0,0,0,1,0,1,0,0,0,0,0,1,0,1,0,1,0,0,0,1,0,1,1,1,0,0,0.17406812,False
93450,35.996008,-120.85305,5,20.35,92.75,1,0,0,0,1,0,0,0,1,1,0,1,0,1,0,1,0,1,0,1,0,0,0,0,0,0,1,0.30743986,False
93451,35.886767,-120.608661,25,75.5,1901.05,1,0,1,1,1,0,0,1,0,0,0,0,1,0,0,0,0,0,0,0,0,0,0,1,0,1,0,0.4531887,False
93452,35.746484,-121.223355,72,79.05,5730.7,0,0,1,0,1,0,1,1,0,0,1,0,0,0,0,0,0,0,0,0,0,0,1,0,0,0,0,0.2171311,False
93453,35.303926,-120.256567,27,90.15,2423.4,0,0,1,0,1,0,1,1,0,0,0,0,0,0,1,0,0,0,0,0,1,0,0,0,0,0,0,0.63765824,False
93454,34.943523,-120.256729,32,50.6,1653.45,1,0,1,1,0,1,0,0,0,0,0,0,0,0,1,0,0,0,1,0,1,0,0,0,1,0,0,0.32424203,False
93455,34.818227,-120.418784,30,110.45,3327.05,0,0,0,0,1,0,1,1,0,0,0,0,1,0,1,0,1,0,1,0,1,1,0,0,1,0,0,0.44636253,False
93458,34.95934,-120.490081,70,101.0,7085.5,1,0,1,0,1,0,0,1,0,0,1,0,1,0,1,0,1,0,0,0,1,0,1,0,1,0,0,0.21948528,False
93460,34.630356,-120.032564,42,79.35,3344.1,1,1,0,0,1,0,1,1,0,0,0,0,1,0,0,0,0,0,0,0,0,0,0,1,0,0,0,0.64456284,False
93461,35.634488,-120.293534,72,89.85,6697.35,0,1,1,0,1,0,1,0,0,0,1,0,1,0,1,0,1,0,1,0,1,0,1,1,0,0,0,0.14450765,False
93463,34.624399,-120.137875,47,65.0,2879.9,0,0,0,0,1,0,1,0,0,0,1,0,0,0,1,0,1,0,0,0,0,0,1,1,0,0,1,0.17514065,False
93465,35.536115,-120.739231,2,80.45,137.1,0,0,0,0,1,0,0,1,0,0,1,0,0,0,1,0,0,0,0,0,0,0,0,1,0,1,0,0.6975814,False
93505,35.151491,-117.927597,61,24.1,1551.6,0,0,1,0,1,0,1,0,1,1,0,1,0,1,0,1,0,1,0,1,0,0,1,1,0,0,1,0.15479362,False
93510,34.501452,-118.207862,5,44.05,202.15,0,0,0,0,1,0,0,0,0,0,0,0,0,0,0,0,0,0,0,0,0,0,0,1,1,0,0,0.6473042,False
93512,37.653947,-118.231443,72,110.8,7882.25,0,1,1,0,1,0,1,1,0,0,0,0,1,0,1,0,1,0,1,0,1,0,1,1,1,0,0,0.21412593,False
93513,37.245505,-118.062943,72,114.95,8196.4,1,1,1,0,1,0,1,1,0,0,1,0,1,0,1,0,1,0,1,0,1,0,1,1,0,0,0,0.19671166,False
93514,37.04584,-118.397236,3,75.05,202.9,0,1,0,0,1,0,0,1,0,0,0,0,0,0,1,0,0,0,0,0,0,0,0,0,0,0,1,0.73874944,True
93516,34.95703,-117.73045,48,19.25,855.1,1,0,1,0,1,0,0,0,1,1,0,1,0,1,0,1,0,1,0,1,0,0,1,0,0,0,1,0.15556149,False
93517,38.184583,-119.286558,63,90.05,5817.0,0,0,0,0,1,0,0,1,0,0,0,0,0,0,1,0,1,0,1,0,0,1,0,1,1,0,0,0.36118117,False
93518,35.358953,-118.527064,27,56.7,1652.95,0,0,0,0,1,0,0,0,0,0,1,0,1,0,0,0,0,0,0,0,0,0,0,1,0,0,1,0.3277434,False
93522,36.319181,-117.593053,70,80.15,5600.15,1,0,1,0,1,0,0,0,0,0,1,0,1,0,1,0,0,0,1,0,1,0,1,1,1,0,0,0.17256103,False
93523,34.966777,-117.961179,7,71.35,515.75,1,0,1,1,1,0,0,0,0,0,1,0,0,0,1,0,1,0,0,0,1,0,0,1,1,0,0,0.2765621,False
93526,36.869584,-118.189241,0,20.25,1397.475,1,0,0,0,1,0,0,0,1,1,0,1,0,1,0,1,0,1,0,1,0,0,1,0,0,0,1,0.19658338,False
93527,36.041315,-118.188235,2,90.35,190.5,0,0,1,0,1,0,0,1,0,0,1,0,1,0,0,0,0,0,1,0,0,0,0,0,0,1,0,0.6724342,False
93529,37.730269,-119.055813,66,19.7,1253.8,1,0,0,0,1,0,0,0,1,1,0,1,0,1,0,1,0,1,0,1,0,0,1,0,0,0,0,0.1522232,False
93530,36.560498,-117.962461,3,19.85,57.2,0,0,0,0,1,0,0,0,1,1,0,1,0,1,0,1,0,1,0,1,0,0,0,0,0,0,1,0.35627714,False
93532,34.659579,-118.584212,72,90.35,6563.4,0,0,1,0,1,0,1,1,0,0,1,0,1,0,0,0,1,0,0,0,0,0,1,1,0,0,0,0.18150742,False
93534,34.727529,-118.153098,1,20.8,20.8,1,0,0,0,1,0,0,0,1,1,0,1,0,1,0,1,0,1,0,1,0,0,0,0,0,0,1,0.5655737,False
93541,37.890145,-119.184087,72,66.85,4758.8,0,0,1,0,1,0,1,0,0,0,1,0,0,0,1,0,1,0,0,0,0,0,1,0,0,0,0,0.14382868,False
93543,34.505273,-117.955054,65,19.9,1292.6,1,0,1,0,1,0,0,0,1,1,0,1,0,1,0,1,0,1,0,1,0,0,1,0,0,0,1,0.15479362,False
93544,34.500091,-117.765862,11,35.8,363.15,0,0,0,0,0,1,0,0,0,0,0,0,0,0,0,0,0,0,1,0,0,0,0,1,0,0,1,0.57720906,False
93545,36.590415,-118.073839,22,78.85,1600.25,1,0,0,0,1,0,1,1,0,0,0,0,1,0,0,0,0,0,0,0,0,0,0,1,0,0,1,0.6629966,False
93546,37.550074,-118.837167,14,20.4,275.7,1,0,0,0,1,0,0,0,1,1,0,1,0,1,0,1,0,1,0,1,0,1,0,0,0,0,0,0.20954213,False
93549,36.296851,-117.865469,41,74.25,3089.1,1,0,0,0,1,0,0,1,0,0,0,0,0,0,0,0,1,0,0,0,0,0,0,1,0,1,0,0.6393685,False
93550,34.536232,-118.082935,17,64.8,1175.6,1,0,1,0,1,0,0,0,0,0,1,0,1,0,0,0,0,0,0,0,1,1,0,0,0,0,1,0.31352404,False
93551,34.613476,-118.256358,11,20.45,237.3,1,0,0,0,1,0,0,0,1,1,0,1,0,1,0,1,0,1,0,1,0,0,0,1,1,0,0,0.321326,False
93560,34.903052,-118.411251,72,110.65,8065.65,0,0,1,0,1,0,1,1,0,0,1,0,1,0,1,0,0,0,1,0,1,0,1,1,1,0,0,0.21620648,False
93561,35.073777,-118.652112,3,40.3,92.5,0,0,1,1,0,1,0,0,0,0,0,0,1,0,0,0,0,0,0,0,1,0,0,0,0,0,1,0.47184396,False
93563,34.39583,-117.734568,59,107.0,6152.3,0,0,1,0,1,0,1,1,0,0,1,0,1,0,1,0,1,0,0,0,1,1,0,1,1,0,0,0.4005955,False
93601,37.375816,-119.739935,71,73.35,5154.5,1,0,1,0,1,0,0,0,0,0,0,0,1,0,0,0,1,0,1,0,1,0,1,1,1,0,0,0.1603859,False
93602,36.991762,-119.242874,5,44.8,220.45,0,0,1,1,1,0,0,0,0,0,0,0,0,0,0,0,0,0,0,0,0,0,0,0,0,0,1,0.47421446,False
93603,36.64545,-118.924982,27,54.75,1510.3,1,0,1,1,1,0,0,0,0,0,1,0,1,0,0,0,0,0,0,0,0,0,0,1,1,0,0,0.24943142,False
93605,37.17277,-119.2997,63,40.6,2588.95,1,0,0,0,0,1,0,0,0,0,1,0,1,0,0,0,1,0,0,0,0,1,0,1,0,0,0,0.27858725,False
93608,36.488056,-120.407691,72,55.3,3983.6,1,0,1,0,1,0,1,0,0,0,1,0,0,0,0,0,0,0,0,0,0,0,1,0,0,0,0,0.17007577,False
93609,36.5276,-119.865999,34,60.85,2003.6,0,0,1,0,1,0,1,0,0,0,1,0,0,0,0,0,1,0,0,0,0,0,0,1,0,0,0,0.28917867,False
93610,37.100948,-120.270136,24,78.4,1832.4,0,0,1,0,1,0,1,0,0,0,1,0,1,0,0,0,0,0,1,0,1,1,0,0,0,1,0,0.35104212,False
93611,36.917652,-119.593757,72,69.65,4908.25,1,0,0,0,1,0,1,0,0,0,1,0,1,0,1,0,1,0,0,0,0,0,1,0,0,0,0,0.15031086,False
93612,36.814539,-119.711868,60,59.85,3590.2,0,0,1,0,0,1,0,0,0,0,1,0,0,0,1,0,1,0,1,0,1,0,1,0,1,0,0,0.1637214,False
93614,37.212191,-119.749323,68,76.9,5023.0,1,0,0,0,1,0,1,0,0,0,1,0,1,0,1,0,0,0,0,0,1,1,0,1,1,0,0,0.28007308,False
93615,36.497895,-119.285484,8,19.85,146.6,0,0,1,0,1,0,0,0,1,1,0,1,0,1,0,1,0,1,0,1,0,0,1,1,0,0,1,0.17367876,False
93616,36.657462,-119.595293,34,67.65,2339.3,0,0,0,0,1,0,0,0,0,0,1,0,0,0,1,0,1,0,1,0,0,0,1,0,1,0,0,0.18469523,False
93618,36.523619,-119.386868,6,45.0,298.7,0,0,0,0,0,1,0,0,0,0,0,0,0,0,0,0,0,0,1,0,1,0,0,0,1,0,0,0.5714557,False
93620,37.045728,-120.630682,2,64.2,143.65,1,0,1,0,1,0,0,0,0,0,0,0,1,0,0,0,1,0,0,0,1,0,0,1,0,0,1,0.5157194,False
93621,36.789213,-119.140338,31,81.7,2548.65,1,0,0,0,1,0,1,1,0,0,0,0,0,0,0,0,1,0,0,0,0,1,0,0,1,0,0,0.39494258,False
93622,36.785618,-120.625382,20,25.55,507.4,0,0,1,1,1,0,1,0,1,1,0,1,0,1,0,1,0,1,0,1,0,0,0,1,0,0,0,0.21761152,False
93623,37.483535,-119.679414,1,20.0,20.0,0,0,1,1,1,0,0,0,1,1,0,1,0,1,0,1,0,1,0,1,0,0,0,0,0,1,0,0.5710903,False
93625,36.625792,-119.672483,70,75.65,5411.4,0,1,1,0,1,0,1,1,0,0,0,0,0,0,0,0,0,0,0,0,0,0,1,1,1,0,0,0.26542246,False
93627,36.520537,-120.118055,39,23.8,903.8,1,0,1,0,1,0,1,0,1,1,0,1,0,1,0,1,0,1,0,1,0,0,1,1,0,0,1,0.15556149,False
93628,36.807595,-118.901544,46,64.2,3009.5,0,0,1,0,1,0,0,0,0,0,0,0,1,0,0,0,1,0,1,0,0,0,1,1,1,0,0,0.19116996,False
93631,36.478239,-119.52137,72,76.8,5468.45,0,0,1,0,1,0,1,0,0,0,0,0,0,0,1,0,0,0,1,0,1,0,1,1,0,0,0,0.17685488,False
93634,37.290606,-119.216328,18,55.2,1058.1,1,0,0,0,1,0,0,0,0,0,0,0,0,0,1,0,1,0,0,0,0,0,0,0,1,0,0,0.47350788,False
93635,36.995162,-120.955099,71,108.55,7616.0,1,0,1,0,1,0,1,1,0,0,1,0,0,0,1,0,1,0,1,0,1,0,1,1,1,0,0,0.3510711,False
93643,37.244307,-119.470256,42,25.25,1108.2,0,0,1,0,1,0,1,0,1,1,0,1,0,1,0,1,0,1,0,1,0,0,1,0,0,1,0,0.19100982,False
93644,37.648647,-119.231447,34,30.4,938.65,1,0,1,0,0,1,0,0,0,0,1,0,0,0,0,0,0,0,0,0,0,1,0,0,0,0,0,0.35861108,False
93645,37.140104,-119.657092,5,20.05,94.15,1,1,0,0,1,0,0,0,1,1,0,1,0,1,0,1,0,1,0,1,0,0,0,0,0,0,0,0.30406633,False
93646,36.633498,-119.298895,25,84.6,2088.05,0,0,0,0,1,0,1,1,0,0,0,0,0,0,0,0,0,0,1,0,0,0,0,1,0,0,1,0.7107454,True
93648,36.622237,-119.521126,55,103.7,5656.75,0,0,1,1,1,0,0,1,0,0,0,0,1,0,1,0,1,0,1,0,1,1,0,1,0,0,0,0.3370273,False
93651,37.007238,-119.505661,70,88.0,5986.45,1,0,1,0,1,0,1,1,0,0,1,0,1,0,0,0,1,0,0,0,0,0,1,1,1,0,0,0.1989723,False
93652,36.594542,-119.905245,61,106.35,6751.35,0,0,1,0,1,0,1,1,0,0,0,0,0,0,1,0,1,0,1,0,1,0,0,1,0,1,0,0.6298466,False
93653,37.252057,-119.95783,43,79.15,3566.6,1,0,1,0,1,0,0,0,0,0,1,0,0,0,1,0,1,0,1,0,1,0,1,1,1,0,0,0.16703981,False
93654,36.636638,-119.421842,47,103.1,4889.3,1,0,0,0,1,0,1,1,0,0,0,0,1,0,1,0,0,0,1,0,1,1,0,1,0,1,0,0.67129123,False
93656,36.452211,-119.94575,5,63.95,318.1,1,0,0,0,1,0,0,0,0,0,0,0,0,0,1,0,1,0,1,0,0,0,0,1,1,0,0,0.46584103,False
93657,36.819628,-119.440414,62,25.8,1563.95,0,0,0,0,1,0,1,0,1,1,0,1,0,1,0,1,0,1,0,1,0,0,1,1,1,0,0,0.15146886,False
93664,37.223,-119.001021,14,25.55,372.45,0,0,1,1,1,0,1,0,1,1,0,1,0,1,0,1,0,1,0,1,0,0,0,0,0,0,1,0.25451,False
93666,36.545353,-119.338535,34,44.85,1442.6,1,0,1,1,0,1,0,0,0,0,0,0,0,0,1,0,1,0,1,0,0,0,0,1,0,1,0,0.2960919,False
93668,36.635661,-120.288644,38,25.05,963.95,1,0,1,1,1,0,1,0,1,1,0,1,0,1,0,1,0,1,0,1,0,0,1,0,1,0,0,0.1309193,False
93669,37.287758,-119.548156,70,74.1,5222.3,0,0,1,0,1,0,0,0,0,0,1,0,1,0,1,0,1,0,0,0,1,1,0,0,1,0,0,0.23526318,False
93673,36.456091,-119.486225,37,88.8,3340.55,0,0,1,1,1,0,1,1,0,0,0,0,1,0,0,0,0,0,1,0,0,0,0,1,0,1,0,0.42457068,False
93701,36.749403,-119.787574,60,93.25,5774.55,1,1,1,1,1,0,1,1,0,0,1,0,1,0,0,0,0,0,0,0,1,0,0,1,0,1,0,0.26469544,False
93702,36.739385,-119.753649,62,71.4,4487.3,1,0,1,0,1,0,0,0,0,0,1,0,0,0,1,0,1,0,0,0,1,1,0,0,1,0,0,0.23427458,False
93704,36.799648,-119.801247,36,79.2,2854.95,1,0,0,0,1,0,0,0,0,0,1,0,0,0,1,0,1,0,1,0,1,0,0,1,1,0,0,0.3413556,False
93705,36.78724,-119.827813,44,20.4,905.55,1,0,0,0,1,0,0,0,1,1,0,1,0,1,0,1,0,1,0,1,0,0,1,0,1,0,0,0.1522232,False
93710,36.822715,-119.761826,72,105.0,7589.8,0,0,1,0,1,0,1,1,0,0,1,0,0,0,1,0,0,0,1,0,1,0,1,1,1,0,0,0.32111967,False
93720,36.878709,-119.7645,13,30.85,394.1,0,0,0,0,0,1,0,0,0,0,1,0,0,0,0,0,0,0,0,0,0,0,0,1,0,0,0,0.50327486,False
93722,36.78979,-119.929894,15,20.55,295.95,0,0,1,0,1,0,0,0,1,1,0,1,0,1,0,1,0,1,0,1,0,1,0,0,0,0,1,0.19669159,False
93725,36.623632,-119.741322,65,84.85,5459.2,0,0,0,0,1,0,0,0,0,0,1,0,1,0,1,0,1,0,1,0,1,0,1,1,0,0,0,0.1611114,False
93726,36.793601,-119.761131,12,33.15,444.75,0,0,1,0,0,1,0,0,0,0,1,0,0,0,0,0,1,0,0,0,0,1,0,0,1,0,0,0.30920354,False
93727,36.751489,-119.68072,72,92.0,6782.15,1,0,1,0,1,0,1,0,0,0,1,0,1,0,1,0,1,0,1,0,1,0,1,1,1,0,0,0.14450765,False
93728,36.757345,-119.818274,72,89.8,6510.45,0,0,1,0,1,0,1,0,0,0,1,0,1,0,1,0,1,0,1,0,1,0,1,0,1,0,0,0.14450765,False
93901,36.64152,-121.622188,72,115.8,8476.5,0,0,1,1,1,0,1,1,0,0,1,0,1,0,1,0,1,0,1,0,1,0,1,1,0,0,0,0.15654436,False
93905,36.667794,-121.601306,52,85.15,4461.85,1,0,0,0,1,0,1,0,0,0,1,0,1,0,0,0,1,0,1,0,1,0,1,1,0,0,1,0.17370388,False
93906,36.722898,-121.633648,2,24.85,62.0,1,0,0,0,1,0,1,0,1,1,0,1,0,1,0,1,0,1,0,1,0,0,0,0,0,0,1,0.37850797,False
93907,36.77462,-121.664714,5,64.35,352.65,0,0,0,0,1,0,0,0,0,0,1,0,0,0,0,0,1,0,1,0,0,0,0,1,0,1,0,0.5309792,False
93908,36.624338,-121.615669,68,20.5,1424.9,0,0,0,0,1,0,0,0,1,1,0,1,0,1,0,1,0,1,0,1,0,0,1,0,1,0,0,0.15146886,False
93921,36.554618,-121.922239,72,86.05,6309.65,1,0,0,0,1,0,1,0,0,0,1,0,1,0,0,0,1,0,1,0,1,0,1,0,1,0,0,0.15101504,False
93924,36.414611,-121.6386,66,89.0,5898.6,0,0,1,0,1,0,1,1,0,0,1,0,1,0,0,0,1,0,0,0,0,1,0,0,0,1,0,0.29757825,False
93925,36.596271,-121.442274,72,64.8,4719.75,1,0,1,0,0,1,0,0,0,0,1,0,1,0,1,0,1,0,1,0,1,0,1,1,1,0,0,0.15349141,False
93926,36.52588,-121.396719,26,19.8,457.3,1,0,0,0,1,0,0,0,1,1,0,1,0,1,0,1,0,1,0,1,0,1,0,0,1,0,0,0.17709412,False
93927,36.248708,-121.386617,64,93.4,5822.3,1,0,1,1,1,0,1,1,0,0,1,0,0,0,1,0,0,0,0,0,1,0,1,0,0,0,0,0.16610244,False
93940,36.362741,-121.869685,62,39.0,2337.45,1,0,1,0,0,1,0,0,0,0,0,0,0,0,0,0,1,0,1,0,0,0,1,1,0,0,0,0.21536823,False
93950,36.618337,-121.926417,5,20.5,104.3,0,0,0,0,1,0,0,0,1,1,0,1,0,1,0,1,0,1,0,1,0,0,0,1,0,0,1,0.30871785,False
93954,36.125529,-120.864443,3,26.4,121.25,1,0,0,1,1,0,1,0,1,1,0,1,0,1,0,1,0,1,0,1,0,0,1,1,0,0,1,0.18359372,False
93955,36.625114,-121.823565,72,98.2,7015.9,0,0,1,0,1,0,1,1,0,0,1,0,0,0,1,0,1,0,1,0,0,0,1,1,0,0,0,0.21798752,False
93960,36.414216,-121.360597,57,97.55,5598.0,1,0,1,1,1,0,0,1,0,0,0,0,1,0,1,0,0,0,1,0,1,1,0,1,1,0,0,0.28213185,False
93962,36.624641,-121.647195,66,19.95,1269.1,1,0,0,1,1,0,0,0,1,1,0,1,0,1,0,1,0,1,0,1,0,0,1,0,1,0,0,0.12977697,False
94005,37.684694,-122.40712,45,99.7,4634.35,1,0,0,1,1,0,1,1,0,0,0,0,0,0,1,0,0,0,1,0,1,0,1,0,0,0,0,0.28230107,False
94010,37.57028,-122.365778,3,34.8,113.95,0,0,0,0,0,1,0,0,0,0,0,0,0,0,0,0,0,0,1,0,0,0,0,1,1,0,0,0.69741195,False
94015,37.680844,-122.48131,51,60.15,3077.0,0,0,0,0,0,1,0,0,0,0,1,0,0,0,1,0,1,0,1,0,1,1,0,0,0,0,0,0.32383,False
94019,37.45567,-122.407992,60,64.75,4039.5,0,0,0,0,1,0,1,0,0,0,1,0,0,0,1,0,1,0,0,0,0,1,0,0,0,1,0,0.22909598,False
94020,37.285677,-122.224165,33,54.65,1665.2,1,0,0,0,1,0,1,0,0,0,0,0,1,0,0,0,0,0,0,0,0,0,0,1,0,0,0,0.41280124,False
94022,37.349546,-122.134356,26,19.3,504.2,1,1,0,0,1,0,0,0,1,1,0,1,0,1,0,1,0,1,0,1,0,1,0,0,1,0,0,0.18270098,False
94025,37.449551,-122.183762,67,111.25,7511.65,0,0,1,0,1,0,1,1,0,0,1,0,0,0,1,0,1,0,1,0,1,1,0,1,0,1,0,0.4832672,False
94027,37.454924,-122.203168,49,35.8,1782.0,0,0,1,0,0,1,0,0,0,0,1,0,0,0,0,0,1,0,0,0,0,1,0,1,1,0,0,0.24148713,False
94028,37.369709,-122.215844,1,20.05,20.05,1,0,0,0,1,0,0,0,1,1,0,1,0,1,0,1,0,1,0,1,0,0,0,1,0,0,1,0.5639864,False
94030,37.601248,-122.403099,7,84.35,609.65,0,1,0,0,1,0,0,1,0,0,0,0,0,0,1,0,0,0,1,0,0,0,0,1,0,1,0,0.8162651,True
94037,37.540582,-122.509594,27,110.5,2857.6,0,1,0,0,1,0,1,1,0,0,1,0,1,0,1,0,0,0,1,0,1,1,0,1,0,0,0,0.49194393,False
94038,37.515556,-122.502311,37,91.2,3247.55,1,0,1,1,1,0,0,1,0,0,0,0,0,0,0,0,0,0,1,0,1,1,0,0,1,0,0,0.27163857,False
94041,37.388349,-122.075299,31,89.3,2823.0,1,0,1,1,1,0,1,1,0,0,1,0,0,0,1,0,1,0,0,0,0,0,0,0,0,1,0,0.37304506,False
94044,37.573633,-122.455167,32,81.1,2619.25,1,1,0,0,1,0,1,1,0,0,0,0,0,0,1,0,0,0,0,0,0,0,0,1,1,0,0,0.65772444,False
94061,37.461251,-122.235414,63,81.2,4965.1,0,0,1,0,1,0,1,1,0,0,0,0,0,0,0,0,1,0,0,0,0,1,0,1,1,0,0,0.3102272,False
94062,37.410567,-122.297152,30,94.3,2679.7,1,0,0,0,1,0,1,1,0,0,1,0,1,0,0,0,0,0,0,0,1,0,0,1,1,0,0,0.62619907,False
94063,37.499411,-122.196318,71,116.1,8310.55,1,0,1,0,1,0,1,1,0,0,1,0,1,0,1,0,1,0,1,0,1,0,1,1,0,0,0,0.18730567,False
94065,37.527497,-122.230941,53,105.55,5682.25,0,0,0,0,1,0,1,1,0,0,0,0,1,0,1,0,0,0,1,0,1,0,1,0,0,1,0,0.45983773,False
94070,37.497915,-122.267361,50,94.4,4914.9,1,0,1,0,1,0,1,1,0,0,1,0,1,0,0,0,0,0,0,0,1,0,0,1,1,0,0,0.54095036,False
94074,37.331762,-122.341444,2,19.5,27.55,0,0,0,0,1,0,0,0,1,1,0,1,0,1,0,1,0,1,0,1,0,0,0,0,0,0,1,0.38744676,False
94087,37.3511,-122.037311,56,105.6,6068.65,0,0,1,0,1,0,0,1,0,0,1,0,1,0,1,0,0,0,1,0,1,1,0,1,1,0,0,0.50033665,False
94089,37.421633,-122.009613,67,81.35,5398.6,1,0,1,0,1,0,0,0,0,0,1,0,1,0,1,0,0,0,1,0,1,0,1,0,1,0,0,0.1813301,False
94103,37.773147,-122.411287,4,56.4,234.85,1,0,0,0,1,0,0,0,0,0,0,0,0,0,0,0,0,0,1,0,0,0,0,1,0,1,0,0.6091142,False
94104,37.791222,-122.402241,19,65.35,1231.85,1,0,0,0,1,0,0,0,0,0,0,0,1,0,0,0,1,0,0,0,1,1,0,1,0,0,0,0.45562685,False
94105,37.789168,-122.395009,8,19.95,170.9,0,0,0,1,1,0,0,0,1,1,0,1,0,1,0,1,0,1,0,1,0,0,0,0,0,0,1,0.23770119,False
94107,37.768881,-122.395521,71,111.25,7984.15,0,0,0,0,1,0,1,1,0,0,0,0,1,0,1,0,1,0,1,0,1,0,1,1,0,1,0,0.2773232,False
94109,37.794487,-122.42227,15,89.0,1288.3,0,1,0,0,1,0,1,1,0,0,0,0,1,0,0,0,0,0,1,0,0,0,0,0,1,0,0,0.635289,False
94110,37.750021,-122.415201,72,106.1,7848.5,1,0,1,1,1,0,1,1,0,0,1,0,0,0,1,0,0,0,1,0,1,1,0,1,0,0,0,0.275322,False
94111,37.801776,-122.402293,12,20.05,267.0,1,0,0,0,1,0,0,0,1,1,0,1,0,1,0,1,0,1,0,1,0,1,0,0,1,0,0,0.20410052,False
94112,37.720498,-122.443119,72,25.2,1798.9,1,0,1,1,1,0,1,0,1,1,0,1,0,1,0,1,0,1,0,1,0,0,1,1,0,0,0,0.1309193,False
94115,37.786031,-122.437301,23,75.4,1643.55,0,1,0,0,1,0,0,1,0,0,1,0,0,0,0,0,0,0,0,0,0,0,0,1,0,0,0,0.62334424,False
94116,37.74441,-122.486764,72,65.55,4807.45,1,0,0,0,0,1,0,0,0,0,1,0,1,0,1,0,1,0,1,0,1,0,1,1,0,0,0,0.16032754,False
94117,37.770533,-122.445121,26,80.7,2193.0,0,0,0,0,1,0,1,1,0,0,0,0,0,0,1,0,0,0,0,0,0,0,0,1,0,1,0,0.7469208,True
94118,37.781304,-122.461522,21,104.55,2239.4,0,0,0,0,1,0,0,1,0,0,0,0,1,0,1,0,1,0,1,0,1,1,0,1,0,0,1,0.5543831,False
94121,37.776718,-122.495781,60,24.15,1505.9,1,0,1,0,1,0,1,0,1,1,0,1,0,1,0,1,0,1,0,1,0,1,0,0,0,0,0,0.18513921,False
94122,37.760412,-122.484966,12,20.45,255.35,1,0,0,0,1,0,0,0,1,1,0,1,0,1,0,1,0,1,0,1,0,0,0,0,0,0,1,0.27994195,False
94123,37.800254,-122.436975,16,75.4,1189.4,1,0,1,0,1,0,1,1,0,0,0,0,0,0,0,0,0,0,0,0,0,0,0,1,0,1,0,0.755477,True
94124,37.731505,-122.384532,63,79.7,4786.15,0,0,1,0,1,0,1,0,0,0,1,0,1,0,0,0,0,0,1,0,1,1,0,1,1,0,0,0.28296527,False
94127,37.736535,-122.45732,22,81.7,1820.9,0,1,0,0,1,0,0,1,0,0,1,0,1,0,0,0,0,0,0,0,0,0,0,0,0,1,0,0.555868,False
94129,37.797526,-122.464531,32,76.3,2404.15,0,0,1,1,1,0,0,0,0,0,1,0,1,0,1,0,1,0,0,0,1,0,0,0,0,0,0,0.24216335,False
94132,37.722302,-122.491129,68,103.75,7039.45,0,0,1,1,1,0,1,1,0,0,0,0,1,0,0,0,1,0,1,0,1,0,1,1,1,0,0,0.2306249,False
94133,37.802071,-122.411004,30,86.45,2538.05,0,0,1,1,1,0,0,1,0,0,0,0,0,0,1,0,0,0,0,0,1,1,0,0,0,1,0,0.28322786,False
94134,37.721052,-122.413573,16,75.1,1212.85,0,0,0,0,1,0,0,1,0,0,0,0,1,0,0,0,0,0,0,0,0,0,0,0,0,0,0,0.5954804,False
94301,37.444314,-122.149996,33,80.6,2651.1,1,0,0,0,1,0,0,1,0,0,0,0,1,0,0,0,1,0,0,0,0,0,1,0,0,0,0,0.268394,False
94303,37.45809,-122.115398,72,19.3,1304.8,1,0,1,0,1,0,0,0,1,1,0,1,0,1,0,1,0,1,0,1,0,0,1,0,1,0,0,0.14561512,False
94305,37.424342,-122.165641,12,33.6,435.45,0,0,0,0,0,1,0,0,0,0,1,0,0,0,0,0,1,0,0,0,0,1,0,1,0,0,1,0.32419086,False
94306,37.416159,-122.131337,4,83.25,308.05,0,1,1,0,1,0,1,1,0,0,0,0,0,0,0,0,0,0,1,0,0,0,0,1,0,1,0,0.8182407,True
94401,37.590421,-122.306467,0,80.85,1397.475,0,0,1,0,1,0,0,0,0,0,1,0,1,0,1,0,0,0,1,0,1,0,1,0,0,0,1,0.22517055,False
94403,37.538309,-122.305109,65,108.05,7118.9,0,0,1,0,1,0,1,1,0,0,0,0,1,0,1,0,1,0,1,0,1,1,0,1,1,0,0,0.42179966,False
94404,37.556094,-122.272437,15,19.9,320.45,0,0,0,0,1,0,0,0,1,1,0,1,0,1,0,1,0,1,0,1,0,0,0,0,0,0,1,0.27366564,False
94501,37.774633,-122.274434,24,21.05,531.55,0,0,0,0,1,0,0,0,1,1,0,1,0,1,0,1,0,1,0,1,0,1,0,0,0,0,0,0.17709412,False
94502,37.724817,-122.224363,13,30.15,382.2,0,0,0,1,0,1,0,0,0,0,0,0,1,0,0,0,0,0,0,0,0,0,0,0,0,1,0,0.39400548,False
94506,37.791481,-121.903253,24,79.85,2001.0,1,0,0,0,1,0,0,1,0,0,0,0,0,0,0,0,0,0,0,0,1,0,0,1,1,0,0,0.64704823,False
94507,37.855717,-121.994813,72,65.5,4919.7,0,0,1,0,0,1,0,0,0,0,1,0,1,0,1,0,1,0,1,0,1,0,1,0,0,0,0,0.15349141,False
94508,38.542448,-122.419923,54,104.1,5645.8,0,0,1,1,1,0,1,1,0,0,1,0,1,0,0,0,0,0,1,0,1,0,0,1,0,0,0,0.37540454,False
94510,38.113533,-122.11926,4,20.5,77.6,1,0,1,1,1,0,0,0,1,1,0,1,0,1,0,1,0,1,0,1,0,0,0,1,0,0,1,0.27582896,False
94511,38.050558,-121.646924,32,91.35,2896.55,0,1,1,1,1,0,1,1,0,0,0,0,0,0,1,0,0,0,1,0,0,0,0,1,0,0,1,0.4057539,False
94513,37.908242,-121.682472,35,20.5,759.35,1,0,1,1,1,0,0,0,1,1,0,1,0,1,0,1,0,1,0,1,0,0,1,0,0,0,0,0.1309193,False
94515,38.629618,-122.593216,8,75.6,535.55,0,0,0,0,1,0,0,1,0,0,0,0,1,0,0,0,0,0,0,0,0,0,0,0,0,1,0,0.7565191,True
94517,37.881842,-121.848111,22,55.1,1253.15,1,0,0,0,1,0,0,0,0,0,1,0,0,0,0,0,1,0,0,0,0,0,0,0,0,0,1,0.40882683,False
94518,37.950248,-122.022455,15,58.95,955.15,0,0,0,0,1,0,0,0,0,0,1,0,0,0,1,0,1,0,0,0,0,0,0,0,0,1,0,0.480829,False
94519,37.990118,-122.012188,22,95.1,2162.6,1,0,0,0,1,0,1,1,0,0,0,0,0,0,0,0,0,0,1,0,1,0,0,1,0,1,0,0.77345806,True
94521,37.971421,-121.971504,71,25.45,1813.35,0,0,1,1,1,0,1,0,1,1,0,1,0,1,0,1,0,1,0,1,0,0,1,0,0,0,0,0.1309193,False
94523,37.95338,-122.076886,4,56.75,245.15,1,0,0,0,1,0,0,0,0,0,1,0,0,0,1,0,0,0,0,0,0,0,0,0,0,1,0,0.5321314,False
94525,38.049292,-122.228415,25,81.75,2028.8,1,0,0,0,1,0,1,0,0,0,1,0,1,0,1,0,1,0,0,0,1,0,0,0,0,0,0,0.31569117,False
94526,37.815459,-121.977203,32,86.1,2723.75,0,0,1,1,1,0,0,1,0,0,0,0,1,0,0,0,0,0,1,0,0,0,0,1,0,1,0,0.43437597,False
94530,37.924838,-122.289145,7,29.8,220.45,1,1,1,0,0,1,0,0,0,0,1,0,0,0,0,0,0,0,0,0,0,0,0,0,0,0,0,0.51567245,False
94533,38.287136,-122.02711,17,20.5,365.8,1,0,0,0,1,0,0,0,1,1,0,1,0,1,0,1,0,1,0,1,0,1,0,1,0,0,1,0.19033037,False
94535,38.265899,-121.939461,8,60.9,551.95,1,1,1,0,1,0,0,0,0,0,1,0,0,0,0,0,0,0,1,0,0,0,0,0,0,0,0,0.4462816,False
94536,37.572273,-121.964583,56,73.25,4054.2,0,1,0,0,1,0,1,0,0,0,1,0,0,0,1,0,1,0,0,0,1,0,1,0,0,0,0,0.16139698,False
94542,37.656695,-122.048361,3,20.85,60.65,1,0,0,1,1,0,0,0,1,1,0,1,0,1,0,1,0,1,0,1,0,0,0,0,0,0,1,0.33349088,False
94544,37.639215,-122.037554,71,77.35,5550.1,0,0,0,0,1,0,0,0,0,0,1,0,1,0,1,0,1,0,1,0,0,0,1,0,1,0,0,0.15101504,False
94547,37.991259,-122.214945,49,93.85,4733.1,1,0,1,0,1,0,1,1,0,0,1,0,1,0,0,0,0,0,1,0,0,0,0,1,0,0,0,0.58852893,False
94549,37.907777,-122.127161,58,70.1,4048.95,1,0,0,0,1,0,0,0,0,0,0,0,1,0,1,0,1,0,1,0,0,0,1,0,0,0,0,0.17843354,False
94552,37.722727,-122.02157,59,75.95,4542.35,0,0,1,0,1,0,0,0,0,0,0,0,1,0,0,0,1,0,1,0,1,0,1,1,1,0,0,0.1619557,False
94556,37.827946,-122.107185,11,75.25,888.65,0,0,0,0,1,0,1,1,0,0,0,0,0,0,0,0,0,0,0,0,0,0,0,0,0,1,0,0.7587627,True
94559,38.232389,-122.324944,35,54.95,1916.0,0,0,1,0,1,0,0,0,0,0,1,0,0,0,0,0,1,0,0,0,0,1,0,1,0,0,0,0.22222471,False
94560,37.504133,-122.032347,20,19.5,413.0,0,0,0,0,1,0,0,0,1,1,0,1,0,1,0,1,0,1,0,1,0,0,0,1,0,0,0,0.2564472,False
94561,37.999406,-121.686241,40,19.6,808.95,1,0,1,1,1,0,0,0,1,1,0,1,0,1,0,1,0,1,0,1,0,0,1,0,0,0,1,0.13386415,False
94563,37.873916,-122.20522,39,47.85,1886.4,0,0,0,0,1,0,0,0,0,0,1,0,0,0,0,0,0,0,0,0,0,1,0,1,0,1,0,0.26962897,False
94565,38.006047,-121.916834,72,23.75,1679.25,0,0,1,1,1,0,1,0,1,1,0,1,0,1,0,1,0,1,0,1,0,0,1,0,0,0,0,0.1309193,False
94567,38.672708,-122.403219,12,43.8,540.95,0,0,0,0,1,0,0,0,0,0,0,0,0,0,0,0,0,0,0,0,0,0,0,0,0,0,0,0.54322916,False
94568,37.713926,-121.928425,1,19.75,19.75,1,0,0,0,1,0,0,0,1,1,0,1,0,1,0,1,0,1,0,1,0,0,0,0,0,0,0,0.5250532,False
94569,38.035707,-122.196821,27,19.15,537.35,1,0,0,1,1,0,0,0,1,1,0,1,0,1,0,1,0,1,0,1,0,0,0,0,0,0,1,0.22630206,False
94571,38.148862,-121.737696,34,19.6,678.8,1,0,1,0,1,0,0,0,1,1,0,1,0,1,0,1,0,1,0,1,0,1,0,0,1,0,0,0.17709412,False
94572,38.027218,-122.23463,56,80.3,4513.65,0,0,1,0,1,0,0,1,0,0,1,0,0,0,1,0,0,0,0,0,0,0,1,0,0,0,0,0.26913795,False
94574,38.581354,-122.296283,58,24.35,1423.85,0,0,0,0,1,0,1,0,1,1,0,1,0,1,0,1,0,1,0,1,0,0,1,0,1,0,0,0.15146886,False
94576,38.554383,-122.474773,22,25.25,555.4,0,0,1,1,1,0,1,0,1,1,0,1,0,1,0,1,0,1,0,1,0,0,1,0,1,0,0,0.14589922,False
94577,37.717196,-122.159338,10,26.1,225.55,0,0,1,1,1,0,1,0,1,1,0,1,0,1,0,1,0,1,0,1,0,0,1,0,1,0,0,0.16165152,False
94578,37.704384,-122.126703,13,20.0,268.45,1,0,0,0,1,0,0,0,1,1,0,1,0,1,0,1,0,1,0,1,0,0,1,0,1,0,0,0.17419444,False
94585,38.197907,-122.017258,72,20.7,1492.1,1,0,1,0,1,0,0,0,1,1,0,1,0,1,0,1,0,1,0,1,0,0,1,0,0,0,0,0.14561512,False
94586,37.587494,-121.862856,2,70.3,132.4,1,0,0,0,1,0,0,0,0,0,0,0,0,0,0,0,1,0,1,0,1,0,0,0,0,1,0,0.6041353,False
94589,38.161321,-122.271588,4,69.55,284.9,1,0,1,1,1,0,0,1,0,0,0,0,0,0,0,0,0,0,0,0,0,0,0,1,0,0,1,0.54386884,False
94590,38.104705,-122.247387,37,19.85,784.25,0,0,0,0,1,0,0,0,1,1,0,1,0,1,0,1,0,1,0,1,0,0,1,0,0,0,1,0.15556149,False
94591,38.105733,-122.186338,21,20.0,417.7,1,0,0,0,1,0,0,0,1,1,0,1,0,1,0,1,0,1,0,1,0,0,0,0,0,0,1,0.2631528,False
94592,38.093701,-122.276589,53,95.85,5016.25,0,1,1,0,1,0,1,1,0,0,0,0,0,0,0,0,0,0,1,0,1,1,0,1,1,0,0,0.55213207,False
94599,38.421458,-122.365048,23,20.75,485.2,1,1,1,0,1,0,0,0,1,1,0,1,0,1,0,1,0,1,0,1,0,1,0,1,0,1,0,0.19832504,False
94601,37.776523,-122.219268,3,50.15,160.85,1,0,0,0,1,0,0,0,0,0,1,0,0,0,0,0,0,0,0,0,0,0,0,1,0,0,1,0.6041888,False
94602,37.803883,-122.208417,71,58.65,4145.25,0,0,1,0,0,1,0,0,0,0,1,0,1,0,0,0,1,0,1,0,1,0,1,0,0,0,1,0.15349141,False
94603,37.739113,-122.175602,9,95.9,827.45,1,0,0,0,1,0,0,1,0,0,0,0,0,0,0,0,1,0,1,0,1,0,0,1,0,0,0,0.7568534,True
94605,37.758019,-122.138678,1,49.5,49.5,0,0,0,0,1,0,0,0,0,0,0,0,1,0,0,0,0,0,0,0,0,0,0,0,0,1,0,0.6686311,False
94608,37.83726,-122.287648,71,80.1,5585.4,1,0,1,0,1,0,1,0,0,0,1,0,1,0,1,0,1,0,0,0,1,0,1,1,0,0,1,0.14450765,False
94609,37.834341,-122.26437,64,24.4,1601.2,0,0,0,0,1,0,1,0,1,1,0,1,0,1,0,1,0,1,0,1,0,1,0,1,0,0,0,0.18513921,False
94610,37.808731,-122.238708,4,40.05,162.45,1,0,0,0,0,1,0,0,0,0,0,0,0,0,0,0,1,0,0,0,1,0,0,1,0,1,0,0.67350775,False
94611,37.828416,-122.216005,23,19.5,470.2,0,0,0,0,1,0,0,0,1,1,0,1,0,1,0,1,0,1,0,1,0,0,0,1,0,0,1,0.26521227,False
94612,37.809014,-122.269739,39,51.05,2066.0,0,0,1,1,1,0,0,0,0,0,1,0,0,0,0,0,0,0,0,0,0,0,0,0,1,0,0,0.2576542,False
94618,37.84551,-122.235181,28,54.35,1426.45,1,0,1,0,1,0,0,0,0,0,1,0,0,0,0,0,1,0,0,0,0,1,0,0,0,0,1,0.21439752,False
94619,37.787186,-122.14633,5,84.7,392.5,0,1,0,0,1,0,0,1,0,0,0,0,1,0,0,0,0,0,1,0,0,0,0,1,0,1,0,0.8094615,True
94621,37.750553,-122.197175,45,86.1,3861.45,0,1,1,0,1,0,0,1,0,0,0,0,0,0,1,0,0,0,0,0,1,0,0,1,0,1,0,0.6760202,False
94702,37.866009,-122.286228,37,70.35,2552.9,1,0,0,0,1,0,0,1,0,0,0,0,0,0,0,0,0,0,0,0,0,0,0,1,0,0,1,0.63721716,False
94703,37.863843,-122.275684,60,110.0,6668.35,0,1,1,0,1,0,0,1,0,0,1,0,1,0,1,0,1,0,1,0,1,0,1,1,0,0,0,0.28580788,False
94705,37.858898,-122.240512,47,94.9,4615.25,0,0,0,0,1,0,1,1,0,0,1,0,0,0,1,0,0,0,1,0,0,1,0,0,1,0,0,0.44858184,False
94708,37.897743,-122.263124,50,69.75,3557.7,0,0,1,1,1,0,0,1,0,0,0,0,0,0,0,0,0,0,0,0,0,0,0,1,0,0,0,0.3702078,False
94709,37.878554,-122.26609,27,71.6,1957.1,1,0,1,1,1,0,1,0,0,0,0,0,0,0,0,0,1,0,1,0,1,0,0,0,0,0,0,0.21745563,False
94801,37.945288,-122.383941,62,23.65,1416.75,0,0,1,0,1,0,1,0,1,1,0,1,0,1,0,1,0,1,0,1,0,0,1,0,0,0,0,0.15146886,False
94803,37.963995,-122.288296,71,81.85,5924.4,0,0,1,0,1,0,0,0,0,0,1,0,0,0,1,0,1,0,1,0,1,0,1,0,0,0,0,0.14450765,False
94804,37.921034,-122.341798,66,25.1,1697.7,1,0,0,0,1,0,1,0,1,1,0,1,0,1,0,1,0,1,0,1,0,0,1,0,0,0,1,0.15479362,False
94805,37.941456,-122.320968,68,114.7,7849.85,1,0,1,1,1,0,1,1,0,0,1,0,1,0,1,0,1,0,1,0,1,0,1,1,0,0,0,0.17621505,False
94806,37.980269,-122.342635,13,49.15,649.4,0,0,0,0,0,1,0,0,0,0,0,0,0,0,1,0,0,0,1,0,1,0,0,0,0,1,0,0.62390107,False
94901,37.972662,-122.491452,56,80.9,4557.5,1,0,1,0,1,0,0,1,0,0,0,0,0,0,0,0,0,0,0,0,1,1,0,1,0,1,0,0.43448135,False
94920,37.885629,-122.46858,16,19.3,360.35,0,0,0,0,1,0,0,0,1,1,0,1,0,1,0,1,0,1,0,1,0,1,0,1,0,0,0,0.18641068,False
94922,38.343282,-122.9755,14,70.2,1046.5,0,0,1,1,1,0,0,1,0,0,0,0,0,0,0,0,0,0,0,0,0,0,0,0,0,1,0,0.4897812,False
94924,37.943087,-122.72379,8,54.25,447.75,0,0,0,0,1,0,0,0,0,0,1,0,0,0,0,0,1,0,0,0,0,1,0,0,0,0,0,0.3024098,False
94925,37.924014,-122.511694,43,99.3,4209.95,0,0,1,1,1,0,1,1,0,0,0,0,0,0,1,0,0,0,1,0,1,0,0,1,0,0,0,0.433726,False
94928,38.34719,-122.697822,52,74.0,3877.65,0,0,0,0,1,0,1,0,0,0,1,0,0,0,1,0,1,0,1,0,0,1,0,0,1,0,0,0.25452983,False
94929,38.24458,-122.956268,3,50.25,152.3,1,0,0,0,1,0,0,0,0,0,0,0,0,0,0,0,1,0,0,0,0,0,0,1,0,0,1,0.6338898,False
94930,37.971751,-122.611873,29,19.8,572.2,1,0,0,0,1,0,0,0,1,1,0,1,0,1,0,1,0,1,0,1,0,1,0,1,0,0,1,0.18086147,False
94937,38.099323,-122.945723,16,35.5,552.7,0,0,1,1,0,1,0,0,0,0,0,0,0,0,0,0,0,0,0,0,1,0,0,1,1,0,0,0.36035812,False
94938,38.021772,-122.691744,40,80.75,3208.65,0,0,0,0,1,0,1,0,0,0,0,0,0,0,1,0,1,0,1,0,1,1,0,1,0,0,1,0.39843,False
94941,37.901371,-122.572024,36,19.55,620.75,0,0,0,0,1,0,0,0,1,1,0,1,0,1,0,1,0,1,0,1,0,1,0,0,0,0,1,0.18086147,False
94950,38.052209,-122.775567,26,20.05,505.9,1,0,1,0,1,0,0,0,1,1,0,1,0,1,0,1,0,1,0,1,0,1,0,1,0,0,0,0.17709412,False
94951,38.325599,-122.642352,72,112.4,8046.85,0,1,1,0,1,0,1,1,0,0,1,0,1,0,1,0,0,0,1,0,1,0,1,1,0,1,0,0.2580816,False
94952,38.237018,-122.77872,34,50.2,1815.3,0,0,1,0,1,0,0,0,0,0,0,0,0,0,0,0,1,0,0,0,0,0,0,0,0,0,0,0.36556882,False
94954,38.235021,-122.557332,10,62.25,612.95,1,0,0,0,1,0,0,0,0,0,1,0,0,0,0,0,1,0,1,0,0,0,0,0,0,0,0,0.41571176,False
94956,38.060264,-122.830646,14,55.7,795.15,0,0,0,0,1,0,0,0,0,0,1,0,0,0,0,0,1,0,0,0,0,1,0,0,0,0,1,0.3023487,False
94963,38.00474,-122.663717,47,19.65,973.1,1,0,1,0,1,0,0,0,1,1,0,1,0,1,0,1,0,1,0,1,0,0,1,0,0,0,1,0.15556149,False
94964,37.942551,-122.491642,24,89.25,2210.2,1,0,1,0,1,0,0,1,0,0,1,0,0,0,0,0,1,0,0,0,1,0,0,1,0,1,0,0.6354648,False
94970,37.921137,-122.657562,20,54.0,1055.9,1,1,0,0,1,0,0,0,0,0,1,0,0,0,0,0,1,0,0,0,0,1,0,0,0,0,1,0.31042528,False
94973,38.005839,-122.638155,22,56.75,1304.85,1,0,0,0,0,1,0,0,0,0,0,0,0,0,1,0,1,0,1,0,1,0,1,0,0,0,0,0.23313662,False
95003,37.013471,-121.877877,1,21.1,21.1,1,0,0,0,1,0,0,0,1,1,0,1,0,1,0,1,0,1,0,1,0,0,0,0,0,0,1,0.5471011,False
95004,36.878364,-121.629781,59,96.65,5580.8,0,0,1,1,1,0,1,1,0,0,0,0,1,0,0,0,1,0,0,0,1,0,0,1,0,0,0,0.2565555,False
95005,37.078873,-122.090386,58,24.5,1497.9,0,0,1,0,1,0,1,0,1,1,0,1,0,1,0,1,0,1,0,1,0,1,0,1,1,0,0,0.18513921,False
95007,37.106902,-122.100006,59,79.2,4590.35,0,1,0,0,1,0,1,1,0,0,0,0,1,0,0,0,0,0,0,0,0,0,1,1,1,0,0,0.29708627,False
95008,37.279689,-121.954567,3,69.55,200.2,0,0,1,1,1,0,0,1,0,0,0,0,0,0,0,0,0,0,0,0,0,0,0,1,0,1,0,0.57394964,False
95010,36.977025,-121.952864,32,20.05,614.45,1,0,0,0,1,0,0,0,1,1,0,1,0,1,0,1,0,1,0,1,0,0,1,1,0,0,0,0.1522232,False
95012,36.784481,-121.759054,46,98.85,4564.9,1,1,1,0,1,0,1,1,0,0,0,0,0,0,1,0,0,0,1,0,1,0,0,1,0,1,0,0.7571174,True
95014,37.306612,-122.080621,0,25.75,1397.475,1,0,1,1,1,0,1,0,1,1,0,1,0,1,0,1,0,1,0,1,0,0,1,0,0,0,1,0.18337764,False
95018,37.089111,-122.062213,52,19.6,1012.4,0,0,1,0,1,0,0,0,1,1,0,1,0,1,0,1,0,1,0,1,0,1,0,0,1,0,0,0.17709412,False
95023,36.875409,-121.279679,32,87.65,2766.4,1,0,0,0,1,0,1,1,0,0,1,0,0,0,0,0,1,0,0,0,0,0,0,0,0,0,0,0.51027304,False
95032,37.233034,-121.947427,16,74.75,1129.35,0,0,0,0,1,0,1,1,0,0,0,0,0,0,0,0,0,0,0,0,0,0,0,1,1,0,0,0.7068213,True
95033,37.160194,-121.945611,51,107.45,5680.9,0,0,0,0,1,0,1,1,0,0,1,0,1,0,1,0,0,0,1,0,1,1,0,0,0,0,0,0.45430976,False
95035,37.441931,-121.878502,29,75.35,2243.9,1,0,0,0,1,0,0,0,0,0,0,0,0,0,1,0,1,0,1,0,1,1,0,1,0,0,0,0.38301274,False
95037,37.161544,-121.649371,70,64.95,4523.25,1,0,1,0,1,0,0,0,0,0,1,0,1,0,1,0,1,0,0,0,0,0,1,0,1,0,0,0.14962319,False
95039,36.863303,-121.781632,71,100.45,7159.7,0,0,1,1,1,0,1,1,0,0,1,0,0,0,1,0,1,0,0,0,1,0,1,0,0,1,0,0.18328825,False
95041,37.051166,-122.056194,41,68.5,2839.95,1,0,1,0,1,0,1,0,0,0,0,0,1,0,1,0,0,0,1,0,0,1,0,0,0,0,0,0.31131226,False
95043,36.525703,-120.952122,1,80.55,80.55,1,0,0,0,1,0,0,1,0,0,0,0,0,0,0,0,0,0,1,0,0,0,0,1,0,1,0,0.8381102,True
95045,36.810568,-121.503022,7,81.25,580.1,0,0,1,0,1,0,0,0,0,0,1,0,0,0,1,0,1,0,1,0,1,0,0,0,0,0,0,0.4181569,False
95050,37.351214,-121.952417,67,89.55,6038.55,1,0,1,1,1,0,1,1,0,0,1,0,1,0,0,0,1,0,0,0,0,1,0,0,0,1,0,0.19541098,False
95051,37.348129,-121.98469,5,55.7,259.4,1,0,1,1,1,0,1,0,0,0,0,0,0,0,0,0,1,0,0,0,0,0,0,1,0,0,1,0.2949794,False
95054,37.393554,-121.965114,15,24.8,324.15,1,0,0,1,1,0,1,0,1,1,0,1,0,1,0,1,0,1,0,1,0,0,0,1,0,1,0,0.26176244,False
95060,36.993451,-122.098858,20,20.0,417.65,0,0,1,1,1,0,0,0,1,1,0,1,0,1,0,1,0,1,0,1,0,0,0,0,0,1,0,0.26095116,False
95064,37.007882,-122.065975,54,105.2,5637.85,1,0,1,1,1,0,1,1,0,0,0,0,1,0,0,0,1,0,1,0,1,1,0,1,0,1,0,0.3525332,False
95065,37.031404,-121.981865,42,19.55,839.4,1,0,0,0,1,0,0,0,1,1,0,1,0,1,0,1,0,1,0,1,0,1,0,1,0,0,1,0.18086147,False
95066,37.070177,-122.010077,9,79.75,769.1,0,0,1,0,1,0,0,1,0,0,0,0,0,0,0,0,0,0,0,0,1,0,0,1,0,1,0,0.8097723,True
95070,37.257772,-122.051824,63,97.45,6253.0,0,0,0,0,1,0,1,1,0,0,0,0,1,0,0,0,0,0,1,0,1,0,1,0,0,0,0,0.2913202,False
95073,37.023669,-121.946461,69,24.25,1641.8,0,0,1,0,1,0,1,0,1,1,0,1,0,1,0,1,0,1,0,1,0,0,1,0,0,0,0,0.15146886,False
95076,36.931654,-121.752383,69,24.6,1678.05,0,0,0,0,1,0,1,0,1,1,0,1,0,1,0,1,0,1,0,1,0,0,1,0,1,0,0,0.15146886,False
95110,37.34667,-121.910019,40,50.15,2058.5,1,0,1,0,1,0,0,0,0,0,0,0,1,0,0,0,0,0,0,0,0,0,0,1,0,0,1,0.4283047,False
95111,37.284265,-121.827673,60,39.6,2424.5,1,0,0,0,0,1,0,0,0,0,1,0,1,0,1,0,0,0,0,0,0,0,1,0,0,0,0,0.20914027,False
95113,37.333851,-121.891147,71,89.85,6293.45,0,1,0,0,1,0,1,0,0,0,1,0,1,0,1,0,1,0,1,0,1,0,1,0,0,0,1,0.15101504,False
95117,37.311088,-121.961786,32,98.85,3145.9,1,0,1,0,1,0,1,1,0,0,0,0,1,0,0,0,0,0,1,0,1,0,0,1,1,0,0,0.6996973,False
95118,37.255479,-121.889838,39,53.85,2200.7,1,0,0,0,1,0,1,0,0,0,0,0,0,0,0,0,1,0,0,0,0,0,1,1,1,0,0,0.19220616,False
95119,37.233226,-121.78809,38,24.25,914.4,0,0,0,0,1,0,1,0,1,1,0,1,0,1,0,1,0,1,0,1,0,1,0,1,0,1,0,0.20044105,False
95120,37.186141,-121.843554,52,89.45,4577.75,1,0,0,0,1,0,1,1,0,0,0,0,0,0,1,0,0,0,0,0,1,0,1,1,1,0,0,0.31193846,False
95121,37.304681,-121.809955,48,105.25,4997.5,0,0,1,1,1,0,1,1,0,0,1,0,1,0,0,0,0,0,1,0,1,0,0,1,1,0,0,0.38664192,False
95122,37.32886,-121.834567,70,59.5,4144.8,1,0,1,0,0,1,0,0,0,0,1,0,0,0,1,0,1,0,1,0,1,0,1,0,0,0,0,0.1637214,False
95123,37.238758,-121.828375,20,70.55,1493.55,1,0,0,0,1,0,0,1,0,0,0,0,0,0,0,0,0,0,0,0,0,0,0,0,1,0,0,0.5805308,False
95124,37.257063,-121.923037,50,82.5,4179.1,0,0,0,0,1,0,1,0,0,0,1,0,0,0,1,0,1,0,1,0,1,1,0,1,1,0,0,0.3102129,False
95126,37.327069,-121.916819,25,61.6,1611.0,1,0,1,0,1,0,0,0,0,0,1,0,1,0,1,0,0,0,0,0,0,1,0,1,0,0,0,0.29731596,False
95127,37.375156,-121.795867,12,49.05,593.05,1,0,0,0,1,0,0,0,0,0,0,0,1,0,0,0,0,0,0,0,0,0,0,1,0,0,0,0.53890765,False
95130,37.277592,-121.986477,23,66.25,1533.8,0,0,1,0,1,0,0,0,0,0,1,0,1,0,1,0,1,0,0,0,0,1,0,1,0,0,1,0.24953984,False
95131,37.387027,-121.897775,27,19.4,529.8,1,0,0,0,1,0,0,0,1,1,0,1,0,1,0,1,0,1,0,1,0,0,0,1,0,1,0,0.29615265,False
95132,37.424655,-121.74841,47,86.05,3865.6,1,1,0,0,1,0,1,1,0,0,0,0,0,0,0,0,0,0,1,0,0,0,0,1,1,0,0,0.6499766,False
95133,37.371862,-121.860349,26,19.15,515.75,1,0,1,1,1,0,0,0,1,1,0,1,0,1,0,1,0,1,0,1,0,0,1,1,1,0,0,0.1309193,False
95136,37.270938,-121.851046,2,19.25,48.35,1,0,0,1,1,0,0,0,1,1,0,1,0,1,0,1,0,1,0,1,0,0,0,0,0,0,1,0.3239097,False
95138,37.246064,-121.749494,26,81.95,2070.05,0,0,1,1,1,0,0,1,0,0,1,0,1,0,0,0,0,0,0,0,0,0,0,0,0,1,0,0.37480718,False
95139,37.218705,-121.762429,72,114.65,8333.95,0,1,1,0,1,0,1,1,0,0,1,0,1,0,1,0,1,0,1,0,1,0,1,1,0,0,0,0.18730567,False
95140,37.382909,-121.634151,63,20.0,1209.25,0,0,1,1,1,0,0,0,1,1,0,1,0,1,0,1,0,1,0,1,0,0,1,0,1,0,0,0.1309193,False
95148,37.339533,-121.777179,71,19.8,1396.25,1,0,1,1,1,0,0,0,1,1,0,1,0,1,0,1,0,1,0,1,0,0,1,0,0,0,1,0.13386415,False
95202,37.959706,-121.287669,11,65.15,723.35,1,0,1,1,1,0,1,0,0,0,1,0,0,0,0,0,0,0,1,0,0,0,0,1,0,0,0,0.34276935,False
95203,37.954089,-121.329761,14,19.65,228.65,1,1,1,0,1,0,0,0,1,1,0,1,0,1,0,1,0,1,0,1,0,1,0,0,0,0,1,0.1991827,False
95204,37.974498,-121.319568,13,88.95,1161.75,0,0,0,0,1,0,1,0,0,0,1,0,1,0,1,0,1,0,1,0,1,0,1,0,1,0,0,0.23452552,False
95205,37.965695,-121.260051,6,20.2,98.35,1,0,0,1,1,0,0,0,1,1,0,1,0,1,0,1,0,1,0,1,0,0,0,1,0,0,1,0.23920526,False
95206,37.902422,-121.440029,11,75.2,775.3,1,1,1,1,1,0,1,1,0,0,0,0,0,0,0,0,0,0,0,0,0,0,0,1,1,0,0,0.5167667,False
95207,38.002125,-121.324979,18,56.8,1074.65,1,0,1,0,1,0,1,0,0,0,0,0,1,0,0,0,0,0,0,0,0,0,0,0,1,0,0,0.4686381,False
95210,38.033219,-121.297433,32,75.5,2324.7,0,0,1,0,1,0,0,1,0,0,1,0,0,0,0,0,0,0,0,0,0,0,0,1,0,0,0,0.62304455,False
95212,38.049457,-121.21653,29,35.6,1072.6,1,0,0,0,0,1,0,0,0,0,1,0,0,0,0,0,1,0,0,0,0,1,0,0,0,0,1,0.270086,False
95215,37.946282,-121.139499,3,60.25,170.5,0,0,0,0,1,0,1,0,0,0,0,0,0,0,0,0,0,0,1,0,0,0,0,1,0,1,0,0.6595143,False
95222,38.071327,-120.632221,41,40.35,1677.85,0,0,0,0,0,1,0,0,0,0,0,0,1,0,0,0,0,0,0,0,1,0,0,1,0,1,0,0.5170745,False
95223,38.32153,-120.236358,1,18.85,18.85,0,0,0,0,1,0,0,0,1,1,0,1,0,1,0,1,0,1,0,1,0,0,0,0,0,1,0,0.563059,False
95224,38.208336,-120.339938,7,54.85,370.4,1,0,0,0,1,0,0,0,0,0,0,0,0,0,0,0,0,0,1,0,0,0,0,0,0,0,1,0.51323754,False
95225,38.183918,-120.898817,52,64.3,3410.6,0,0,1,0,1,0,0,0,0,0,1,0,0,0,1,0,0,0,1,0,0,1,0,1,0,0,1,0.22623873,False
95226,38.233879,-120.861666,45,24.65,1138.8,0,0,1,1,1,0,1,0,1,1,0,1,0,1,0,1,0,1,0,1,0,0,1,1,0,0,0,0.1309193,False
95227,38.227285,-121.02789,70,76.1,5264.25,1,0,1,0,1,0,1,0,0,0,0,0,1,0,1,0,1,0,1,0,0,0,1,0,1,0,0,0.1619557,False
95228,37.943954,-120.67108,53,18.7,1005.7,0,0,0,0,1,0,0,0,1,1,0,1,0,1,0,1,0,1,0,1,0,0,1,0,0,0,1,0.15556149,False
95230,37.956963,-120.863055,62,97.95,5936.55,0,1,1,0,1,0,1,1,0,0,0,0,1,0,1,0,0,0,1,0,0,1,0,1,1,0,0,0.40470514,False
95231,37.873283,-121.292034,60,94.1,5475.9,0,0,1,0,1,0,1,1,0,0,1,0,1,0,0,0,0,0,0,0,1,0,0,1,1,0,0,0.43244433,False
95233,38.184914,-120.364085,23,95.1,2326.05,0,1,1,0,1,0,0,1,0,0,1,0,0,0,0,0,0,0,1,0,1,0,0,1,0,1,0,0.72387064,True
95237,38.166791,-121.14207,67,72.35,4991.5,0,0,0,0,1,0,0,0,0,0,1,0,0,0,1,0,1,0,0,0,1,1,0,1,0,0,0,0.24361943,False
95242,38.128087,-121.4078,71,82.7,5831.2,0,1,1,0,1,0,1,0,0,0,1,0,1,0,1,0,1,0,0,0,1,0,1,1,0,0,0,0.14450765,False
95245,38.304194,-120.592431,25,19.9,510.8,1,0,0,0,1,0,0,0,1,1,0,1,0,1,0,1,0,1,0,1,0,1,0,0,1,0,0,0.1819803,False
95246,38.264262,-120.515133,5,53.8,283.95,0,0,0,0,1,0,1,0,0,0,1,0,0,0,0,0,0,0,0,0,0,0,0,1,0,1,0,0.62379736,False
95247,38.147852,-120.440124,26,51.55,1295.4,1,0,0,0,1,0,1,0,0,0,0,0,0,0,0,0,0,0,0,0,0,1,0,1,1,0,0,0.29341218,False
95249,38.196497,-120.61689,1,19.65,19.65,1,0,1,0,1,0,0,0,1,1,0,1,0,1,0,1,0,1,0,1,0,1,0,0,0,0,1,0.39800137,False
95250,38.244806,-120.417301,70,44.05,3011.65,1,1,0,0,0,1,0,0,0,0,0,0,1,0,1,0,0,0,1,0,0,1,0,1,1,0,0,0.4285216,False
95251,38.055562,-120.456298,72,114.0,8093.15,1,0,1,1,1,0,1,1,0,0,1,0,1,0,1,0,1,0,1,0,1,0,1,1,0,1,0,0.1807392,False
95254,38.192608,-120.957842,32,100.4,3217.65,0,1,1,1,1,0,1,1,0,0,0,0,1,0,0,0,0,0,1,0,1,0,0,1,0,1,0,0.47158024,False
95257,38.392686,-120.415951,14,54.25,773.2,0,0,0,0,1,0,1,0,0,0,0,0,1,0,0,0,0,0,0,0,0,1,0,1,0,0,1,0.3558464,False
95258,38.169605,-121.310964,13,80.0,1029.35,0,0,0,0,1,0,1,1,0,0,1,0,0,0,0,0,0,0,0,0,0,0,0,1,1,0,0,0.6764582,False
95303,37.4695,-120.672724,46,79.2,3593.8,0,0,0,0,1,0,1,0,0,0,1,0,0,0,1,0,0,0,1,0,1,0,1,0,0,0,1,0.18159598,False
95306,37.394411,-120.127262,43,94.3,3953.15,1,1,1,0,1,0,1,1,0,0,0,0,1,0,0,0,1,0,1,0,0,0,0,1,0,1,0,0.686299,False
95307,37.553469,-120.952825,39,49.8,1971.15,1,0,0,0,1,0,0,0,0,0,0,0,0,0,0,0,1,0,0,0,0,0,1,1,0,0,0,0.19981658,False
95311,37.722127,-120.110174,57,53.75,3196.0,1,0,0,0,0,1,0,0,0,0,1,0,0,0,1,0,0,0,1,0,1,0,0,1,0,1,0,0.4892771,False
95312,37.420273,-120.66527,53,93.45,4872.2,0,0,1,0,1,0,0,1,0,0,0,0,0,0,0,0,1,0,1,0,1,1,0,1,0,1,0,0.5092243,False
95313,37.435664,-121.049056,18,87.9,1500.5,1,0,1,1,1,0,0,1,0,0,1,0,0,0,1,0,0,0,1,0,0,0,0,1,0,0,1,0.40005577,False
95316,37.524721,-120.757977,58,61.05,3478.75,0,0,1,0,1,0,1,0,0,0,1,0,0,0,0,0,1,0,0,0,0,1,0,1,0,0,0,0.22216108,False
95317,37.127386,-120.506422,71,104.05,7413.55,0,1,0,0,1,0,1,1,0,0,0,0,0,0,1,0,0,0,1,0,1,0,1,0,0,0,0,0.3612711,False
95318,37.654551,-119.822984,35,99.25,3532.0,0,0,0,0,1,0,0,1,0,0,0,0,0,0,1,0,1,0,1,0,1,1,0,1,0,1,0,0.5216113,False
95320,37.818543,-121.006907,3,85.7,256.75,1,0,0,0,1,0,0,1,0,0,0,0,0,0,1,0,0,0,0,0,1,0,0,0,1,0,0,0.75691307,True
95321,37.902968,-119.667544,38,104.85,3887.25,1,0,0,0,1,0,1,1,0,0,1,0,1,0,0,0,0,0,1,0,1,1,0,1,0,1,0,0.5402322,False
95322,37.147198,-121.120161,35,69.15,2490.15,1,0,1,0,1,0,1,0,0,0,1,0,1,0,1,0,1,0,0,0,0,0,1,1,1,0,0,0.16779913,False
95324,37.394536,-120.890747,47,74.45,3510.3,0,0,0,0,1,0,0,0,0,0,0,0,0,0,1,0,1,0,1,0,1,0,1,0,0,0,1,0.1850624,False
95325,37.479926,-120.230424,14,50.45,765.45,0,0,0,0,1,0,0,0,0,0,0,0,1,0,0,0,0,0,0,0,0,0,0,0,0,1,0,0.52054584,False
95326,37.5923,-120.853288,20,60.0,1259.35,0,1,1,0,1,0,0,0,0,0,0,0,1,0,0,0,0,0,0,0,1,0,0,1,0,1,0,0.47875664,False
95327,37.84771,-120.486589,66,85.25,5538.35,1,0,1,0,1,0,1,0,0,0,1,0,1,0,0,0,1,0,1,0,1,0,1,0,0,1,0,0.20607565,False
95328,37.555631,-120.911653,15,19.45,340.85,1,0,1,0,1,0,0,0,1,1,0,1,0,1,0,1,0,1,0,1,0,0,0,1,1,0,0,0.27128306,False
95329,37.666587,-120.411517,42,20.75,844.45,0,0,0,0,1,0,0,0,1,1,0,1,0,1,0,1,0,1,0,1,0,0,1,1,0,0,0,0.1522232,False
95330,37.80821,-121.308401,17,78.9,1348.95,0,0,1,0,1,0,1,1,0,0,1,0,0,0,0,0,0,0,0,0,0,0,0,0,0,1,0,0.6140685,False
95333,37.249377,-120.249581,37,104.5,3778.0,1,0,0,0,1,0,1,1,0,0,0,0,1,0,0,0,1,0,1,0,1,1,0,1,1,0,0,0.576678,False
95334,37.361987,-120.748394,12,49.4,611.65,0,0,0,0,1,0,0,0,0,0,0,0,1,0,0,0,0,0,0,0,0,0,0,1,0,1,0,0.55077004,False
95336,37.830267,-121.201018,60,25.0,1505.05,0,0,0,0,1,0,1,0,1,1,0,1,0,1,0,1,0,1,0,1,0,0,1,0,0,0,1,0.15479362,False
95337,37.750822,-121.238423,18,25.55,467.85,1,0,1,1,0,1,0,0,0,0,0,0,0,0,0,0,0,0,0,0,0,0,0,0,1,0,0,0.31206,False
95340,37.255637,-120.493537,3,70.15,194.2,0,0,0,0,1,0,0,1,0,0,0,0,0,0,0,0,0,0,0,0,0,0,0,1,0,1,0,0.7959464,True
95345,37.581496,-119.972762,9,69.4,571.45,0,0,0,1,1,0,0,0,0,0,0,0,0,0,0,0,1,0,1,0,1,0,0,1,1,0,0,0.3084445,False
95348,37.40122,-120.514191,56,93.15,5253.95,1,0,1,0,1,0,1,1,0,0,1,0,1,0,1,0,0,0,0,0,0,1,0,1,0,1,0,0.3566658,False
95354,37.639029,-120.964772,7,69.55,521.35,1,0,0,0,1,0,0,1,0,0,0,0,0,0,0,0,0,0,0,0,0,0,0,1,0,1,0,0.79115033,True
95355,37.672906,-120.946594,69,20.2,1412.65,0,0,1,1,1,0,0,0,1,1,0,1,0,1,0,1,0,1,0,1,0,0,1,0,0,0,0,0.1309193,False
95358,37.612612,-121.108568,54,20.4,1090.6,1,0,1,1,1,0,0,0,1,1,0,1,0,1,0,1,0,1,0,1,0,0,1,0,1,0,0,0.1309193,False
95360,37.343846,-121.039391,62,23.75,1446.8,1,0,1,0,1,0,1,0,1,1,0,1,0,1,0,1,0,1,0,1,0,1,0,1,1,0,0,0.19019607,False
95363,37.410236,-121.320337,62,70.45,4300.45,0,0,1,1,1,0,1,0,0,0,0,0,0,0,0,0,0,0,1,0,1,0,0,1,1,0,0,0.23439613,False
95364,38.224869,-119.755729,17,65.75,1111.2,1,0,0,0,1,0,1,0,0,0,1,0,0,0,0,0,0,0,0,0,1,0,0,0,0,0,0,0.39546415,False
95365,37.329725,-120.306399,9,24.6,190.1,1,0,0,0,0,1,0,0,0,0,0,0,0,0,0,0,0,0,0,0,0,0,0,1,0,0,1,0.5723565,False
95366,37.750778,-121.13238,64,69.25,4447.75,1,0,1,0,1,0,0,0,0,0,1,0,0,0,1,0,1,0,1,0,0,0,1,0,0,0,1,0.15353146,False
95370,37.982716,-120.343732,72,24.65,1830.05,0,0,1,0,1,0,1,0,1,1,0,1,0,1,0,1,0,1,0,1,0,0,1,0,0,0,0,0.14561512,False
95372,37.990574,-120.261821,30,90.4,2820.65,1,0,0,0,1,0,1,1,0,0,1,0,1,0,1,0,0,0,0,0,0,1,0,0,0,0,0,0.39190775,False
95374,37.316807,-120.855753,49,100.85,4847.35,0,0,1,0,1,0,1,1,0,0,1,0,0,0,0,0,0,0,1,0,1,0,0,1,0,0,1,0.67402697,False
95376,37.680968,-121.446049,61,75.35,4729.3,1,0,1,0,1,0,1,0,0,0,1,0,0,0,1,0,1,0,0,0,1,0,1,0,1,0,0,0.1503247,False
95379,37.939768,-120.188002,47,87.2,4017.45,1,0,1,1,1,0,1,1,0,0,0,0,1,0,0,0,0,0,1,0,0,0,0,0,0,1,0,0.4451003,False
95380,37.474396,-120.875917,20,64.4,1398.6,1,0,0,0,1,0,0,0,0,0,1,0,0,0,1,0,0,0,0,0,1,0,0,0,1,0,0,0.33461854,False
95383,38.107441,-120.230625,70,24.7,1685.9,0,0,1,1,1,0,1,0,1,1,0,1,0,1,0,1,0,1,0,1,0,0,1,0,0,0,0,0.1309193,False
95385,37.609095,-121.263381,54,105.85,5826.65,1,0,0,1,1,0,0,1,0,0,1,0,1,0,0,0,1,0,1,0,1,1,0,1,0,1,0,0.2959177,False
95386,37.669516,-120.626964,61,98.3,6066.55,1,1,1,0,1,0,1,1,0,0,0,0,1,0,1,0,1,0,1,0,0,1,0,1,0,0,1,0.36117977,False
95388,37.421299,-120.599587,13,19.45,270.2,1,0,0,0,1,0,0,0,1,1,0,1,0,1,0,1,0,1,0,1,0,1,0,0,0,0,1,0.19669159,False
95401,38.460517,-122.790335,3,58.7,168.6,0,0,1,1,1,0,0,0,0,0,0,0,1,0,0,0,0,0,1,0,0,0,0,1,1,0,0,0.43080696,False
95403,38.488431,-122.752839,25,20.15,536.35,1,0,0,0,1,0,0,0,1,1,0,1,0,1,0,1,0,1,0,1,0,0,0,1,0,0,1,0.26521227,False
95404,38.526941,-122.709096,30,64.5,1888.45,1,0,0,0,1,0,1,0,0,0,1,0,0,0,0,0,0,0,0,0,1,0,0,1,0,0,1,0.35044727,False
95405,38.439696,-122.668817,21,28.5,629.35,0,0,1,0,0,1,0,0,0,0,1,0,0,0,0,0,0,0,0,0,0,0,0,0,0,1,0,0.5733122,False
95410,39.225694,-123.717354,23,90.45,2117.25,1,1,1,0,1,0,0,1,0,0,0,0,0,0,0,0,0,0,1,0,1,0,0,1,0,1,0,0.73077565,True
95412,38.731055,-123.316553,45,105.15,4730.9,0,0,1,1,1,0,1,1,0,0,1,0,1,0,0,0,0,0,1,0,1,0,0,1,0,1,0,0.39258993,False
95415,39.025867,-123.381544,24,83.15,2033.05,0,0,1,1,1,0,1,1,0,0,0,0,1,0,1,0,0,0,0,0,0,1,0,0,0,0,0,0.2686865,False
95421,38.578807,-123.19338,56,103.2,5744.35,0,0,1,0,1,0,1,1,0,0,0,0,0,0,1,0,1,0,1,0,1,0,1,0,0,0,0,0.2976375,False
95423,39.07116,-122.598542,1,19.45,19.45,1,0,0,0,1,0,0,0,1,1,0,1,0,1,0,1,0,1,0,1,0,0,0,0,0,1,0,0.5727004,False
95426,38.838088,-122.73203,55,88.8,4805.3,0,1,1,0,1,0,0,1,0,0,0,0,0,0,1,0,1,0,1,0,0,0,1,0,1,0,0,0.25383568,False
95428,39.83307,-123.178765,72,85.9,6110.75,0,0,1,0,1,0,1,0,0,0,1,0,0,0,1,0,1,0,1,0,1,0,1,1,1,0,0,0.14450765,False
95429,39.756049,-123.358701,45,34.2,1596.6,0,1,0,0,0,1,0,0,0,0,0,0,0,0,0,0,0,0,0,0,1,1,0,0,0,1,0,0.36641374,False
95430,38.445603,-123.063756,47,20.15,1046.2,0,0,0,0,1,0,0,0,1,1,0,1,0,1,0,1,0,1,0,1,0,0,1,0,0,0,1,0.15556149,False
95432,39.108252,-123.645121,2,50.3,92.75,1,0,0,0,1,0,0,0,0,0,0,0,1,0,0,0,0,0,0,0,0,0,0,1,0,0,1,0.7014397,True
95436,38.499302,-122.92444,2,80.15,194.55,0,0,1,0,1,0,0,1,0,0,1,0,0,0,0,0,1,0,0,0,0,0,0,1,0,1,0,0.6916257,False
95437,39.455555,-123.683979,12,51.25,612.1,0,0,1,0,1,0,0,0,0,0,0,0,1,0,0,0,0,0,0,0,0,0,0,1,0,1,0,0.56457126,False
95441,38.731771,-123.064272,69,95.2,6671.7,1,0,1,1,1,0,0,1,0,0,0,0,0,0,0,0,1,0,1,0,1,0,1,1,1,0,0,0.17795692,False
95442,38.368744,-122.522642,56,94.8,5264.3,1,1,0,1,1,0,0,1,0,0,1,0,0,0,0,0,0,0,1,0,1,1,0,0,1,0,0,0.27941558,False
95443,39.045246,-122.743181,4,80.25,303.7,0,1,0,0,1,0,1,1,0,0,1,0,0,0,0,0,0,0,0,0,0,0,0,1,0,1,0,0.6908896,False
95444,38.434362,-122.86891,64,76.1,4818.8,1,0,1,0,1,0,1,0,0,0,0,0,1,0,1,0,1,0,1,0,0,0,1,1,0,0,0,0.1619557,False
95446,38.52576,-123.013347,62,115.55,7159.05,1,0,1,1,1,0,1,1,0,0,1,0,1,0,1,0,1,0,1,0,1,0,1,0,0,0,0,0.1767934,False
95448,38.618347,-122.908422,63,24.65,1574.5,1,0,1,1,1,0,1,0,1,1,0,1,0,1,0,1,0,1,0,1,0,0,1,0,1,0,0,0.1309193,False
95449,38.93706,-123.118111,53,53.6,2879.2,0,0,0,0,0,1,0,0,0,0,1,0,1,0,1,0,1,0,1,0,0,1,0,1,0,1,0,0.3530174,False
95450,38.505995,-123.187019,5,19.45,86.05,1,0,1,1,1,0,0,0,1,1,0,1,0,1,0,1,0,1,0,1,0,0,0,0,0,0,1,0.2627424,False
95451,38.93496,-122.792243,49,88.2,4159.45,1,1,1,0,1,0,1,1,0,0,1,0,1,0,1,0,0,0,0,0,0,0,0,1,0,1,0,0.6052096,False
95452,38.419525,-122.521585,62,101.15,6638.35,0,0,1,1,1,0,1,1,0,0,1,0,0,0,0,0,0,0,1,0,1,0,1,1,0,0,0,0.21330553,False
95453,39.080469,-122.955176,55,56.8,3112.05,0,0,1,0,1,0,0,0,0,0,1,0,1,0,0,0,1,0,0,0,0,0,1,0,0,0,1,0.17472392,False
95454,39.806141,-123.531098,71,99.4,7168.25,0,1,1,0,1,0,0,1,0,0,1,0,1,0,1,0,1,0,1,0,0,0,1,1,0,1,0,0.27930775,False
95456,39.245911,-123.77214,72,20.1,1326.25,0,0,1,1,1,0,0,0,1,1,0,1,0,1,0,1,0,1,0,1,0,0,1,1,1,0,0,0.1309193,False
95457,38.925545,-122.549083,36,60.7,2234.55,1,0,1,0,0,1,0,0,0,0,1,0,0,0,1,0,1,0,1,0,1,1,0,0,1,0,0,0.30306265,False
95458,39.141934,-122.770679,25,20.95,495.15,1,0,1,0,1,0,0,0,1,1,0,1,0,1,0,1,0,1,0,1,0,1,0,1,0,0,0,0.17709412,False
95459,38.966713,-123.586412,72,114.85,8317.95,0,1,1,0,1,0,1,1,0,0,1,0,1,0,1,0,1,0,1,0,1,0,1,1,0,0,0,0.21389335,False
95460,39.305545,-123.743697,36,19.25,679.8,0,0,0,0,1,0,0,0,1,1,0,1,0,1,0,1,0,1,0,1,0,1,0,1,0,0,0,0.18501458,False
95461,38.787446,-122.58675,1,62.8,62.8,1,0,0,0,1,0,0,0,0,0,0,0,0,0,0,0,0,0,1,0,1,0,0,1,0,0,1,0.6417018,False
95462,38.471049,-123.015549,72,105.5,7544.0,0,0,1,0,1,0,1,1,0,0,1,0,0,0,1,0,0,0,1,0,1,0,1,1,0,1,0,0.3865761,False
95463,39.182916,-123.552571,59,19.85,1188.25,1,0,1,1,1,0,0,0,1,1,0,1,0,1,0,1,0,1,0,1,0,0,1,0,0,0,1,0.13386415,False
95465,38.415003,-122.998726,1,74.1,74.1,0,0,0,0,1,0,0,0,0,0,0,0,0,0,1,0,1,0,1,0,1,1,0,0,1,0,0,0.5066979,False
95466,39.094102,-123.500853,30,107.5,3242.5,0,0,1,1,1,0,1,1,0,0,0,0,1,0,1,0,1,0,1,0,1,0,0,1,0,1,0,0.42652062,False
95468,38.911299,-123.609588,64,19.55,1240.15,1,0,0,0,1,0,0,0,1,1,0,1,0,1,0,1,0,1,0,1,0,0,1,0,0,0,1,0.16270934,False
95469,39.408634,-123.045516,63,68.8,4111.35,1,0,0,0,1,0,1,0,0,0,1,0,1,0,1,0,1,0,0,0,0,1,0,0,0,0,0,0.22525795,False
95470,39.298065,-123.25211,72,84.45,5899.85,1,1,1,0,1,0,1,0,0,0,1,0,1,0,1,0,0,0,1,0,1,0,1,0,1,0,0,0.17022379,False
95472,38.398815,-122.861923,62,84.5,5193.2,0,0,0,0,1,0,1,0,0,0,0,0,1,0,1,0,1,0,1,0,1,0,1,0,0,0,0,0.1690935,False
95476,38.25485,-122.461799,67,111.2,7530.8,1,0,1,1,1,0,1,1,0,0,0,0,1,0,1,0,1,0,1,0,1,0,1,1,0,0,0,0.2335999,False
95485,39.220368,-122.907693,70,80.6,5460.2,0,0,1,0,1,0,1,0,0,0,1,0,0,0,0,0,1,0,1,0,1,0,1,1,0,0,0,0.154248,False
95488,39.724433,-123.767578,20,80.7,1614.2,0,1,0,0,1,0,0,1,0,0,0,0,0,0,0,0,0,0,1,0,0,0,0,0,0,0,0,0.6062473,False
95490,39.492046,-123.375818,5,75.6,402.5,0,0,0,0,1,0,1,1,0,0,0,0,0,0,0,0,0,0,0,0,0,0,0,0,0,1,0,0.77735865,True
95492,38.527297,-122.810044,24,57.6,1367.75,0,0,1,0,0,1,0,0,0,0,1,0,1,0,1,0,0,0,1,0,1,1,0,0,0,1,0,0.35770354,False
95494,38.888351,-123.239647,72,110.6,7962.2,1,0,1,0,1,0,1,1,0,0,0,0,1,0,1,0,1,0,1,0,1,0,1,1,1,0,0,0.26301098,False
95497,38.696659,-123.436861,66,58.2,3810.8,0,0,1,0,1,0,0,0,0,0,1,0,1,0,0,0,1,0,0,0,0,0,1,1,1,0,0,0.14962319,False
95501,40.796621,-124.15428,45,81.0,3533.6,0,0,1,0,1,0,0,0,0,0,1,0,0,0,1,0,1,0,1,0,1,0,1,1,0,0,1,0.24742651,False
95503,40.737431,-124.108897,69,19.7,1396.9,0,0,1,1,1,0,0,0,1,1,0,1,0,1,0,1,0,1,0,1,0,0,1,0,0,0,0,0.16169833,False
95514,40.309088,-123.668201,28,59.55,1646.45,0,0,0,0,1,0,0,0,0,0,0,0,0,0,1,0,0,0,1,0,0,0,0,1,0,0,0,0.39413357,False
95521,40.839958,-124.003757,36,75.55,2680.15,0,0,0,0,1,0,0,0,0,0,1,0,1,0,1,0,1,0,0,0,1,1,0,1,0,0,1,0.33800048,False
95527,40.854512,-123.450097,42,45.1,2049.05,1,0,1,0,0,1,0,0,0,0,0,0,1,0,1,0,0,0,0,0,1,1,0,1,1,0,0,0.39416936,False
95528,40.497283,-123.93037,48,70.95,3629.2,1,0,0,0,1,0,1,0,0,0,1,0,0,0,0,0,1,0,0,0,1,1,0,1,0,0,0,0.26343817,False
95537,40.726949,-124.217378,11,20.9,202.3,0,0,1,1,1,0,0,0,1,1,0,1,0,1,0,1,0,1,0,1,0,0,1,0,1,0,0,0.23273027,False
95540,40.584991,-124.121504,7,19.95,147.5,1,0,0,0,1,0,0,0,1,1,0,1,0,1,0,1,0,1,0,1,0,0,0,1,0,0,1,0.31987488,False
95542,40.057784,-123.679461,3,24.6,86.35,0,0,0,0,1,0,1,0,1,1,0,1,0,1,0,1,0,1,0,1,0,0,0,0,0,0,1,0.35137367,False
95543,41.867908,-123.794144,8,66.7,579.0,1,0,0,0,1,0,0,0,0,0,1,0,0,0,1,0,0,0,0,0,1,0,0,1,0,1,0,0.5603333,False
95546,41.163637,-123.704841,32,94.8,3131.55,1,0,1,1,1,0,0,1,0,0,1,0,1,0,1,0,0,0,0,0,1,1,0,0,0,0,1,0.24944246,False
95547,40.557314,-124.081662,60,65.85,3928.3,1,0,1,0,1,0,0,0,0,0,1,0,1,0,1,0,1,0,0,0,0,1,0,1,0,0,0,0.26202294,False
95548,41.572813,-124.035011,10,19.95,187.75,0,0,1,0,1,0,0,0,1,1,0,1,0,1,0,1,0,1,0,1,0,0,0,1,0,0,0,0.3438838,False
95549,40.664483,-123.865325,71,24.65,1710.15,0,0,1,0,1,0,1,0,1,1,0,1,0,1,0,1,0,1,0,1,0,0,1,1,0,0,0,0.15238841,False
95552,40.390301,-123.412327,43,51.25,2151.6,0,0,1,0,0,1,0,0,0,0,1,0,1,0,0,0,1,0,1,0,0,1,0,1,0,0,0,0.24783784,False
95554,40.267158,-123.805913,23,54.25,1221.55,0,0,1,0,1,0,0,0,0,0,0,0,0,0,1,0,1,0,0,0,0,0,0,0,0,1,0,0.48412934,False
95555,41.336354,-124.044354,72,19.4,1496.45,0,0,1,0,1,0,0,0,1,1,0,1,0,1,0,1,0,1,0,1,0,0,1,0,0,0,0,0.24407142,False
95556,41.269521,-123.546958,22,56.25,1292.2,1,0,1,0,1,0,0,0,0,0,1,0,0,0,0,0,1,0,0,0,0,1,0,1,1,0,0,0.25503173,False
95558,40.274302,-124.210902,1,25.15,25.15,0,0,0,0,0,1,0,0,0,0,0,0,0,0,0,0,0,0,0,0,0,0,0,1,0,0,1,0.69555813,False
95559,40.184094,-123.745487,69,23.95,1713.1,1,0,0,0,1,0,1,0,1,1,0,1,0,1,0,1,0,1,0,1,0,0,1,0,0,0,0,0.15846394,False
95560,40.142256,-123.852927,50,35.4,1748.9,1,0,0,0,0,1,0,0,0,0,1,0,0,0,0,0,1,0,0,0,0,1,0,1,0,0,1,0.23941141,False
95564,40.809636,-124.189977,15,75.35,1114.55,0,0,1,0,1,0,0,1,0,0,0,0,1,0,0,0,0,0,0,0,0,0,0,0,0,0,0,0.63488734,False
95565,40.440636,-124.098739,31,20.4,609.1,1,0,0,0,1,0,0,0,1,1,0,1,0,1,0,1,0,1,0,1,0,0,1,0,0,0,0,0.193394,False
95569,40.363446,-123.835041,0,56.05,1397.475,0,0,1,0,0,1,0,0,0,0,1,0,1,0,1,0,1,0,1,0,0,0,1,0,1,0,0,0.20485552,False
95571,40.310119,-123.909449,8,20.0,141.6,0,0,0,0,1,0,0,0,1,1,0,1,0,1,0,1,0,1,0,1,0,0,1,0,0,0,1,0.18476883,False
95573,40.949012,-123.655847,64,73.05,4688.65,1,0,1,0,1,0,0,0,0,0,1,0,0,0,1,0,0,0,1,0,1,1,0,1,1,0,0,0.28185007,False
95585,39.873371,-123.741474,28,20.5,563.05,0,0,1,0,1,0,0,0,1,1,0,1,0,1,0,1,0,1,0,1,0,0,0,0,0,0,1,0.28017777,False
95587,39.955587,-123.681175,57,100.75,5985.0,0,0,1,0,1,0,1,1,0,0,0,0,0,0,1,0,0,0,1,0,1,1,0,1,1,0,0,0.5579563,False
95595,40.170357,-123.417298,19,19.95,373.5,1,0,0,0,1,0,0,0,1,1,0,1,0,1,0,1,0,1,0,1,0,0,1,1,0,0,1,0.1620312,False
95602,38.99003,-121.114408,51,49.65,2553.35,0,0,1,0,0,1,0,0,0,0,0,0,1,0,0,0,0,0,1,0,1,0,0,1,0,1,0,0.565402,False
95603,38.912881,-121.082766,67,65.65,4322.85,0,0,1,0,1,0,1,0,0,0,1,0,1,0,1,0,0,0,0,0,0,0,1,0,0,0,1,0.16357745,False
95605,38.592745,-121.540036,11,20.45,250.8,1,0,1,1,1,0,0,0,1,1,0,1,0,1,0,1,0,1,0,1,0,0,0,1,0,1,0,0.27937636,False
95606,38.809804,-122.241383,72,60.95,4549.05,1,0,1,0,0,1,0,0,0,0,1,0,0,0,1,0,1,0,1,0,1,0,1,0,0,0,0,0.15349141,False
95607,38.681651,-122.130569,66,20.35,1359.5,1,0,1,0,1,0,0,0,1,1,0,1,0,1,0,1,0,1,0,1,0,1,0,1,0,1,0,0.20709188,False
95610,38.69508,-121.271616,9,19.5,178.85,0,0,0,0,1,0,0,0,1,1,0,1,0,1,0,1,0,1,0,1,0,0,0,1,0,1,0,0.34188366,False
95612,38.384648,-121.578701,9,75.2,633.85,0,0,0,0,1,0,1,1,0,0,0,0,0,0,0,0,0,0,0,0,0,0,0,1,1,0,0,0.76515454,True
95614,38.880622,-120.973865,48,111.45,5315.1,1,0,1,0,1,0,1,1,0,0,1,0,1,0,1,0,0,0,1,0,1,0,0,1,0,0,0,0.57020336,False
95615,38.311609,-121.554034,10,70.15,735.5,1,0,0,0,1,0,0,1,0,0,0,0,0,0,0,0,0,0,0,0,0,0,0,0,0,0,1,0.70109457,True
95621,38.69549,-121.307864,72,92.0,6474.4,0,0,1,0,1,0,1,0,0,0,1,0,1,0,1,0,1,0,1,0,1,0,1,0,0,0,0,0.14931363,False
95623,38.63153,-120.842609,51,85.5,4421.95,0,0,1,0,1,0,0,0,0,0,1,0,1,0,1,0,1,0,1,0,1,0,1,0,1,0,0,0.16231135,False
95626,38.734997,-121.463719,61,82.15,4904.85,1,1,1,0,1,0,1,1,0,0,0,0,1,0,0,0,0,0,0,0,0,0,0,1,0,1,0,0.5867974,False
95627,38.834469,-122.127193,54,84.4,4484.05,1,0,0,0,1,0,0,1,0,0,1,0,0,0,1,0,1,0,0,0,0,1,0,0,0,1,0,0.35529798,False
95628,38.652065,-121.25441,33,60.9,2033.85,0,0,0,0,1,0,1,0,0,0,1,0,1,0,0,0,0,0,0,0,0,0,0,1,0,0,1,0.32698867,False
95629,38.513484,-120.704613,27,20.25,538.2,0,0,0,0,1,0,0,0,1,1,0,1,0,1,0,1,0,1,0,1,0,0,1,1,0,0,0,0.1522232,False
95631,39.031876,-120.811141,23,95.3,2192.9,1,0,0,0,1,0,0,1,0,0,0,0,1,0,0,0,0,0,1,0,1,0,0,0,0,0,1,0.60868025,False
95632,38.274451,-121.259201,1,19.85,19.85,1,0,0,1,1,0,0,0,1,1,0,1,0,1,0,1,0,1,0,1,0,0,0,0,0,0,1,0.53754145,False
95633,38.852544,-120.837669,45,84.35,3858.05,1,0,1,0,1,0,0,0,0,0,1,0,1,0,1,0,1,0,1,0,1,0,1,1,0,0,1,0.16231135,False
95634,38.9386,-120.785514,39,19.85,854.8,0,0,1,1,1,0,0,0,1,1,0,1,0,1,0,1,0,1,0,1,0,0,1,1,0,0,0,0.1309193,False
95636,38.636102,-120.522149,72,82.3,5815.15,1,0,1,0,1,0,1,0,0,0,1,0,1,0,1,0,1,0,1,0,0,0,1,0,0,0,0,0.14931363,False
95637,38.830739,-122.196202,58,66.8,3970.4,0,0,1,1,1,0,1,0,0,0,0,0,1,0,0,0,0,0,1,0,0,0,0,1,0,0,0,0.22183056,False
95638,38.313447,-121.123886,70,44.6,3058.15,0,0,0,0,0,1,0,0,0,0,1,0,1,0,1,0,1,0,0,0,0,0,1,1,0,0,0,0.1864489,False
95639,38.375325,-121.507935,61,98.45,6145.2,1,0,1,1,1,0,0,1,0,0,0,0,1,0,0,0,1,0,1,0,1,1,0,1,0,0,0,0.27317053,False
95640,38.33788,-120.954202,2,70.7,129.2,1,0,0,0,1,0,0,1,0,0,0,0,0,0,0,0,0,0,0,0,0,0,0,0,0,0,1,0.74441177,True
95641,38.154823,-121.601358,46,24.95,1165.9,0,0,1,0,1,0,1,0,1,1,0,1,0,1,0,1,0,1,0,1,0,1,0,0,0,0,1,0.18086147,False
95646,38.631489,-120.015167,48,102.5,4904.25,0,0,0,0,1,0,0,1,0,0,1,0,0,0,1,0,1,0,1,0,1,0,1,1,1,0,0,0.28351128,False
95648,38.922812,-121.312005,64,86.55,5632.55,1,0,0,0,1,0,1,0,0,0,0,0,1,0,1,0,1,0,1,0,1,0,1,0,1,0,0,0.17455032,False
95650,38.809175,-121.171375,72,24.3,1643.25,1,0,1,1,1,0,1,0,1,1,0,1,0,1,0,1,0,1,0,1,0,0,1,0,0,0,0,0.1309193,False
95651,38.815515,-120.916997,12,58.35,740.55,0,0,1,1,1,0,0,0,0,0,0,0,0,0,1,0,0,0,1,0,0,0,0,1,1,0,0,0.34090796,False
95655,38.549822,-121.266725,72,68.75,4888.2,0,0,1,0,1,0,0,0,0,0,1,0,1,0,1,0,0,0,0,0,1,0,1,0,1,0,0,0.16114037,False
95658,38.883224,-121.15918,29,85.8,2440.25,1,0,1,0,1,0,1,1,0,0,0,0,1,0,1,0,0,0,0,0,0,0,0,1,0,1,0,0.7469478,True
95659,38.788898,-121.608624,33,20.1,620.55,1,0,1,0,1,0,0,0,1,1,0,1,0,1,0,1,0,1,0,1,0,1,0,0,1,0,0,0.17709412,False
95660,38.671295,-121.388251,1,20.35,20.35,0,0,0,0,1,0,0,0,1,1,0,1,0,1,0,1,0,1,0,1,0,0,0,0,0,0,1,0.5307689,False
95661,38.736685,-121.251984,62,110.8,6840.95,0,0,1,1,1,0,1,1,0,0,0,0,1,0,1,0,1,0,1,0,1,1,0,1,0,1,0,0.28826535,False
95664,38.803731,-121.043799,4,82.85,319.6,0,0,0,0,1,0,0,1,0,0,0,0,0,0,1,0,0,0,0,0,1,0,0,1,1,0,0,0.7631957,True
95665,38.400264,-120.641274,24,84.35,1938.05,0,0,0,0,1,0,1,1,0,0,1,0,0,0,0,0,1,0,0,0,0,0,0,1,0,1,0,0.6675519,False
95666,38.546999,-120.271114,14,19.55,294.5,0,0,1,0,1,0,0,0,1,1,0,1,0,1,0,1,0,1,0,1,0,1,0,0,0,0,1,0.19669159,False
95667,38.733714,-120.795213,3,19.95,58.3,1,0,0,1,1,0,0,0,1,1,0,1,0,1,0,1,0,1,0,1,0,0,0,0,0,0,1,0.3262931,False
95670,38.602723,-121.279913,8,66.25,546.45,1,0,0,0,1,0,0,0,0,0,0,0,0,0,0,0,0,0,1,0,1,0,0,1,0,1,0,0.6231875,False
95672,38.724322,-120.991237,35,23.3,797.1,0,0,0,0,1,0,1,0,1,1,0,1,0,1,0,1,0,1,0,1,0,0,1,0,0,0,0,0.1522232,False
95674,38.954144,-121.482536,66,25.3,1673.8,1,0,0,1,1,0,1,0,1,1,0,1,0,1,0,1,0,1,0,1,0,0,1,1,1,0,0,0.12977697,False
95675,38.545775,-120.743325,8,44.55,343.45,1,0,0,0,0,1,0,0,0,0,1,0,0,0,0,0,1,0,0,0,1,0,1,1,0,0,1,0.23113157,False
95677,38.7904,-121.236973,71,104.1,7412.25,0,0,1,0,1,0,1,1,0,0,1,0,0,0,1,0,0,0,1,0,1,1,0,1,1,0,0,0.46754286,False
95678,38.759751,-121.288545,43,92.55,4039.0,0,0,1,1,1,0,1,1,0,0,0,0,0,0,1,0,0,0,0,0,1,0,0,1,0,0,0,0.3639339,False
95682,38.598936,-120.963092,29,101.45,2948.6,1,1,0,0,1,0,0,1,0,0,0,0,1,0,1,0,0,0,1,0,1,0,0,1,0,0,0,0.62362933,False
95684,38.606703,-120.586659,65,94.55,6078.75,1,0,1,1,1,0,1,1,0,0,1,0,1,0,1,0,1,0,0,0,0,0,1,0,1,0,0,0.15189208,False
95685,38.432145,-120.77069,35,95.5,3418.2,1,0,0,0,1,0,1,1,0,0,0,0,0,0,1,0,1,0,1,0,0,0,0,0,0,1,0,0.63022304,False
95686,38.157794,-121.520223,64,100.3,6603.8,1,0,0,0,1,0,0,1,0,0,1,0,1,0,0,0,0,0,1,0,1,1,0,1,1,0,0,0.45478597,False
95687,38.333133,-121.920151,58,55.5,3166.9,0,0,1,0,0,1,0,0,0,0,0,0,0,0,1,0,1,0,1,0,1,0,1,1,1,0,0,0.20325811,False
95688,38.419088,-122.024568,18,49.85,865.75,0,1,0,0,1,0,0,0,0,0,0,0,1,0,0,0,0,0,0,0,0,0,0,1,1,0,0,0.50512683,False
95689,38.481902,-120.603668,67,89.55,6373.1,1,0,1,1,1,0,1,1,0,0,0,0,1,0,0,0,0,0,0,0,1,0,0,1,0,0,0,0.31349093,False
95690,38.240419,-121.587535,63,19.15,1177.05,1,0,1,1,1,0,0,0,1,1,0,1,0,1,0,1,0,1,0,1,0,0,1,1,0,0,1,0.13386415,False
95691,38.627951,-121.593287,60,99.8,5985.75,0,0,1,0,1,0,1,1,0,0,0,0,1,0,0,0,0,0,1,0,1,0,0,1,0,1,0,0.66340977,False
95693,38.392559,-121.225093,70,113.05,7869.05,0,0,1,1,1,0,1,1,0,0,1,0,1,0,1,0,1,0,1,0,1,0,1,1,1,0,0,0.16762742,False
95695,38.71967,-121.862416,48,19.95,936.7,0,0,0,0,1,0,0,0,1,1,0,1,0,1,0,1,0,1,0,1,0,1,0,0,0,0,1,0.18086147,False
95701,39.218096,-120.79153,12,74.15,741.4,1,0,1,0,1,0,0,0,0,0,0,0,0,0,1,0,1,0,1,0,1,0,0,1,0,1,0,0.60372823,False
95703,38.983388,-120.988814,71,92.0,6585.2,1,1,1,0,1,0,1,1,0,0,1,0,1,0,1,0,1,0,0,0,0,1,0,1,0,1,0,0.2984153,False
95709,38.748316,-120.675512,44,73.85,3122.4,1,1,0,0,1,0,0,1,0,0,0,0,0,0,1,0,0,0,0,0,0,0,0,0,0,1,0,0.6088788,False
95714,39.197215,-120.83679,45,24.45,1088.25,1,0,1,1,1,0,1,0,1,1,0,1,0,1,0,1,0,1,0,1,0,0,1,0,0,0,1,0.13386415,False
95715,39.23754,-120.720196,23,24.8,615.35,0,0,0,0,1,0,1,0,1,1,0,1,0,1,0,1,0,1,0,1,0,1,0,0,1,0,0,0.1819803,False
95717,39.170376,-120.838404,43,64.85,2908.2,0,0,1,0,1,0,1,0,0,0,0,0,0,0,0,0,1,0,1,0,0,1,0,1,0,0,0,0.29166088,False
95720,38.766036,-120.209673,35,20.75,739.9,1,0,0,0,1,0,0,0,1,1,0,1,0,1,0,1,0,1,0,1,0,0,0,0,0,0,0,0.26328567,False
95721,38.851842,-120.076204,9,68.95,593.85,1,0,1,0,1,0,0,0,0,0,1,0,1,0,0,0,1,0,1,0,0,0,0,1,0,0,1,0.40710694,False
95726,38.733908,-120.453416,65,109.4,7227.45,0,1,1,0,1,0,1,1,0,0,1,0,1,0,1,0,0,0,1,0,1,0,0,1,1,0,0,0.46554807,False
95735,38.805481,-120.13287,27,49.0,1291.35,1,0,0,0,1,0,1,0,0,0,0,0,0,0,0,0,0,0,0,0,0,0,0,0,0,0,1,0.4093368,False
95736,39.00978,-120.978273,40,50.25,2023.55,0,0,0,0,1,0,0,0,0,0,0,0,0,0,1,0,0,0,0,0,0,1,0,1,0,0,1,0.31393713,False
95746,38.749466,-121.184196,8,19.9,153.95,1,0,1,0,1,0,0,0,1,1,0,1,0,1,0,1,0,1,0,1,0,1,0,0,1,0,0,0.23030856,False
95747,38.784329,-121.373245,58,97.8,5458.8,0,1,1,0,1,0,1,1,0,0,0,0,1,0,0,0,0,0,1,0,1,1,0,1,0,0,0,0.49518967,False
95758,38.35363,-121.44195,52,100.3,5244.45,0,0,1,1,1,0,0,1,0,0,1,0,0,0,1,0,0,0,1,0,1,1,0,0,0,1,0,0.29288125,False
95762,38.684437,-121.055634,3,55.8,154.55,1,0,1,0,1,0,0,0,0,0,0,0,0,0,1,0,1,0,0,0,0,0,0,1,0,0,1,0.5552166,False
95765,38.823278,-121.281856,41,111.15,4507.15,1,0,0,1,1,0,0,1,0,0,1,0,1,0,1,0,1,0,1,0,1,0,1,1,0,1,0,0.2546953,False
95776,38.694081,-121.694431,20,98.55,2031.95,1,0,0,0,1,0,1,1,0,0,0,0,0,0,0,0,1,0,1,0,1,0,0,1,0,0,1,0.7098261,True
95814,38.584505,-121.491956,1,50.05,50.05,1,0,0,1,1,0,1,0,0,0,0,0,0,0,0,0,0,0,0,0,0,0,0,1,0,1,0,0.6157274,False
95816,38.574856,-121.46504,23,20.85,473.9,1,0,0,0,1,0,0,0,1,1,0,1,0,1,0,1,0,1,0,1,0,0,0,0,0,1,0,0.31797662,False
95817,38.550722,-121.457314,6,19.5,106.8,0,1,0,0,1,0,0,0,1,1,0,1,0,1,0,1,0,1,0,1,0,0,0,0,0,0,0,0.3055883,False
95818,38.556306,-121.495817,8,19.35,152.6,1,0,1,1,1,0,0,0,1,1,0,1,0,1,0,1,0,1,0,1,0,0,0,1,0,0,1,0.23326835,False
95819,38.567594,-121.437507,18,69.5,1199.4,1,0,0,0,1,0,1,0,0,0,1,0,0,0,1,0,0,0,1,0,0,0,0,0,0,0,1,0.41196838,False
95820,38.53508,-121.444144,52,48.8,2555.05,1,1,0,0,0,1,0,0,0,0,1,0,0,0,0,0,0,0,1,0,1,0,0,1,1,0,0,0.41303813,False
95821,38.625096,-121.383658,31,94.5,2979.2,1,0,0,0,1,0,0,1,0,0,0,0,1,0,0,0,0,0,1,0,1,0,0,1,0,1,0,0.7013219,True
95822,38.512569,-121.495184,29,20.65,654.85,1,0,1,1,1,0,0,0,1,1,0,1,0,1,0,1,0,1,0,1,0,0,0,1,0,0,1,0.19534862,False
95823,38.475465,-121.443625,36,106.05,3834.4,0,0,1,0,1,0,1,1,0,0,1,0,1,0,1,0,1,0,0,0,1,0,1,1,1,0,0,0.35919684,False
95825,38.590035,-121.412455,42,108.3,4586.15,1,0,1,0,1,0,1,1,0,0,0,0,0,0,1,0,1,0,1,0,1,1,0,1,0,1,0,0.60979277,False
95827,38.549185,-121.328386,60,99.65,5941.05,0,0,0,0,1,0,0,1,0,0,0,0,1,0,1,0,0,0,1,0,1,0,1,1,0,1,0,0.36637902,False
95829,38.486502,-121.334051,22,95.9,2234.95,1,0,1,0,1,0,1,1,0,0,1,0,0,0,0,0,1,0,1,0,0,0,0,0,1,0,0,0.57712096,False
95830,38.490508,-121.284171,36,20.0,666.75,1,0,1,0,1,0,0,0,1,1,0,1,0,1,0,1,0,1,0,1,0,1,0,0,0,0,1,0.18582813,False
95832,38.445939,-121.496855,9,64.95,547.8,1,0,0,0,1,0,0,0,0,0,1,0,0,0,0,0,1,0,0,0,1,0,0,0,0,0,1,0.4246048,False
95833,38.619049,-121.517552,1,74.6,74.6,1,0,1,1,1,0,0,1,0,0,0,0,1,0,0,0,0,0,0,0,0,0,0,0,1,0,0,0.5886032,False
95834,38.646209,-121.52446,12,49.2,571.15,1,0,1,1,1,0,0,0,0,0,1,0,0,0,0,0,0,0,0,0,0,0,0,1,0,1,0,0.42288986,False
95835,38.685069,-121.543709,23,73.75,1756.6,0,0,0,0,1,0,1,0,0,0,0,0,0,0,0,0,1,0,1,0,1,1,0,1,0,0,1,0.38414422,False
95837,38.691607,-121.602284,62,92.3,5731.45,1,0,0,0,1,0,1,1,0,0,1,0,1,0,0,0,0,0,0,0,1,1,0,1,0,0,0,0.38644934,False
95841,38.660442,-121.346321,8,19.2,156.85,0,0,0,0,1,0,0,0,1,1,0,1,0,1,0,1,0,1,0,1,0,0,0,0,0,0,1,0.29525974,False
95842,38.687367,-121.34848,31,88.65,2683.2,1,0,1,0,1,0,1,1,0,0,0,0,0,0,1,0,0,0,1,0,0,0,0,0,1,0,0,0.62751544,False
95901,39.19514,-121.503883,45,95.95,4456.65,1,0,1,1,1,0,1,1,0,0,0,0,1,0,1,0,0,0,0,0,1,0,0,1,0,0,0,0.39072385,False
95903,39.125311,-121.392283,69,105.4,6998.95,0,1,1,0,1,0,1,1,0,0,0,0,1,0,0,0,1,0,1,0,1,0,1,0,1,0,0,0.3857003,False
95910,39.467828,-120.841386,2,20.25,36.8,1,0,0,0,1,0,0,0,1,1,0,1,0,1,0,1,0,1,0,1,0,0,0,0,0,0,1,0.37087926,False
95916,39.657228,-121.37778,44,49.05,2265.0,0,0,0,0,0,1,0,0,0,0,0,0,0,0,1,0,0,0,1,0,1,1,0,1,0,1,0,0.49471757,False
95917,39.457388,-121.818201,39,35.55,1309.15,1,0,0,0,0,1,0,0,0,0,0,0,0,0,1,0,1,0,0,0,0,1,0,0,0,0,1,0.30856377,False
95918,39.292334,-121.320597,72,65.1,4754.3,1,0,1,0,0,1,0,0,0,0,1,0,1,0,1,0,1,0,1,0,1,0,1,1,1,0,0,0.15349141,False
95919,39.440687,-121.263583,13,96.85,1235.55,0,1,0,0,1,0,0,1,0,0,0,0,0,0,1,0,0,0,1,0,1,0,0,1,0,1,0,0.7990318,True
95920,39.449794,-121.936372,51,69.75,3562.5,0,0,1,0,1,0,0,0,0,0,1,0,1,0,0,0,1,0,0,0,1,1,0,1,1,0,0,0.25353304,False
95922,39.432127,-121.099287,71,99.2,7213.75,0,1,1,0,1,0,0,1,0,0,0,0,1,0,1,0,0,0,1,0,1,0,1,1,0,1,0,0.3517565,False
95926,39.745712,-121.84333,56,106.8,5914.4,0,0,0,0,1,0,1,1,0,0,0,0,1,0,1,0,0,0,1,0,1,1,0,1,0,1,0,0.5763709,False
95928,39.681488,-121.83721,1,51.25,51.25,1,0,0,0,1,0,0,0,0,0,1,0,0,0,0,0,0,0,0,0,0,0,0,0,0,0,1,0.5735721,False
95930,39.562239,-121.14836,23,57.75,1282.85,0,0,1,0,1,0,0,0,0,0,1,0,1,0,0,0,1,0,0,0,0,1,0,1,0,0,1,0.22498903,False
95932,39.273096,-122.050763,66,70.85,4738.85,0,1,1,0,1,0,1,0,0,0,0,0,1,0,1,0,0,0,1,0,0,1,0,1,0,0,0,0.25009802,False
95934,40.080342,-120.957805,1,19.55,19.55,0,0,0,0,1,0,0,0,1,1,0,1,0,1,0,1,0,1,0,1,0,0,0,0,0,0,1,0.5443326,False
95936,39.578792,-120.780786,11,79.5,795.65,1,0,0,0,1,0,0,1,0,0,1,0,0,0,1,0,0,0,0,0,0,0,0,1,0,0,0,0.6750781,False
95938,39.607831,-121.777959,52,98.15,4993.4,0,0,1,1,1,0,1,1,0,0,1,0,1,0,1,0,0,0,0,0,1,0,0,0,0,0,0,0.3565548,False
95939,39.53222,-122.594879,3,20.25,61.45,1,0,0,0,1,0,0,0,1,1,0,1,0,1,0,1,0,1,0,1,0,0,0,1,0,1,0,0.40213072,False
95941,39.531028,-121.24807,51,79.15,4018.55,0,0,1,1,1,0,0,1,0,0,1,0,1,0,0,0,0,0,0,0,0,0,0,1,0,0,0,0.32827148,False
95943,39.597975,-122.032248,64,94.25,6081.4,1,1,1,0,1,0,1,1,0,0,0,0,1,0,1,0,0,0,0,0,1,0,0,1,0,1,0,0.57371086,False
95944,39.564113,-120.868836,37,40.2,1478.85,0,0,0,0,0,1,0,0,0,0,0,0,0,0,1,0,0,0,0,0,1,0,0,1,1,0,0,0.47160587,False
95945,39.194539,-120.988066,13,19.95,243.65,1,0,0,0,1,0,0,0,1,1,0,1,0,1,0,1,0,1,0,1,0,0,1,0,0,0,1,0.1630645,False
95946,39.203817,-121.19584,49,55.35,2633.95,1,0,1,0,1,0,1,0,0,0,1,0,0,0,0,0,0,0,0,0,0,1,0,1,0,1,0,0.31139594,False
95947,40.160386,-120.835428,45,102.15,4735.35,0,1,0,0,1,0,1,1,0,0,0,0,0,0,1,0,0,0,1,0,1,1,0,1,0,0,0,0.5870129,False
95948,39.346898,-121.759537,18,71.1,1247.75,0,0,0,0,1,0,0,1,0,0,0,0,0,0,0,0,0,0,0,0,0,0,0,1,0,1,0,0.71169394,True
95950,39.033058,-121.895718,68,54.1,3794.5,1,0,1,0,0,1,0,0,0,0,1,0,0,0,1,0,0,0,1,0,1,0,1,1,0,0,0,0.20307666,False
95951,39.732767,-122.042298,54,19.65,1008.7,1,0,0,0,1,0,0,0,1,1,0,1,0,1,0,1,0,1,0,1,0,0,1,0,1,0,0,0.1522232,False
95953,39.258746,-121.77697,23,88.45,2130.55,0,1,1,1,1,0,0,1,0,0,0,0,1,0,1,0,0,0,0,0,1,0,0,1,0,0,0,0.3921396,False
95955,39.281194,-122.226568,71,80.4,5727.15,1,0,1,0,1,0,1,0,0,0,1,0,1,0,1,0,1,0,0,0,1,0,1,0,1,0,0,0.14931363,False
95956,39.937017,-121.058043,67,19.25,1372.9,0,0,1,1,1,0,0,0,1,1,0,1,0,1,0,1,0,1,0,1,0,0,1,1,0,0,0,0.1309193,False
95957,39.068071,-121.832638,14,84.8,1203.9,0,0,1,1,1,0,1,1,0,0,0,0,0,0,0,0,0,0,1,0,0,0,0,1,0,1,0,0.52931255,False
95960,39.423046,-120.984472,63,19.5,1215.1,0,0,0,1,1,0,0,0,1,1,0,1,0,1,0,1,0,1,0,1,0,0,1,0,1,0,0,0.12977697,False
95961,39.082568,-121.55325,41,68.6,2877.05,0,0,0,0,1,0,1,0,0,0,0,0,0,0,1,0,1,0,0,0,1,1,0,1,0,1,0,0.36785832,False
95962,39.342587,-121.249833,17,92.6,1579.7,0,0,1,0,1,0,1,1,0,0,0,0,0,0,0,0,0,0,1,0,1,0,0,0,0,1,0,0.7228409,True
95963,39.748037,-122.302169,56,100.55,5514.95,1,0,1,0,1,0,1,1,0,0,1,0,0,0,0,0,0,0,1,0,1,1,0,1,0,1,0,0.54019547,False
95965,39.624561,-121.552866,5,20.55,96.1,0,0,0,0,1,0,0,0,1,1,0,1,0,1,0,1,0,1,0,1,0,0,0,0,1,0,0,0.32350096,False
95968,39.435756,-121.552071,3,19.6,55.25,0,0,1,0,1,0,0,0,1,1,0,1,0,1,0,1,0,1,0,1,0,0,0,1,0,0,1,0.4072896,False
95969,39.69676,-121.644379,37,67.45,2443.3,1,0,0,0,1,0,1,0,0,0,1,0,1,0,1,0,1,0,0,0,0,1,0,0,0,1,0,0.29161382,False
95971,39.971228,-121.041166,8,43.55,335.4,1,0,0,0,1,0,0,0,0,0,0,0,0,0,0,0,0,0,0,0,0,0,0,0,0,0,1,0.49704006,False
95973,39.903272,-121.843567,63,109.85,7002.95,0,0,0,0,1,0,1,1,0,0,0,0,1,0,1,0,1,0,1,0,1,0,0,1,1,0,0,0.5421352,False
95974,39.495768,-121.747472,7,20.65,158.95,0,0,1,1,1,0,0,0,1,1,0,1,0,1,0,1,0,1,0,1,0,0,0,0,0,0,1,0.24514589,False
95975,39.225634,-121.156163,3,95.4,293.15,0,0,0,0,1,0,0,1,0,0,0,0,1,0,0,0,0,0,1,0,1,0,0,0,0,1,0,0.79060525,True
95977,39.176595,-121.291692,72,21.0,1493.75,1,0,1,1,1,0,0,0,1,1,0,1,0,1,0,1,0,1,0,1,0,0,1,0,0,0,0,0.1309193,False
95978,39.904002,-121.527823,19,56.2,1093.4,0,0,0,0,1,0,0,0,0,0,0,0,0,0,0,0,0,0,0,0,1,0,0,1,0,1,0,0.55145645,False
95979,39.288127,-122.415841,59,18.4,1057.85,0,0,1,0,1,0,0,0,1,1,0,1,0,1,0,1,0,1,0,1,0,0,1,0,0,0,0,0.1522232,False
95982,39.172777,-121.805845,35,25.75,882.55,0,0,1,1,1,0,1,0,1,1,0,1,0,1,0,1,0,1,0,1,0,0,0,1,0,1,0,0.23643506,False
95983,40.053684,-120.743116,14,19.6,300.4,1,0,0,0,1,0,0,0,1,1,0,1,0,1,0,1,0,1,0,1,0,0,0,0,1,0,0,0.30779707,False
95986,39.34128,-120.786867,69,19.8,1436.95,0,0,1,1,1,0,0,0,1,1,0,1,0,1,0,1,0,1,0,1,0,0,1,0,1,0,0,0.1309193,False
95987,39.117537,-122.284654,7,64.2,475.0,1,1,1,0,1,0,1,0,0,0,1,0,1,0,0,0,1,0,0,0,0,0,0,0,0,1,0,0.5282059,False
95988,39.493991,-122.286363,69,75.75,5388.15,1,0,1,0,1,0,0,0,0,0,1,0,1,0,1,0,1,0,1,0,0,0,1,1,0,0,0,0.15931758,False
95991,39.02741,-121.614982,72,78.95,5730.15,0,0,1,0,1,0,1,0,0,0,0,0,1,0,0,0,1,0,1,0,1,0,1,1,0,1,0,0.21178384,False
96001,40.587919,-122.464732,4,50.3,217.1,0,0,1,1,1,0,0,0,0,0,1,0,0,0,0,0,0,0,0,0,0,0,0,0,0,1,0,0.53270835,False
96002,40.527834,-122.318749,63,80.3,4896.35,1,0,1,1,1,0,0,1,0,0,0,0,1,0,1,0,0,0,0,0,0,0,0,1,1,0,0,0.3297969,False
96003,40.677649,-122.29467,72,19.85,1434.1,1,0,0,0,1,0,0,0,1,1,0,1,0,1,0,1,0,1,0,1,0,0,1,0,0,0,0,0.14561512,False
96006,41.171578,-120.913161,46,21.1,937.1,0,0,0,0,1,0,0,0,1,1,0,1,0,1,0,1,0,1,0,1,0,0,1,1,0,1,0,0.22832939,False
96008,40.722733,-122.109666,30,50.0,1474.9,1,0,1,0,1,0,0,0,0,0,0,0,0,0,1,0,0,0,0,0,0,0,0,1,0,0,1,0.39791423,False
96009,41.083464,-121.107929,63,104.75,6536.5,1,0,0,0,1,0,1,1,0,0,0,0,1,0,1,0,0,0,1,0,1,0,1,1,0,0,0,0.39284995,False
96010,40.775272,-123.287414,60,19.85,1128.1,0,0,0,0,1,0,0,0,1,1,0,1,0,1,0,1,0,1,0,1,0,0,1,0,0,0,0,0.1522232,False
96013,40.946785,-121.719489,25,85.9,2199.05,1,0,1,1,1,0,0,1,0,0,0,0,0,0,0,0,1,0,1,0,0,0,0,0,0,1,0,0.40755153,False
96015,41.486953,-120.913975,6,80.8,457.1,1,1,1,0,1,0,1,1,0,0,0,0,0,0,1,0,0,0,0,0,0,0,0,1,0,1,0,0.8186645,True
96016,40.936285,-121.572692,22,25.25,566.5,1,0,0,0,1,0,1,0,1,1,0,1,0,1,0,1,0,1,0,1,0,0,1,0,0,0,1,0.15745658,False
96017,41.121108,-122.336613,31,80.55,2471.6,0,0,1,0,1,0,1,0,0,0,0,0,1,0,0,0,1,0,1,0,1,0,1,0,0,0,0,0.23168524,False
96019,40.692523,-122.369876,39,81.5,3107.3,0,0,1,1,1,0,0,1,0,0,0,0,0,0,1,0,1,0,0,0,0,0,0,1,0,0,0,0.2944848,False
96020,40.243494,-121.154733,26,20.9,518.3,1,0,0,0,1,0,0,0,1,1,0,1,0,1,0,1,0,1,0,1,0,0,0,0,0,0,1,0.2640456,False
96023,41.949216,-122.050062,12,67.25,832.3,1,0,0,0,1,0,1,0,0,0,1,0,1,0,0,0,1,0,0,0,0,0,0,1,0,1,0,0.5200471,False
96025,41.212695,-122.392067,2,20.35,45.3,0,0,0,0,1,0,0,0,1,1,0,1,0,1,0,1,0,1,0,1,0,0,0,0,0,0,1,0.38038358,False
96027,41.405193,-123.008567,39,45.05,1790.6,1,0,0,0,0,1,0,0,0,0,1,0,0,0,0,0,1,0,1,0,0,1,0,0,0,0,0,0.28578532,False
96029,39.84784,-122.544556,7,34.65,246.6,0,0,1,1,0,1,0,0,0,0,1,0,0,0,0,0,1,0,0,0,0,0,0,0,0,0,1,0.30559367,False
96031,41.232128,-123.194748,4,69.35,261.65,1,1,0,0,1,0,0,1,0,0,0,0,0,0,0,0,0,0,0,0,0,0,0,0,0,1,0,0.7752614,True
96033,40.740138,-122.587476,55,81.55,4509.5,0,0,0,0,1,0,0,1,0,0,0,0,1,0,1,0,0,0,0,0,0,0,0,1,0,1,0,0.6091099,False
96034,41.411315,-122.697236,72,75.4,5480.25,1,0,1,0,1,0,0,0,0,0,0,0,1,0,1,0,0,0,1,0,1,0,1,1,0,0,0,0.20332447,False
96035,40.03194,-122.176023,10,67.8,653.15,0,0,1,0,1,0,0,0,0,0,0,0,0,0,1,0,0,0,1,0,1,0,0,1,1,0,0,0.56030566,False
96037,41.528541,-122.955018,11,111.4,1183.05,1,1,0,0,1,0,1,1,0,0,0,0,1,0,1,0,1,0,1,0,1,0,0,1,0,1,0,0.76123613,True
96038,41.599978,-122.539381,15,46.3,639.45,0,0,1,1,1,0,0,0,0,0,0,0,0,0,0,0,0,0,0,0,0,0,0,0,0,1,0,0.40565178,False
96039,41.831901,-123.487478,23,20.4,478.75,0,0,1,1,1,0,0,0,1,1,0,1,0,1,0,1,0,1,0,1,0,0,1,0,0,0,0,0.268789,False
96040,40.789799,-121.474529,1,20.05,20.05,1,0,0,1,1,0,0,0,1,1,0,1,0,1,0,1,0,1,0,1,0,0,0,0,0,0,1,0.4994382,False
96044,41.962127,-122.527696,47,96.1,4391.45,1,0,1,1,1,0,0,1,0,0,1,0,1,0,1,0,0,0,0,0,1,1,0,1,0,1,0,0.28157535,False
96046,40.648024,-123.465088,15,19.65,270.6,0,0,0,0,1,0,0,0,1,1,0,1,0,1,0,1,0,1,0,1,0,1,0,0,0,0,1,0.19150287,False
96048,40.913192,-123.06597,68,60.65,3975.9,0,1,1,0,1,0,0,0,0,0,0,0,1,0,1,0,1,0,0,0,0,1,0,1,0,0,0,0.27381086,False
96054,41.280478,-121.160249,21,71.7,1497.05,0,1,1,0,1,0,1,0,0,0,0,0,1,0,1,0,0,0,0,0,1,1,0,0,0,0,0,0.336271,False
96055,40.059385,-122.091481,21,36.0,780.15,1,0,0,0,0,1,0,0,0,0,0,0,1,0,0,0,1,0,0,0,0,0,0,1,0,0,1,0.45260483,False
96056,41.10831,-121.360362,56,65.2,3512.15,0,0,1,0,1,0,1,0,0,0,1,0,0,0,0,0,0,0,1,0,0,1,0,0,0,0,0,0.22933926,False
96057,41.251322,-122.105209,6,48.95,273.25,0,0,1,1,1,0,1,0,0,0,0,0,0,0,0,0,0,0,0,0,0,0,0,1,1,0,0,0.43818128,False
96058,41.769709,-121.92063,65,53.5,3517.9,0,1,0,0,0,1,0,0,0,0,0,0,1,0,1,0,0,0,1,0,1,0,1,1,0,0,0,0.2879033,False
96059,40.426679,-121.850421,42,80.45,3375.9,1,0,1,0,1,0,1,0,0,0,1,0,0,0,0,0,1,0,1,0,1,1,0,0,1,0,0,0.28168172,False
96061,40.331975,-121.460674,68,109.05,7508.55,0,0,1,1,1,0,1,1,0,0,1,0,0,0,1,0,1,0,1,0,1,0,1,1,0,0,0,0.24530661,False
96062,40.531257,-122.148139,48,26.3,1245.05,1,0,1,1,1,0,1,0,1,1,0,1,0,1,0,1,0,1,0,1,0,0,1,0,0,0,0,0.1309193,False
96063,40.408796,-121.579609,50,106.8,5347.95,0,1,0,0,1,0,1,1,0,0,0,0,1,0,0,0,1,0,1,0,1,1,0,1,0,1,0,0.5673565,False
96064,41.759864,-122.379175,7,64.95,493.65,0,1,0,0,1,0,0,0,0,0,0,0,1,0,1,0,0,0,1,0,0,0,0,1,0,1,0,0.5570479,False
96065,40.877552,-121.885884,63,19.35,1263.85,0,0,1,1,1,0,0,0,1,1,0,1,0,1,0,1,0,1,0,1,0,0,1,0,0,1,0,0.1580362,False
96067,41.33832,-122.290756,17,21.1,385.55,1,0,0,0,1,0,0,0,1,1,0,1,0,1,0,1,0,1,0,1,0,0,0,0,1,0,0,0.29471666,False
96069,40.689243,-122.037023,4,18.85,84.2,1,0,1,1,1,0,0,0,1,1,0,1,0,1,0,1,0,1,0,1,0,0,0,0,0,0,1,0.28912187,False
96071,40.656287,-121.428965,62,26.0,1638.7,0,0,0,1,1,0,1,0,1,1,0,1,0,1,0,1,0,1,0,1,0,0,1,0,0,0,0,0.12977697,False
96074,39.884395,-122.587513,2,70.35,120.25,0,0,1,0,1,0,0,1,0,0,0,0,0,0,0,0,0,0,0,0,0,0,0,1,0,1,0,0.80570745,True
96075,40.343213,-121.815412,48,96.9,4473.45,1,0,1,0,1,0,1,1,0,0,1,0,1,0,1,0,0,0,1,0,0,0,1,1,0,0,0,0.29358673,False
96076,40.367964,-122.937379,27,19.55,520.55,1,0,1,0,1,0,0,0,1,1,0,1,0,1,0,1,0,1,0,1,0,0,1,0,0,0,0,0.1522232,False
96080,40.186772,-122.388361,70,80.4,5717.85,0,0,1,0,1,0,0,0,0,0,0,0,1,0,1,0,1,0,1,0,1,0,1,1,0,0,0,0.16722853,False
96085,41.737962,-123.07557,46,94.65,4312.5,1,0,1,0,1,0,1,1,0,0,0,0,1,0,1,0,0,0,1,0,0,1,0,1,0,1,0,0.5332972,False
96088,40.497441,-121.827524,69,95.75,6511.25,1,0,1,1,1,0,1,1,0,0,0,0,1,0,1,0,0,0,1,0,0,1,0,0,1,0,0,0.32415912,False
96090,40.021787,-122.127576,65,19.55,1218.65,1,0,0,0,1,0,0,0,1,1,0,1,0,1,0,1,0,1,0,1,0,0,1,1,1,0,0,0.1522232,False
96091,41.081847,-122.700545,72,104.1,7447.7,1,1,1,1,1,0,0,1,0,0,1,0,0,0,1,0,1,0,1,0,1,0,1,1,1,0,0,0.2567964,False
96093,40.759401,-122.939337,17,20.1,279.5,1,0,0,0,1,0,0,0,1,1,0,1,0,1,0,1,0,1,0,1,0,1,0,1,0,0,1,0.19150287,False
96094,41.465121,-122.380947,51,111.55,5720.35,1,0,1,0,1,0,1,1,0,0,1,0,0,0,1,0,1,0,1,0,1,1,0,1,0,1,0,0.5466517,False
96096,40.637105,-121.906949,51,60.5,3121.45,1,0,1,0,1,0,0,0,0,0,1,0,1,0,0,0,1,0,0,0,0,0,1,0,1,0,0,0.15917833,False
96097,41.764869,-122.671316,72,90.95,6468.6,0,0,1,0,1,0,1,0,0,0,1,0,1,0,1,0,1,0,1,0,1,0,1,1,0,0,0,0.18003291,False
96103,39.783747,-120.661032,34,19.7,675.6,1,0,0,0,1,0,0,0,1,1,0,1,0,1,0,1,0,1,0,1,0,0,0,0,0,0,1,0.2640456,False
96104,41.505916,-120.152505,67,50.95,3521.7,1,0,1,0,0,1,0,0,0,0,1,0,1,0,0,0,1,0,0,0,1,0,1,1,0,0,0,0.19314213,False
96105,39.872961,-120.198876,49,20.05,923.1,0,0,1,0,1,0,0,0,1,1,0,1,0,1,0,1,0,1,0,1,0,1,0,1,0,0,0,0.1819803,False
96106,39.745805,-120.580882,53,19.4,1110.35,1,0,1,1,1,0,0,0,1,1,0,1,0,1,0,1,0,1,0,1,0,0,1,1,0,0,1,0.13386415,False
96107,38.42528,-119.475741,27,59.45,1611.65,1,0,0,0,1,0,1,0,0,0,0,0,0,0,1,0,1,0,0,0,0,0,0,0,0,1,0,0.4058022,False
96109,40.012675,-120.101857,69,81.5,5553.25,1,0,0,0,1,0,1,0,0,0,1,0,1,0,1,0,1,0,0,0,1,0,1,1,1,0,0,0.17191906,False
96110,41.280341,-120.150381,2,29.05,44.75,0,0,1,1,0,1,0,0,0,0,0,0,0,0,0,0,1,0,0,0,0,0,0,0,0,0,0,0.4838039,False
96113,40.198234,-120.18089,46,70.6,3231.05,0,0,1,0,1,0,0,0,0,0,1,0,1,0,0,0,1,0,0,0,1,1,0,0,0,0,1,0.27336338,False
96114,40.294034,-120.512622,54,97.2,5129.45,0,0,0,0,1,0,1,1,0,0,0,0,1,0,0,0,0,0,1,0,1,0,1,1,0,0,0,0.35234383,False
96117,40.507272,-120.338228,20,59.2,1191.2,1,0,0,0,1,0,1,0,0,0,1,0,0,0,0,0,1,0,0,0,0,0,0,0,0,0,0,0.3930219,False
96118,39.637471,-120.226338,11,75.9,866.4,1,0,0,0,1,0,0,1,0,0,0,0,1,0,0,0,0,0,0,0,0,0,0,1,0,0,1,0.7446908,True
96119,41.042003,-120.506086,30,90.05,2627.2,0,1,1,0,1,0,1,1,0,0,0,0,1,0,0,0,0,0,1,0,0,0,0,1,0,1,0,0.74942446,True
96120,38.735789,-119.85798,68,70.95,4741.45,1,0,1,0,1,0,0,0,0,0,1,0,1,0,1,0,0,0,0,0,1,0,1,0,0,0,0,0.16749589,False
96121,40.181279,-120.392967,38,102.6,4009.2,1,1,1,0,1,0,1,1,0,0,0,0,1,0,1,0,0,0,1,0,1,0,0,1,0,1,0,0.757477,True
96124,39.672813,-120.456699,1,43.8,43.8,0,0,0,0,1,0,0,0,0,0,0,0,0,0,0,0,0,0,0,0,0,0,0,0,0,1,0,0.70958817,True
96125,39.600599,-120.636358,63,59.0,3707.6,1,0,1,0,0,1,0,0,0,0,1,0,1,0,1,0,0,0,1,0,1,0,1,0,0,1,0,0.22890419,False
96126,39.559709,-120.345639,3,69.95,220.45,0,0,0,0,1,0,0,0,0,0,0,0,0,0,1,0,0,0,1,0,1,1,0,1,0,1,0,0.57195723,False
96128,40.346634,-120.386422,48,24.35,1133.7,0,0,0,0,1,0,1,0,1,1,0,1,0,1,0,1,0,1,0,1,0,1,0,0,0,0,0,0.1819803,False
96130,40.559177,-120.612113,66,29.45,1983.15,1,0,0,0,0,1,0,0,0,0,0,0,0,0,0,0,1,0,0,0,0,1,0,0,1,0,0,0.28522572,False
96132,41.027281,-120.669427,68,84.4,5746.75,0,0,1,1,1,0,1,1,0,0,0,0,1,0,1,0,0,0,0,0,0,0,1,1,1,0,0,0.24552628,False
96134,41.813521,-121.492666,7,20.65,134.05,0,0,1,0,1,0,0,0,1,1,0,1,0,1,0,1,0,1,0,1,0,1,0,0,0,0,1,0.26016963,False
96136,40.345949,-120.081187,72,87.1,6230.1,1,0,1,0,1,0,1,0,0,0,1,0,1,0,1,0,1,0,1,0,1,0,1,1,0,0,0,0.14931363,False
96137,40.271535,-121.018087,29,19.85,573.05,0,0,1,0,1,0,0,0,1,1,0,1,0,1,0,1,0,1,0,1,0,0,0,0,0,0,1,0.27611154,False
96140,39.227434,-120.091806,37,90.35,3419.3,1,0,1,0,1,0,0,1,0,0,0,0,0,0,1,0,1,0,0,0,1,0,0,1,0,1,0,0.60323364,False
96143,39.246654,-120.029273,59,65.5,3801.3,0,0,1,0,1,0,1,0,0,0,1,0,1,0,0,0,1,0,0,0,0,1,0,0,0,0,1,0.1991318,False
96146,39.191797,-120.212401,60,80.95,4859.1,1,1,1,1,1,0,1,1,0,0,1,0,0,0,0,0,0,0,0,0,0,0,0,1,0,1,0,0.30397853,False
96148,39.24124,-120.054765,27,56.15,1439.35,0,0,0,0,1,0,0,0,0,0,0,0,1,0,0,0,1,0,0,0,0,0,0,1,0,0,1,0.40455812,False
90001,33.973616,-118.24902,17,34.4,592.75,1,0,1,0,0,1,0,0,0,0,1,0,0,0,1,0,0,0,0,0,0,0,0,0,0,0,1,0.43364373,False
90002,33.949255,-118.246978,58,20.75,1185.95,1,0,1,0,1,0,0,0,1,1,0,1,0,1,0,1,0,1,0,1,0,0,1,0,0,0,1,0.17472275,False
90003,33.964131,-118.272783,1,18.8,18.8,1,0,1,0,1,0,0,0,1,1,0,1,0,1,0,1,0,1,0,1,0,1,0,0,0,0,1,0.44823965,False
90005,34.059281,-118.30742,53,90.8,4921.2,0,0,0,0,1,0,1,1,0,0,1,0,1,0,1,0,0,0,0,0,0,0,0,0,0,1,0,0.52003896,False
90006,34.048013,-118.293953,35,25.6,901.25,1,0,0,0,1,0,1,0,1,1,0,1,0,1,0,1,0,1,0,1,0,0,0,1,0,1,0,0.28415242,False
90008,34.008293,-118.346766,68,70.8,4859.95,1,0,1,0,1,0,1,0,0,0,0,0,1,0,0,0,1,0,0,0,1,0,1,0,1,0,0,0.1810097,False
90010,34.062125,-118.315709,47,25.4,1139.2,1,0,1,0,1,0,1,0,1,1,0,1,0,1,0,1,0,1,0,1,0,0,0,0,0,1,0,0.28415242,False
90011,34.00709,-118.258681,65,108.8,7082.45,0,1,1,0,1,0,1,1,0,0,0,0,1,0,1,0,0,0,1,0,1,0,0,1,0,0,0,0.5354287,False
90015,34.039224,-118.266293,9,76.85,663.55,0,0,0,0,1,0,1,1,0,0,0,0,0,0,0,0,0,0,0,0,0,0,0,1,0,1,0,0.79117554,True
90016,34.028331,-118.354338,8,20.25,174.65,0,0,0,0,1,0,0,0,1,1,0,1,0,1,0,1,0,1,0,1,0,0,1,0,0,0,1,0.19098216,False
90017,34.052842,-118.264495,14,24.8,321.7,1,0,0,0,1,0,1,0,1,1,0,1,0,1,0,1,0,1,0,1,0,1,0,1,1,0,0,0.20439616,False
90018,34.028735,-118.317236,45,115.65,5125.5,0,0,0,0,1,0,1,1,0,0,1,0,1,0,1,0,1,0,1,0,1,0,0,1,0,1,0,0.5510464,False
90019,34.049841,-118.33846,8,74.6,548.9,0,0,0,0,1,0,1,1,0,0,0,0,0,0,0,0,0,0,0,0,0,0,0,1,1,0,0,0.7640928,True
90021,34.029043,-118.239504,66,103.15,7031.3,1,0,1,1,1,0,0,1,0,0,1,0,1,0,1,0,0,0,1,0,1,1,0,1,0,0,0,0.2444673,False
90022,34.02381,-118.156582,72,72.1,5016.65,1,0,1,0,1,0,1,0,0,0,1,0,1,0,1,0,1,0,0,0,0,0,1,0,1,0,0,0.15408932,False
90024,34.066303,-118.435479,23,25.1,611.45,0,0,1,1,1,0,1,0,1,1,0,1,0,1,0,1,0,1,0,1,0,0,1,0,0,0,1,0.13386415,False
90026,34.078991,-118.263804,4,80.15,319.85,0,0,0,0,1,0,1,1,0,0,1,0,0,0,0,0,0,0,0,0,0,0,0,1,0,1,0,0.6849064,False
90027,34.127194,-118.295647,6,25.4,153.3,1,0,1,1,1,0,1,0,1,1,0,1,0,1,0,1,0,1,0,1,0,0,1,0,0,0,1,0.21401039,False
90028,34.099869,-118.326843,67,105.4,7035.6,0,1,1,0,1,0,1,1,0,0,1,0,1,0,1,0,1,0,0,0,1,1,0,1,1,0,0,0.37892526,False
90029,34.089953,-118.294824,7,45.75,344.2,1,1,0,1,1,0,0,0,0,0,0,0,0,0,0,0,0,0,0,0,0,0,0,1,0,0,1,0.4688268,False
90031,34.085807,-118.206617,56,24.45,1431.65,1,0,1,0,1,0,1,0,1,1,0,1,0,1,0,1,0,1,0,1,0,1,0,1,0,0,1,0.20321055,False
90032,34.078821,-118.177576,72,25.0,1849.2,0,0,1,0,1,0,1,0,1,1,0,1,0,1,0,1,0,1,0,1,0,0,1,0,1,0,0,0.14561512,False
90033,34.050198,-118.210946,72,85.25,6083.1,1,0,1,0,1,0,1,0,0,0,1,0,1,0,1,0,0,0,1,0,1,0,1,1,0,1,0,0.2113573,False
90034,34.030578,-118.399613,23,19.6,426.65,1,0,1,1,1,0,0,0,1,1,0,1,0,1,0,1,0,1,0,1,0,0,1,0,1,0,0,0.1309193,False
90035,34.051809,-118.383843,35,50.15,1655.35,0,0,0,1,1,0,1,0,0,0,0,0,0,0,0,0,0,0,0,0,0,0,0,0,0,0,1,0.33519533,False
90036,34.070291,-118.349191,27,70.55,1943.9,1,1,1,0,1,0,0,1,0,0,0,0,0,0,0,0,0,0,0,0,0,0,0,1,0,1,0,0.6772399,False
90038,34.088017,-118.327168,12,26.4,314.95,1,0,1,0,1,0,1,0,1,1,0,1,0,1,0,1,0,1,0,1,0,1,0,0,0,0,1,0.21887758,False
90039,34.110845,-118.259595,40,20.15,804.85,0,0,0,0,1,0,0,0,1,1,0,1,0,1,0,1,0,1,0,1,0,0,1,0,0,0,1,0.15556149,False
90040,33.994524,-118.149953,7,58.85,465.7,1,0,1,1,0,1,0,0,0,0,1,0,1,0,1,0,0,0,1,0,1,0,0,0,0,0,1,0.30949378,False
90041,34.137412,-118.207607,70,97.55,6669.05,1,0,1,1,1,0,1,1,0,0,1,0,1,0,0,0,0,0,1,0,0,0,0,1,1,0,0,0.31457245,False
90042,34.11572,-118.192754,60,19.65,1161.75,1,0,1,1,1,0,0,0,1,1,0,1,0,1,0,1,0,1,0,1,0,0,1,0,1,0,0,0.1309193,False
90043,33.988543,-118.334081,39,25.25,947.75,1,0,1,0,0,1,0,0,0,0,0,0,0,0,0,0,0,0,0,0,0,1,0,1,1,0,0,0.3382304,False
90044,33.952714,-118.292061,72,114.45,8375.05,1,0,1,0,1,0,1,1,0,0,1,0,1,0,1,0,1,0,1,0,1,0,1,0,1,0,0,0.20634821,False
90046,34.108455,-118.362081,54,70.7,3770.0,1,0,1,0,1,0,1,0,0,0,0,0,1,0,0,0,1,0,1,0,0,1,0,1,0,1,0,0.27885577,False
90048,34.072945,-118.37267,63,75.55,4707.85,0,0,1,0,1,0,0,0,0,0,1,0,1,0,1,0,1,0,1,0,0,0,1,0,1,0,0,0.154248,False
90049,34.091829,-118.491244,71,84.8,6152.4,1,0,1,1,1,0,1,1,0,0,0,0,1,0,0,0,1,0,0,0,0,0,1,1,0,1,0,0.18466848,False
90056,33.987945,-118.370442,42,20.65,958.1,0,0,0,0,1,0,0,0,1,1,0,1,0,1,0,1,0,1,0,1,0,1,0,1,0,0,1,0.18582813,False
90057,34.061918,-118.277939,47,20.45,943.0,1,0,0,0,1,0,0,0,1,1,0,1,0,1,0,1,0,1,0,1,0,0,1,0,0,0,0,0.1522232,False
90061,33.92128,-118.274186,11,35.65,425.1,1,0,0,0,0,1,0,0,0,0,0,0,1,0,0,0,1,0,0,0,0,0,0,1,0,1,0,0.54434943,False
90063,34.044271,-118.185237,55,90.45,5044.8,0,1,1,0,1,0,1,1,0,0,0,0,1,0,1,0,1,0,0,0,0,0,0,0,0,1,0,0.49550334,False
90064,34.037251,-118.423573,69,97.65,6743.55,1,0,0,0,1,0,1,1,0,0,0,0,1,0,1,0,1,0,1,0,0,0,1,1,1,0,0,0.22954588,False
90065,34.108833,-118.229715,3,73.85,196.4,0,1,0,0,1,0,0,1,0,0,0,0,0,0,1,0,0,0,0,0,0,0,0,0,0,1,0,0.7553702,True
90067,34.057496,-118.413959,30,69.1,2093.9,1,1,0,0,1,0,1,0,0,0,0,0,0,0,1,0,1,0,1,0,0,0,1,1,1,0,0,0.18893667,False
90068,34.137411,-118.328915,5,82.75,417.75,0,0,0,0,1,0,1,1,0,0,0,0,0,0,1,0,1,0,0,0,0,0,0,1,0,1,0,0.7692798,True
90069,34.093781,-118.381061,71,24.4,1725.4,0,0,1,0,1,0,1,0,1,1,0,1,0,1,0,1,0,1,0,1,0,0,1,1,1,0,0,0.14561512,False
90071,34.052917,-118.255178,29,55.25,1620.2,0,0,0,0,1,0,1,0,0,0,0,0,1,0,0,0,0,0,0,0,0,1,0,1,0,1,0,0.28126338,False
90077,34.102084,-118.451629,52,61.35,3169.55,1,0,1,0,1,0,1,0,0,0,0,0,1,0,0,0,1,0,0,0,0,0,0,0,0,0,0,0.3371688,False
90201,33.970343,-118.171368,68,76.75,5233.25,1,0,0,0,1,0,1,0,0,0,1,0,1,0,1,0,0,0,0,0,1,1,0,0,1,0,0,0.21769914,False
90210,34.099891,-118.414338,46,19.4,967.85,0,0,1,1,1,0,0,0,1,1,0,1,0,1,0,1,0,1,0,1,0,0,1,0,0,0,1,0.13386415,False
90211,34.063947,-118.383001,8,54.75,438.05,1,0,0,0,1,0,0,0,0,0,0,0,0,0,0,0,0,0,0,0,1,0,0,1,1,0,0,0.59588164,False
90212,34.062095,-118.401508,72,19.7,1421.9,1,0,1,0,1,0,0,0,1,1,0,1,0,1,0,1,0,1,0,1,0,0,1,0,1,0,0,0.14561512,False
90220,33.88151,-118.234451,17,19.9,323.15,0,0,0,0,1,0,0,0,1,1,0,1,0,1,0,1,0,1,0,1,0,1,0,0,0,0,0,0.20439616,False
90221,33.885811,-118.206459,3,107.95,318.6,1,0,0,0,1,0,0,1,0,0,0,0,1,0,1,0,1,0,1,0,1,0,0,1,0,1,0,0.6999251,False
90222,33.912246,-118.236773,2,83.8,163.7,0,1,0,0,1,0,0,1,0,0,0,0,1,0,0,0,0,0,1,0,0,0,0,1,0,0,0,0.7737158,True
90232,34.019323,-118.391902,51,56.4,2928.5,0,0,0,0,0,1,0,0,0,0,0,0,1,0,1,0,0,0,1,0,1,1,0,1,1,0,0,0.40069047,False
90240,33.956228,-118.120993,6,20.1,100.35,0,0,1,1,1,0,0,0,1,1,0,1,0,1,0,1,0,1,0,1,0,0,1,0,0,0,1,0.20033008,False
90241,33.940884,-118.128628,3,94.9,273.2,0,0,1,0,1,0,1,1,0,0,0,0,0,0,0,0,0,0,1,0,1,0,0,0,0,1,0,0.79794025,True
90242,33.921793,-118.140588,17,94.2,1608.15,0,1,0,0,1,0,1,1,0,0,0,0,0,0,0,0,0,0,1,0,1,0,0,1,0,1,0,0.76526433,True
90245,33.917145,-118.401554,30,49.9,1441.95,1,0,1,0,1,0,1,0,0,0,0,0,0,0,0,0,0,0,0,0,0,0,0,0,0,1,0,0.46743608,False
90247,33.890853,-118.297967,31,71.05,2168.15,1,0,0,0,1,0,1,0,0,0,0,0,1,0,0,0,1,0,1,0,0,0,0,1,0,1,0,0.38057104,False
90248,33.876482,-118.284077,45,81.65,3618.7,0,0,0,0,1,0,0,0,0,0,1,0,0,0,1,0,1,0,1,0,1,0,1,0,0,0,0,0.16946167,False
90249,33.90139,-118.315697,64,89.45,5692.65,1,0,1,0,1,0,1,1,0,0,1,0,1,0,1,0,0,0,0,0,0,1,0,0,0,0,0,0.25441048,False
90255,33.97803,-118.217141,61,99.0,5969.3,1,1,1,1,1,0,1,1,0,0,0,0,1,0,0,0,0,0,1,0,1,1,0,0,0,1,0,0.26175386,False
90260,33.88856,-118.351813,1,19.05,19.05,1,0,0,0,1,0,0,0,1,1,0,1,0,1,0,1,0,1,0,1,0,0,0,0,0,0,1,0.47091678,False
90263,34.037037,-118.705803,72,114.45,8100.55,1,0,1,1,1,0,1,1,0,0,1,0,1,0,1,0,1,0,1,0,1,0,1,0,0,0,0,0.17839384,False
90266,33.889632,-118.39737,7,44.25,313.45,0,0,1,0,1,0,0,0,0,0,0,0,0,0,0,0,0,0,0,0,0,0,0,1,0,0,1,0.5989649,False
90270,33.988572,-118.186565,66,90.55,6130.95,0,0,1,0,1,0,1,1,0,0,0,0,1,0,1,0,1,0,0,0,0,1,0,1,0,0,0,0.2456186,False
90274,33.788208,-118.404955,40,20.4,745.3,1,0,1,1,1,0,0,0,1,1,0,1,0,1,0,1,0,1,0,1,0,0,0,1,0,0,0,0.22838041,False
90275,33.753146,-118.367459,16,71.4,1212.1,1,0,0,0,1,0,1,0,0,0,0,0,1,0,1,0,0,0,0,0,1,0,0,1,0,0,0,0.49538553,False
90278,33.873395,-118.37019,67,24.85,1583.5,1,0,1,0,1,0,1,0,1,1,0,1,0,1,0,1,0,1,0,1,0,0,1,0,1,0,0,0.15146886,False
90280,33.944624,-118.192615,41,104.45,4162.05,0,0,1,0,1,0,0,1,0,0,1,0,1,0,1,0,0,0,1,0,1,1,0,1,0,0,0,0.3683329,False
90290,34.115192,-118.61017,56,19.8,1119.9,0,0,1,1,1,0,0,0,1,1,0,1,0,1,0,1,0,1,0,1,0,0,1,1,1,0,0,0.1309193,False
90291,33.991782,-118.479229,72,116.45,8013.55,0,0,0,0,1,0,1,1,0,0,1,0,1,0,1,0,1,0,1,0,1,0,1,1,0,0,0,0.21494076,False
90293,33.947305,-118.439841,54,20.05,1102.4,0,0,1,0,1,0,0,0,1,1,0,1,0,1,0,1,0,1,0,1,0,0,1,0,1,0,0,0.1522232,False
90301,33.956445,-118.358634,52,110.75,5832.0,1,1,0,0,1,0,1,1,0,0,0,0,1,0,1,0,1,0,1,0,1,0,0,1,0,1,0,0.6274424,False
90302,33.975332,-118.355252,50,89.7,4304.5,0,0,0,0,1,0,0,1,0,0,0,0,0,0,1,0,1,0,0,0,1,0,1,1,0,0,0,0.24161182,False
90304,33.936827,-118.359824,27,48.7,1421.75,1,0,1,0,1,0,0,0,0,0,1,0,0,0,0,0,0,0,0,0,0,1,0,0,1,0,0,0.22583951,False
90305,33.958134,-118.330905,72,96.6,6827.5,0,1,1,0,1,0,1,1,0,0,1,0,1,0,1,0,1,0,0,0,0,0,1,1,0,0,0,0.16753863,False
90401,34.015481,-118.493231,62,74.3,4698.05,1,0,0,0,1,0,0,0,0,0,1,0,1,0,0,0,0,0,1,0,1,1,0,1,1,0,0,0.2239526,False
90402,34.035849,-118.503508,12,54.3,654.5,0,0,0,0,1,0,0,0,0,0,0,0,1,0,0,0,1,0,0,0,0,0,0,1,0,1,0,0.53318083,False
90403,34.031529,-118.491156,44,74.85,3268.05,0,1,0,0,1,0,0,0,0,0,0,0,0,0,1,0,1,0,1,0,1,1,0,0,0,0,0,0.30903965,False
90404,34.026334,-118.474222,54,79.95,4362.05,1,0,1,1,1,0,0,1,0,0,0,0,1,0,0,0,1,0,0,0,0,0,1,1,0,0,0,0.17537376,False
90405,34.005439,-118.477507,68,20.05,1386.9,0,0,0,0,1,0,0,0,1,1,0,1,0,1,0,1,0,1,0,1,0,0,1,0,0,0,0,0.15146886,False
90501,33.833699,-118.314387,20,19.4,415.4,1,0,0,0,1,0,0,0,1,1,0,1,0,1,0,1,0,1,0,1,0,0,0,0,0,0,1,0.29948205,False
90502,33.833181,-118.292062,50,54.9,2614.1,1,0,1,0,1,0,1,0,0,0,0,0,0,0,1,0,0,0,0,0,0,1,0,0,0,0,0,0.27403677,False
90503,33.840399,-118.353714,58,24.45,1513.6,1,0,0,0,1,0,1,0,1,1,0,1,0,1,0,1,0,1,0,1,0,0,1,1,1,0,0,0.15146886,False
90504,33.867257,-118.330794,35,89.65,3161.6,1,0,1,1,1,0,1,1,0,0,0,0,1,0,0,0,0,0,1,0,0,0,0,1,0,0,0,0.43363145,False
90505,33.807882,-118.347957,2,45.4,80.95,0,0,0,0,1,0,0,0,0,0,0,0,0,0,0,0,0,0,0,0,0,0,0,1,0,1,0,0.7583139,True
90601,34.007353,-118.033683,63,75.7,4676.7,1,0,1,0,1,0,1,0,0,0,1,0,0,0,1,0,1,0,0,0,1,0,1,0,0,0,1,0.1503247,False
90602,33.972119,-118.020188,58,110.65,6526.65,0,0,1,0,1,0,1,1,0,0,1,0,1,0,1,0,0,0,1,0,1,1,0,1,1,0,0,0.33249232,False
90603,33.945318,-117.992066,27,20.55,583.3,0,0,1,0,1,0,0,0,1,1,0,1,0,1,0,1,0,1,0,1,0,1,0,1,0,0,1,0.18582813,False
90604,33.929704,-118.01208,71,115.15,8078.1,0,0,1,0,1,0,1,1,0,0,1,0,1,0,1,0,1,0,1,0,1,0,1,1,1,0,0,0.20634821,False
90605,33.960891,-118.032222,63,58.55,3503.5,0,0,0,0,1,0,0,0,0,0,0,0,0,0,1,0,0,0,0,0,1,1,0,0,1,0,0,0.25972068,False
90606,33.976678,-118.065875,71,93.25,6669.45,1,0,1,0,1,0,1,1,0,0,0,0,1,0,1,0,0,0,0,0,1,0,0,1,0,0,0,0.44692048,False
90630,33.818477,-118.038307,68,19.35,1292.65,0,0,1,1,1,0,0,0,1,1,0,1,0,1,0,1,0,1,0,1,0,0,1,1,0,0,0,0.1309193,False
90631,33.940619,-117.9513,1,48.75,48.75,1,0,1,1,1,0,0,0,0,0,1,0,0,0,0,0,0,0,0,0,0,0,0,1,0,0,1,0.56819814,False
90638,33.902045,-118.008961,65,109.05,7108.2,1,1,0,0,1,0,1,1,0,0,1,0,0,0,1,0,1,0,1,0,1,0,1,1,0,1,0,0.47292215,False
90640,34.015217,-118.109962,72,25.0,1802.55,1,1,1,0,1,0,1,0,1,1,0,1,0,1,0,1,0,1,0,1,0,0,1,1,0,0,0,0.14561512,False
90650,33.905963,-118.08263,28,54.9,1505.15,0,0,0,0,1,0,1,0,0,0,0,0,0,0,0,0,1,0,0,0,0,0,0,1,1,0,0,0.37050223,False
90660,33.989524,-118.089299,72,24.75,1859.1,1,0,1,1,1,0,1,0,1,1,0,1,0,1,0,1,0,1,0,1,0,0,1,0,1,0,0,0.1309193,False
90670,33.933565,-118.062611,2,91.15,168.5,0,0,0,0,1,0,0,1,0,0,1,0,1,0,0,0,0,0,1,0,0,0,0,1,0,1,0,0.66737574,False
90701,33.867593,-118.080637,60,104.35,6339.45,1,1,1,0,1,0,1,1,0,0,0,0,1,0,1,0,0,0,1,0,1,1,0,1,0,1,0,0.4595283,False
90703,33.8681,-118.067402,26,66.05,1652.4,0,1,0,0,1,0,1,0,0,0,0,0,0,0,0,0,1,0,0,0,1,0,0,1,0,1,0,0.4136325,False
90710,33.798266,-118.300237,68,92.2,6392.85,1,0,1,0,1,0,1,0,0,0,1,0,1,0,1,0,1,0,1,0,1,0,1,1,1,0,0,0.154248,False
90713,33.847755,-118.112532,42,105.2,4599.15,0,1,1,0,1,0,1,1,0,0,1,0,0,0,1,0,0,0,1,0,1,1,0,1,0,0,0,0.4724536,False
90715,33.841027,-118.078097,57,19.6,1134.25,0,0,1,0,1,0,0,0,1,1,0,1,0,1,0,1,0,1,0,1,0,0,1,1,0,0,0,0.1522232,False
90716,33.830431,-118.074071,54,30.4,1621.35,1,0,1,0,0,1,0,0,0,0,0,0,1,0,0,0,0,0,0,0,0,0,0,0,0,1,0,0.5185702,False
90720,33.79499,-118.065591,44,61.5,2722.2,0,0,1,0,1,0,0,0,0,0,1,0,1,0,1,0,0,0,0,0,0,1,0,1,0,0,1,0.25013635,False
90723,33.897122,-118.164432,42,69.4,3058.3,1,0,1,1,1,0,1,0,0,0,1,0,1,0,0,0,0,0,1,0,0,0,0,1,0,0,0,0.28566873,False
90731,33.736387,-118.284363,72,24.75,1769.6,1,0,1,1,1,0,1,0,1,1,0,1,0,1,0,1,0,1,0,1,0,0,1,0,0,0,0,0.1309193,False
90732,33.744119,-118.31448,71,91.05,6293.75,0,0,1,0,1,0,1,0,0,0,1,0,1,0,1,0,1,0,1,0,1,0,1,0,0,0,1,0.14450765,False
90742,33.719221,-118.073596,23,73.65,1642.75,0,0,1,0,1,0,1,0,0,0,0,0,0,0,0,0,1,0,1,0,1,0,0,1,1,0,0,0.34005857,False
90743,33.728273,-118.085304,30,19.4,578.5,0,0,0,0,1,0,0,0,1,1,0,1,0,1,0,1,0,1,0,1,0,0,1,0,1,0,0,0.1522232,False
90744,33.782068,-118.262263,35,26.2,954.9,1,0,0,0,1,0,1,0,1,1,0,1,0,1,0,1,0,1,0,1,0,1,0,0,0,0,0,0.18841481,False
90746,33.859171,-118.252272,1,43.85,43.85,1,0,0,0,1,0,0,0,0,0,0,0,0,0,0,0,0,0,0,0,0,0,0,1,0,0,0,0.7128705,True
90802,33.752524,-118.210737,22,69.7,1490.4,1,0,0,0,1,0,0,1,0,0,0,0,0,0,0,0,0,0,0,0,0,0,0,1,0,0,1,0.6431156,False
90803,33.760458,-118.129725,7,38.55,280.0,1,0,1,0,0,1,0,0,0,0,1,0,1,0,1,0,0,0,0,0,0,0,1,0,0,0,1,0.28708696,False
90804,33.783047,-118.1486,36,53.1,1901.25,0,0,0,0,0,1,0,0,0,0,1,0,1,0,1,0,1,0,0,0,1,0,1,1,0,0,1,0.19084089,False
90805,33.864622,-118.179626,34,20.65,716.4,0,0,1,1,1,0,0,0,1,1,0,1,0,1,0,1,0,1,0,1,0,0,0,0,0,0,1,0.2471138,False
90806,33.802664,-118.179971,72,64.45,4720.0,1,0,1,0,1,0,1,0,0,0,1,0,1,0,1,0,0,0,0,0,0,0,1,0,1,0,0,0.17745711,False
90807,33.830099,-118.182239,36,25.1,930.95,1,0,1,1,1,0,1,0,1,1,0,1,0,1,0,1,0,1,0,1,0,0,1,0,1,0,0,0.1309193,False
90814,33.771612,-118.143866,71,95.15,6770.85,0,0,1,1,1,0,1,1,0,0,1,0,1,0,1,0,1,0,0,0,0,1,0,1,1,0,0,0.1683735,False
90815,33.797638,-118.11662,23,79.35,1835.3,0,1,0,0,1,0,1,1,0,0,0,0,0,0,1,0,0,0,0,0,0,0,0,1,0,0,1,0.6588549,False
90822,33.778436,-118.118648,17,96.65,1588.25,1,0,1,0,1,0,0,1,0,0,0,0,0,0,1,0,0,0,1,0,1,1,0,1,0,0,0,0.4810478,False
91001,34.196837,-118.142236,1,75.5,75.5,1,0,0,0,1,0,0,0,0,0,0,0,0,0,1,0,1,0,1,0,1,0,0,1,0,1,0,0.61960536,False
91006,34.137319,-118.029837,12,19.7,258.35,1,0,1,1,1,0,0,0,1,1,0,1,0,1,0,1,0,1,0,1,0,0,1,0,0,0,1,0.1487144,False
91007,34.128284,-118.047732,72,20.5,1502.25,0,0,1,0,1,0,0,0,1,1,0,1,0,1,0,1,0,1,0,1,0,0,1,0,1,0,0,0.14561512,False
91010,34.145695,-117.95982,1,19.2,19.2,1,0,0,0,1,0,0,0,1,1,0,1,0,1,0,1,0,1,0,1,0,0,0,0,0,0,1,0.5166307,False
91011,34.234912,-118.153729,72,98.35,6929.4,1,1,1,0,1,0,1,1,0,0,0,0,1,0,0,0,0,0,1,0,1,0,1,0,0,0,0,0.23730917,False
91016,34.1528,-118.000482,60,74.35,4453.3,1,0,1,1,1,0,1,1,0,0,0,0,0,0,0,0,0,0,0,0,0,0,0,0,0,0,0,0.35125318,False
91020,34.2112,-118.230625,61,51.35,3244.4,0,0,1,0,0,1,0,0,0,0,0,0,1,0,1,0,1,0,1,0,0,0,1,0,1,0,0,0.21536823,False
91024,34.168686,-118.057505,6,45.65,323.45,0,0,1,0,1,0,0,0,0,0,0,0,0,0,0,0,0,0,0,0,0,0,0,0,0,0,1,0.5528423,False
91101,34.146635,-118.139225,72,20.3,1401.15,1,0,1,1,1,0,0,0,1,1,0,1,0,1,0,1,0,1,0,1,0,0,1,0,0,0,0,0.1309193,False
91103,34.167465,-118.165327,32,54.2,1739.6,0,0,0,0,1,0,1,0,0,0,0,0,1,0,0,0,0,0,0,0,0,0,0,1,0,1,0,0.4366284,False
91104,34.165383,-118.123752,65,90.65,5931.0,1,0,1,0,1,0,1,1,0,0,0,0,1,0,0,0,0,0,0,0,1,0,0,1,0,1,0,0.5016442,False
91105,34.13946,-118.166649,45,50.9,2333.85,0,0,1,1,0,1,0,0,0,0,1,0,0,0,0,0,0,0,1,0,1,0,0,1,0,0,0,0.3526647,False
91106,34.139402,-118.128658,42,25.05,949.85,1,0,0,0,1,0,1,0,1,1,0,1,0,1,0,1,0,1,0,1,0,1,0,0,0,1,0,0.21540362,False
91107,34.159007,-118.087353,8,74.85,572.45,1,0,0,0,1,0,1,1,0,0,0,0,0,0,0,0,0,0,0,0,0,0,0,1,0,1,0,0.78450215,True
91108,34.122671,-118.112911,32,20.5,696.8,1,0,0,1,1,0,0,0,1,1,0,1,0,1,0,1,0,1,0,1,0,0,1,0,0,0,1,0.13795304,False
91201,34.17051,-118.289463,22,63.55,1381.8,0,1,1,0,1,0,1,0,0,0,1,0,1,0,0,0,1,0,0,0,0,0,0,1,0,0,1,0.3689881,False
91203,34.153338,-118.262974,1,47.95,47.95,1,0,0,0,1,0,0,0,0,0,1,0,0,0,0,0,0,0,0,0,0,0,0,0,0,1,0,0.7181051,True
91205,34.13658,-118.245839,1,45.0,45.0,0,0,1,0,1,0,0,0,0,0,0,0,0,0,0,0,0,0,0,0,0,0,0,1,0,1,0,0.7749278,True
91208,34.195386,-118.238508,54,90.05,4931.8,1,1,0,0,1,0,1,1,0,0,0,0,1,0,0,0,0,0,0,0,1,0,0,1,0,1,0,0.61457336,False
91214,34.239636,-118.245259,4,25.3,116.95,0,0,0,0,1,0,1,0,1,1,0,1,0,1,0,1,0,1,0,1,0,0,1,1,1,0,0,0.18316264,False
91302,34.130861,-118.68346,56,24.3,1261.7,0,0,1,0,1,0,1,0,1,1,0,1,0,1,0,1,0,1,0,1,0,1,0,0,0,1,0,0.21882296,False
91303,34.19829,-118.602203,45,75.95,3273.8,1,0,0,0,1,0,0,0,0,0,1,0,0,0,1,0,0,0,1,0,1,0,0,1,0,1,0,0.4552861,False
91304,34.224377,-118.632656,71,19.7,1415.85,0,0,1,1,1,0,0,0,1,1,0,1,0,1,0,1,0,1,0,1,0,0,1,0,1,0,0,0.1309193,False
91306,34.209532,-118.577563,59,66.4,3958.2,1,0,1,0,1,0,0,0,0,0,1,0,1,0,1,0,0,0,1,0,0,1,0,0,1,0,0,0.22530502,False
91307,34.199787,-118.68493,69,35.75,2492.25,1,0,0,0,0,1,0,0,0,0,0,0,1,0,1,0,0,0,0,0,0,1,0,1,0,0,0,0.3747407,False
91311,34.294142,-118.603883,19,18.8,279.2,1,0,0,0,1,0,0,0,1,1,0,1,0,1,0,1,0,1,0,1,0,1,0,0,0,0,1,0.19669159,False
91316,34.150354,-118.518292,55,19.4,1083.0,0,0,1,1,1,0,0,0,1,1,0,1,0,1,0,1,0,1,0,1,0,0,1,0,1,0,0,0.1309193,False
91320,34.172071,-118.946262,38,19.3,755.5,0,0,0,0,1,0,0,0,1,1,0,1,0,1,0,1,0,1,0,1,0,1,0,0,0,0,1,0.18582813,False
91324,34.238208,-118.55029,47,67.45,3252.0,0,1,1,0,1,0,1,0,0,0,1,0,1,0,1,0,0,0,0,0,0,0,0,1,1,0,0,0.35436034,False
91340,34.286131,-118.435969,46,20.1,936.85,1,0,1,1,1,0,0,0,1,1,0,1,0,1,0,1,0,1,0,1,0,0,1,1,0,0,1,0.13386415,False
91343,34.238802,-118.482296,65,58.9,3857.1,0,0,1,0,1,0,0,0,0,0,1,0,0,0,1,0,1,0,0,0,0,0,1,0,1,0,0,0.16021985,False
91350,34.502432,-118.41459,71,19.45,1378.45,1,0,1,1,1,0,0,0,1,1,0,1,0,1,0,1,0,1,0,1,0,0,1,0,0,0,1,0.13386415,False
91352,34.231053,-118.338307,52,50.5,2566.3,0,1,0,0,0,1,0,0,0,0,0,0,1,0,1,0,1,0,1,0,0,0,0,1,0,1,0,0.4754196,False
91354,34.457005,-118.573726,6,25.1,171.0,1,0,1,0,1,0,1,0,1,1,0,1,0,1,0,1,0,1,0,1,0,1,0,0,0,0,1,0.21782653,False
91355,34.43987,-118.644609,26,60.7,1597.4,0,1,1,0,1,0,0,0,0,0,0,0,0,0,1,0,0,0,0,0,1,1,0,0,0,0,1,0.32332587,False
91356,34.157137,-118.548511,48,99.0,4744.35,1,1,0,0,1,0,1,1,0,0,0,0,1,0,0,0,0,0,1,0,1,1,0,1,0,1,0,0.5170949,False
91360,34.214054,-118.88109,64,104.4,6721.6,0,0,1,1,1,0,1,1,0,0,1,0,0,0,0,0,1,0,1,0,1,1,0,1,0,0,0,0.28475752,False
91362,34.191842,-118.822796,1,44.05,44.05,1,0,0,0,1,0,0,0,0,0,0,0,0,0,0,0,0,0,0,0,0,0,0,1,0,0,0,0.75024325,True
91364,34.153733,-118.593408,72,24.1,1734.65,1,0,1,1,1,0,1,0,1,1,0,1,0,1,0,1,0,1,0,1,0,0,1,0,1,0,0,0.1309193,False
91367,34.178068,-118.615714,1,45.55,45.55,1,0,0,0,1,0,0,0,0,0,0,0,0,0,0,0,0,0,0,0,0,0,0,1,0,0,1,0.75024325,True
91377,34.19225,-118.776874,51,93.8,4539.35,0,0,1,1,1,0,1,1,0,0,1,0,1,0,0,0,0,0,0,0,1,0,0,1,0,1,0,0.45912325,False
91381,34.364153,-118.615583,41,19.7,804.25,0,0,1,1,1,0,0,0,1,1,0,1,0,1,0,1,0,1,0,1,0,0,1,0,0,0,0,0.1309193,False
91384,34.506627,-118.699048,72,70.65,5011.15,0,0,1,0,1,0,0,0,0,0,1,0,1,0,1,0,0,0,1,0,0,0,1,1,1,0,0,0.16594568,False
91401,34.178483,-118.431791,43,86.45,3574.5,0,0,1,0,1,0,1,0,0,0,1,0,1,0,0,0,1,0,1,0,1,0,1,0,1,0,0,0.17123392,False
91402,34.223768,-118.445461,72,114.1,8086.4,1,0,1,0,1,0,1,1,0,0,1,0,1,0,1,0,1,0,1,0,1,0,1,1,1,0,0,0.19671166,False
91403,34.147149,-118.463365,47,95.2,4563.0,1,0,1,0,1,0,1,1,0,0,0,0,0,0,0,0,0,0,1,0,1,1,0,1,1,0,0,0.49249452,False
91405,34.202494,-118.448048,72,88.55,6362.35,1,0,0,0,1,0,1,0,0,0,1,0,1,0,1,0,1,0,1,0,1,0,1,0,1,0,0,0.15101504,False
91406,34.195685,-118.490752,3,20.75,67.1,1,0,0,0,1,0,0,0,1,1,0,1,0,1,0,1,0,1,0,1,0,0,0,1,1,0,0,0.392021,False
91436,34.152875,-118.486056,26,44.65,1156.55,1,0,0,0,0,1,0,0,0,0,1,0,1,0,0,0,0,0,0,0,1,0,0,1,0,0,0,0.4750978,False
91501,34.188339,-118.300942,29,60.2,1834.15,1,0,1,1,1,0,0,0,0,0,1,0,0,0,0,0,0,0,0,0,1,0,0,1,0,0,1,0.24470852,False
91504,34.213049,-118.317651,27,55.45,1477.65,1,0,0,0,1,0,0,0,0,0,1,0,1,0,0,0,0,0,0,0,0,1,0,0,0,0,0,0.21584812,False
91505,34.174215,-118.345928,24,70.3,1706.45,1,0,1,1,1,0,0,0,0,0,1,0,1,0,0,0,1,0,0,0,1,0,0,1,1,0,0,0.2043087,False
91506,34.169706,-118.323548,67,60.4,3953.7,1,0,1,0,1,0,0,0,0,0,1,0,0,0,1,0,1,0,0,0,0,0,1,1,0,0,0,0.14962319,False
91602,34.15136,-118.364786,23,55.8,1327.85,0,0,0,0,1,0,0,0,0,0,0,0,1,0,1,0,0,0,0,0,0,1,0,0,0,0,0,0.24457479,False
91604,34.139082,-118.39275,14,31.1,419.7,1,0,0,0,0,1,0,0,0,0,0,0,1,0,0,0,0,0,0,0,0,0,0,1,0,0,1,0.5451803,False
91607,34.165783,-118.399795,4,50.95,207.35,1,1,0,0,0,1,0,0,0,0,0,0,1,0,0,0,0,0,1,0,1,0,0,1,1,0,0,0.6905013,False
91701,34.132275,-117.611478,16,69.1,1083.7,1,0,0,1,1,0,1,0,0,0,1,0,1,0,0,0,0,0,0,0,1,0,0,1,0,1,0,0.38893104,False
91702,34.174493,-117.87068,46,43.95,2007.85,0,0,1,0,0,1,0,0,0,0,0,0,0,0,0,0,0,0,1,0,1,0,0,1,0,1,0,0.59156066,False
91706,34.098275,-117.967399,68,86.5,5882.75,1,0,0,0,1,0,1,0,0,0,1,0,1,0,0,0,1,0,1,0,1,0,1,1,0,0,0,0.1611114,False
91709,33.942895,-117.725644,38,69.95,2657.55,1,0,0,0,1,0,1,0,0,0,1,0,1,0,1,0,1,0,0,0,0,0,0,0,0,1,0,0.3678676,False
91722,34.097345,-117.906736,17,90.95,1612.2,1,0,0,0,1,0,0,1,0,0,0,0,1,0,1,0,0,0,0,0,1,0,0,1,1,0,0,0.62926805,False
91723,34.084747,-117.886844,4,19.9,76.65,1,0,1,1,1,0,0,0,1,1,0,1,0,1,0,1,0,1,0,1,0,0,1,0,0,0,1,0.19052233,False
91724,34.08111,-117.853935,12,20.15,260.7,0,0,0,0,1,0,0,0,1,1,0,1,0,1,0,1,0,1,0,1,0,1,0,0,0,1,0,0.21605274,False
91730,34.10097,-117.57882,72,90.6,6441.85,1,0,1,0,1,0,1,0,0,0,1,0,1,0,1,0,1,0,1,0,1,0,1,1,1,0,0,0.14450765,False
91731,34.079934,-118.046695,3,92.0,266.8,1,0,0,0,1,0,0,1,0,0,0,0,0,0,0,0,0,0,1,0,1,0,0,1,0,1,0,0.8230926,True
91733,34.04622,-118.053753,41,24.85,962.25,0,0,0,0,1,0,1,0,1,1,0,1,0,1,0,1,0,1,0,1,0,1,0,1,0,0,1,0.18582813,False
91737,34.245289,-117.642503,40,36.0,1382.9,1,0,0,0,0,1,0,0,0,0,0,0,1,0,0,0,1,0,0,0,0,1,0,0,1,0,0,0.2984131,False
91739,34.133809,-117.523724,7,78.5,571.05,0,0,0,0,1,0,0,0,0,0,1,0,1,0,0,0,1,0,1,0,1,0,0,1,0,1,0,0.5632954,False
91740,34.119363,-117.855059,69,19.95,1399.35,1,0,0,0,1,0,0,0,1,1,0,1,0,1,0,1,0,1,0,1,0,0,1,0,1,0,0,0.15146886,False
91741,34.14649,-117.849815,7,20.65,150.0,1,0,1,0,1,0,0,0,1,1,0,1,0,1,0,1,0,1,0,1,0,1,0,0,0,0,1,0.2183792,False
91744,34.031441,-117.936436,5,30.5,167.2,0,0,1,1,0,1,0,0,0,0,0,0,1,0,0,0,0,0,0,0,0,0,0,1,0,1,0,0.55426466,False
91745,33.998471,-117.973758,72,106.1,7657.4,0,0,1,1,1,0,1,1,0,0,1,0,1,0,1,0,1,0,1,0,0,0,1,0,1,0,0,0.20146002,False
91746,34.038983,-117.991372,44,20.5,865.05,1,0,1,0,1,0,0,0,1,1,0,1,0,1,0,1,0,1,0,1,0,1,0,1,0,0,0,0.1819803,False
91748,33.976753,-117.897367,65,95.5,6153.85,0,0,0,0,1,0,1,1,0,0,0,0,1,0,1,0,0,0,1,0,0,1,0,1,0,1,0,0.41101462,False
91750,34.144703,-117.770299,3,64.6,174.2,0,0,0,0,1,0,1,0,0,0,0,0,0,0,0,0,1,0,1,0,0,0,0,0,0,1,0,0.56667334,False
91752,33.999992,-117.535395,24,51.1,1269.6,1,0,0,0,1,0,0,0,0,0,0,0,0,0,0,0,1,0,0,0,0,0,0,1,1,0,0,0.38183528,False
91755,34.049172,-118.115022,72,89.1,6352.4,0,1,1,0,1,0,1,0,0,0,1,0,1,0,1,0,1,0,1,0,1,0,1,0,1,0,0,0.14450765,False
91759,34.231318,-117.662032,24,54.95,1348.5,1,0,0,0,1,0,0,0,0,0,1,0,0,0,0,0,1,0,0,0,0,0,0,0,0,1,0,0.41083917,False
91762,34.057256,-117.667677,22,20.45,471.55,1,0,1,0,1,0,0,0,1,1,0,1,0,1,0,1,0,1,0,1,0,0,0,1,0,0,0,0.27681655,False
91763,34.072121,-117.698319,70,85.95,5931.75,1,0,1,0,1,0,1,0,0,0,0,0,1,0,1,0,1,0,1,0,1,0,1,1,1,0,0,0.1619557,False
91764,34.074087,-117.605618,25,60.35,1404.65,1,0,1,1,1,0,1,0,0,0,0,0,0,0,0,0,0,0,1,0,0,0,0,0,0,1,0,0.29605612,False
91765,33.992416,-117.807874,37,19.8,726.1,1,0,1,1,1,0,0,0,1,1,0,1,0,1,0,1,0,1,0,1,0,0,1,0,0,0,0,0.1309193,False
91766,34.042286,-117.756106,22,85.35,1961.6,0,1,1,1,1,0,1,1,0,0,0,0,0,0,0,0,0,0,1,0,0,0,0,0,0,0,0,0.43140277,False
91767,34.083086,-117.737997,59,72.1,4194.85,0,0,1,0,1,0,1,0,0,0,0,0,0,0,1,0,1,0,1,0,0,0,1,1,0,0,0,0.16424495,False
91775,34.114772,-118.089431,1,81.05,81.05,1,0,1,1,1,0,0,1,0,0,0,0,0,0,0,0,0,0,0,0,1,0,0,1,0,1,0,0.71465385,True
91776,34.089927,-118.095645,3,20.5,76.95,1,0,0,0,1,0,0,0,1,1,0,1,0,1,0,1,0,1,0,1,0,0,0,1,0,1,0,0.40495723,False
91780,34.101608,-118.055848,53,111.8,5809.75,0,0,1,0,1,0,1,1,0,0,0,0,1,0,1,0,1,0,1,0,1,1,0,1,0,0,0,0.46576896,False
91784,34.141146,-117.655583,1,20.2,20.2,1,0,0,0,1,0,0,0,1,1,0,1,0,1,0,1,0,1,0,1,0,0,0,0,0,0,1,0.52391976,False
91786,34.105493,-117.660934,20,19.7,415.9,1,0,0,0,1,0,0,0,1,1,0,1,0,1,0,1,0,1,0,1,0,1,0,1,0,0,1,0.19549501,False
91790,34.066964,-117.937007,51,19.85,996.95,0,0,0,0,1,0,0,0,1,1,0,1,0,1,0,1,0,1,0,1,0,1,0,1,0,0,0,0.1819803,False
91791,34.061634,-117.893169,51,60.5,3145.15,0,0,1,0,1,0,0,0,0,0,1,0,1,0,0,0,1,0,0,0,0,1,0,1,0,0,0,0.2316725,False
91792,34.024405,-117.898722,13,19.55,265.3,0,0,1,1,1,0,0,0,1,1,0,1,0,1,0,1,0,1,0,1,0,0,1,0,0,0,1,0.1487144,False
91801,34.090925,-118.128164,1,20.9,20.9,0,0,0,0,1,0,0,0,1,1,0,1,0,1,0,1,0,1,0,1,0,0,0,0,0,0,1,0.5559147,False
91803,34.074736,-118.145959,1,21.05,21.05,1,0,0,1,1,0,0,0,1,1,0,1,0,1,0,1,0,1,0,1,0,0,0,1,0,0,1,0.55105597,False
91901,32.827184,-116.703729,63,71.5,4576.3,1,0,0,0,1,0,1,0,0,0,1,0,1,0,1,0,1,0,0,0,0,1,0,0,0,1,0,0.2885151,False
91902,32.67117,-117.00232,3,54.65,189.1,1,0,0,0,1,0,0,0,0,0,0,0,0,0,0,0,0,0,0,0,1,0,0,0,0,0,1,0.7033119,True
91905,32.677097,-116.304991,46,19.2,908.15,1,0,0,0,1,0,0,0,1,1,0,1,0,1,0,1,0,1,0,1,0,0,1,0,1,0,0,0.1522232,False
91906,32.673483,-116.472863,1,49.8,49.8,1,0,0,0,1,0,1,0,0,0,0,0,0,0,0,0,0,0,0,0,0,0,0,1,1,0,0,0.73795974,True
91911,32.607964,-117.059459,71,20.5,1500.95,0,0,1,1,1,0,0,0,1,1,0,1,0,1,0,1,0,1,0,1,0,0,1,0,0,0,0,0.1460436,False
91913,32.64164,-116.985026,55,90.4,5099.15,1,0,1,1,1,0,1,1,0,0,0,0,0,0,1,0,0,0,1,0,0,0,0,1,1,0,0,0.39028716,False
91914,32.688506,-116.938632,70,90.25,6385.95,0,0,0,0,1,0,1,1,0,0,0,0,1,0,1,0,1,0,0,0,0,1,0,1,0,0,0,0.32887378,False
91916,32.912664,-116.635387,67,104.6,6885.75,1,0,1,1,1,0,1,1,0,0,1,0,0,0,0,0,1,0,1,0,1,0,1,0,0,0,0,0.290243,False
91931,32.857946,-116.561917,14,50.2,668.85,1,0,1,0,1,0,0,0,0,0,0,0,0,0,1,0,0,0,0,0,0,0,0,0,1,0,0,0.57896537,False
91932,32.579134,-117.119009,20,95.5,1916.2,0,0,1,1,1,0,1,1,0,0,0,0,0,0,1,0,1,0,0,0,1,0,0,1,0,0,0,0.5115403,False
91941,32.759327,-116.99726,49,95.4,4613.95,0,0,1,1,1,0,1,1,0,0,0,0,0,0,0,0,0,0,1,0,1,0,0,1,0,0,0,0.42695817,False
91942,32.782501,-117.01611,72,101.3,7261.25,0,0,0,0,1,0,1,1,0,0,1,0,1,0,1,0,0,0,1,0,0,0,1,1,0,0,0,0.20132016,False
91945,32.733564,-117.033713,46,53.1,2459.8,0,0,1,0,1,0,1,0,0,0,1,0,0,0,0,0,0,0,0,0,0,0,0,0,0,1,0,0.4577388,False
91948,32.830852,-116.444601,24,84.85,2048.8,1,0,0,0,1,0,1,1,0,0,0,0,1,0,1,0,0,0,0,0,0,0,0,1,0,0,0,0.6526372,False
91950,32.67102,-117.095235,5,34.25,163.55,0,0,1,1,0,1,0,0,0,0,0,0,1,0,0,0,1,0,0,0,0,0,0,0,0,1,0,0.5546475,False
91962,32.800671,-116.483363,33,88.6,2888.7,0,0,1,1,1,0,1,1,0,0,0,0,1,0,1,0,1,0,0,0,0,0,0,0,1,0,0,0.3588721,False
91963,32.619465,-116.593605,42,60.15,2421.6,0,0,0,0,1,0,1,0,0,0,1,0,1,0,0,0,0,0,0,0,0,1,0,1,0,0,0,0.26586288,False
91977,32.726627,-116.994608,23,99.95,2292.75,1,0,0,0,1,0,0,1,0,0,1,0,0,0,1,0,0,0,1,0,1,1,0,1,1,0,0,0.5044599,False
91978,32.730264,-116.950963,8,70.7,553.4,1,0,0,0,1,0,0,1,0,0,0,0,0,0,0,0,0,0,0,0,0,0,0,0,0,0,0,0.7321587,True
91980,32.587557,-116.636816,66,54.8,3465.7,1,0,0,0,1,0,0,0,0,0,1,0,1,0,0,0,0,0,0,0,0,1,0,1,0,0,1,0.215547,False
92004,33.200369,-116.192313,24,54.8,1291.3,1,1,0,0,1,0,1,0,0,0,0,0,1,0,0,0,0,0,0,0,0,0,0,0,1,0,0,0.39860633,False
92008,33.148116,-117.306043,53,100.3,5200.8,0,0,0,0,1,0,0,1,0,0,0,0,1,0,1,0,0,0,1,0,1,1,0,1,0,0,1,0.41253635,False
92009,33.098018,-117.258203,60,53.6,3237.05,0,0,0,0,0,1,0,0,0,0,1,0,0,0,1,0,0,0,1,0,1,0,1,0,0,1,0,0.29600188,False
92019,32.785165,-116.862648,20,19.35,433.75,0,0,0,0,1,0,0,0,1,1,0,1,0,1,0,1,0,1,0,1,0,1,0,1,1,0,0,0.19647701,False
92020,32.79697,-116.969082,23,85.6,1868.4,0,0,1,1,1,0,1,1,0,0,0,0,0,0,0,0,0,0,0,0,1,0,0,0,0,1,0,0.4852723,False
92021,32.832706,-116.873258,72,80.8,5728.55,1,0,1,0,1,0,0,0,0,0,1,0,0,0,1,0,1,0,1,0,1,0,1,1,0,1,0,0.1931135,False
92025,33.081478,-117.033814,21,19.6,390.4,1,0,0,0,1,0,0,0,1,1,0,1,0,1,0,1,0,1,0,1,0,0,1,0,0,0,1,0.18115821,False
92027,33.141265,-116.967221,31,90.7,2845.15,1,1,0,0,1,0,1,1,0,0,0,0,1,0,0,0,0,0,1,0,0,0,0,1,0,1,0,0.73730826,True
92028,33.362575,-117.299644,57,69.75,3894.4,0,0,0,0,1,0,0,0,0,0,0,0,1,0,1,0,1,0,1,0,0,0,1,0,0,0,1,0.18574722,False
92029,33.079834,-117.134275,45,20.0,886.4,0,0,1,1,1,0,0,0,1,1,0,1,0,1,0,1,0,1,0,1,0,0,1,1,0,0,0,0.1309193,False
92036,32.980678,-116.262854,10,95.25,1021.55,1,0,0,0,1,0,1,1,0,0,0,0,1,0,1,0,0,0,0,0,1,0,0,1,0,1,0,0.7963423,True
92040,32.909873,-116.906774,14,19.95,268.4,1,0,0,1,1,0,0,0,1,1,0,1,0,1,0,1,0,1,0,1,0,0,0,0,0,0,1,0.3231651,False
92054,33.351059,-117.420557,27,80.85,2204.35,1,0,1,0,1,0,1,0,0,0,1,0,0,0,0,0,1,0,1,0,1,1,0,0,0,0,1,0.30955234,False
92059,33.384345,-117.072619,69,93.3,6398.05,0,0,1,1,1,0,1,1,0,0,0,0,1,0,0,0,1,0,0,0,1,0,1,1,0,0,0,0.16181964,False
92064,32.984395,-117.013454,35,46.35,1662.05,0,0,1,0,0,1,0,0,0,0,1,0,0,0,0,0,1,0,1,0,0,0,1,1,1,0,0,0.21066666,False
92066,33.215251,-116.53633,45,78.75,3600.65,1,0,1,0,1,0,1,0,0,0,0,0,1,0,1,0,0,0,1,0,1,1,0,0,1,0,0,0.29384953,False
92067,33.012751,-117.200617,17,83.55,1329.15,0,0,0,0,1,0,0,1,0,0,0,0,1,0,0,0,0,0,1,0,0,0,0,1,0,1,0,0.74123067,True
92070,33.174725,-116.743329,22,19.6,422.5,1,0,0,0,1,0,0,0,1,1,0,1,0,1,0,1,0,1,0,1,0,1,0,0,0,0,1,0.2005562,False
92075,33.001813,-117.263628,67,67.85,4627.65,1,0,1,0,1,0,0,0,0,0,1,0,0,0,1,0,1,0,0,0,1,0,1,0,0,0,1,0.18705556,False
92078,33.119028,-117.166036,67,105.65,6717.9,0,0,1,1,1,0,1,1,0,0,0,0,0,0,1,0,1,0,1,0,1,0,1,1,0,0,0,0.26538956,False
92084,33.22784,-117.200024,9,75.5,637.4,0,1,0,0,1,0,0,1,0,0,0,0,0,0,1,0,0,0,0,0,0,0,0,0,1,0,0,0.7080629,True
92086,33.323705,-116.626907,5,20.15,117.95,0,0,0,0,1,0,0,0,1,1,0,1,0,1,0,1,0,1,0,1,0,0,0,0,0,0,1,0.39886907,False
92091,32.99356,-117.207121,54,45.2,2460.55,1,0,0,0,0,1,0,0,0,0,1,0,0,0,0,0,1,0,1,0,0,0,1,0,1,0,0,0.20916723,False
92107,32.741852,-117.243453,70,79.25,5731.85,1,0,1,0,1,0,1,0,0,0,1,0,1,0,1,0,1,0,1,0,0,0,1,1,0,0,0,0.18205518,False
92109,32.787836,-117.232376,53,85.7,4616.1,1,0,1,1,1,0,1,0,0,0,1,0,0,0,1,0,1,0,1,0,1,0,0,0,0,1,0,0.27219933,False
92111,32.805518,-117.169052,31,20.1,589.25,0,0,0,0,1,0,0,0,1,1,0,1,0,1,0,1,0,1,0,1,0,1,0,0,1,0,0,0.1819803,False
92113,32.697098,-117.116587,13,61.8,750.1,1,0,1,1,1,0,0,0,0,0,0,0,1,0,1,0,1,0,0,0,0,0,0,0,0,0,0,0.37718987,False
92114,32.707892,-117.05512,28,49.9,1410.25,0,0,1,1,1,0,1,0,0,0,0,0,0,0,0,0,0,0,0,0,0,0,0,0,0,0,1,0.2932764,False
92116,32.765299,-117.122565,38,20.4,743.5,1,0,1,0,1,0,0,0,1,1,0,1,0,1,0,1,0,1,0,1,0,0,1,0,0,0,0,0.1522232,False
92119,32.802959,-117.027095,52,75.4,3865.45,1,0,1,0,1,0,0,0,0,0,1,0,1,0,0,0,0,0,1,0,1,1,0,1,0,0,1,0.273589,False
92120,32.807867,-117.060993,62,108.15,6825.65,1,0,1,1,1,0,0,1,0,0,1,0,1,0,1,0,1,0,1,0,1,0,1,0,0,0,1,0.2757941,False
92121,32.898613,-117.202937,16,86.25,1340.1,0,0,0,0,1,0,0,1,0,0,0,0,1,0,0,0,0,0,0,0,1,0,0,1,0,1,0,0.7212472,True
92123,32.808814,-117.134694,12,95.7,1184.0,1,0,0,0,1,0,0,1,0,0,0,0,0,0,1,0,0,0,1,0,1,1,0,0,0,1,0,0.60649216,False
92124,32.827238,-117.089287,72,116.85,8477.7,0,0,1,1,1,0,1,1,0,0,1,0,1,0,1,0,1,0,1,0,1,0,1,1,0,0,0,0.16720729,False
92126,32.886925,-117.152162,71,105.75,7382.85,1,1,0,0,1,0,1,1,0,0,0,0,1,0,0,0,1,0,1,0,1,1,0,0,0,0,0,0.40621266,False
92127,33.017518,-117.118456,24,20.15,456.85,0,0,1,0,1,0,0,0,1,1,0,1,0,1,0,1,0,1,0,1,0,1,0,0,0,0,1,0.18582813,False
92128,33.000269,-117.072093,15,19.6,331.6,0,0,0,0,1,0,0,0,1,1,0,1,0,1,0,1,0,1,0,1,0,0,1,0,0,0,1,0.18115821,False
92130,32.957195,-117.202542,2,60.95,134.6,1,0,0,1,1,0,1,0,0,0,1,0,1,0,0,0,0,0,0,0,0,0,0,0,0,0,0,0.4406996,False
92131,32.89325,-117.087091,5,25.05,125.5,0,0,1,1,0,1,0,0,0,0,0,0,0,0,0,0,0,0,0,0,0,0,0,0,0,0,1,0.52893203,False
92173,32.555828,-117.040073,41,60.3,2511.3,1,0,1,0,1,0,0,0,0,0,1,0,1,0,1,0,0,0,0,0,0,1,0,1,0,0,0,0.25510463,False
92201,33.713891,-116.237257,43,63.95,2737.05,0,0,0,1,1,0,0,0,0,0,1,0,1,0,0,0,0,0,0,0,1,0,0,1,0,1,0,0.31174073,False
92203,33.752938,-116.230055,1,74.3,74.3,1,1,1,0,1,0,1,1,0,0,0,0,0,0,0,0,0,0,0,0,0,0,0,0,0,1,0,0.8137573,True
92210,33.537646,-116.291089,1,70.6,70.6,0,1,0,0,1,0,0,1,0,0,0,0,0,0,0,0,0,0,0,0,0,0,0,1,0,0,1,0.8061753,True
92223,33.946982,-116.977672,71,90.55,6404.0,1,0,1,0,1,0,1,0,0,0,1,0,1,0,1,0,1,0,1,0,1,0,1,0,0,0,0,0.15450087,False
92225,33.674583,-114.71612,7,19.45,165.35,1,0,0,0,1,0,0,0,1,1,0,1,0,1,0,1,0,1,0,1,0,0,1,0,0,0,1,0.25282818,False
92227,33.03933,-115.191857,28,64.45,1867.6,0,1,0,0,1,0,1,0,0,0,0,0,1,0,1,0,1,0,0,0,0,0,0,0,0,0,0,0.34212327,False
92230,33.929812,-116.76058,16,69.65,1043.3,1,1,0,0,1,0,0,1,0,0,0,0,0,0,0,0,0,0,0,0,0,0,0,0,0,1,0,0.6725798,False
92231,32.690654,-115.431225,7,19.5,128.6,1,0,0,0,1,0,0,0,1,1,0,1,0,1,0,1,0,1,0,1,0,1,0,0,0,0,1,0.30696306,False
92233,33.143826,-115.497485,69,110.5,7455.45,0,0,0,0,1,0,1,1,0,0,0,0,1,0,1,0,1,0,1,0,1,0,1,1,0,0,0,0.2894527,False
92234,33.829583,-116.474131,1,24.7,24.7,0,0,0,1,0,1,0,0,0,0,0,0,0,0,0,0,0,0,0,0,0,0,0,0,0,0,1,0.5497706,False
92236,33.680031,-116.171678,3,77.4,206.15,1,0,0,0,1,0,0,0,0,0,1,0,0,0,1,0,0,0,1,0,1,0,0,1,0,1,0,0.6119562,False
92240,33.948558,-116.516976,69,85.4,5869.4,0,0,1,0,1,0,1,1,0,0,0,0,1,0,1,0,0,0,0,0,0,0,0,1,0,0,0,0.4955222,False
92241,33.832799,-116.250973,71,47.6,3377.8,0,0,1,0,0,1,0,0,0,0,1,0,1,0,1,0,1,0,0,0,0,0,1,1,0,0,0,0.19013359,False
92242,34.137742,-114.36514,69,19.4,1346.2,0,0,1,1,1,0,0,0,1,1,0,1,0,1,0,1,0,1,0,1,0,0,1,0,0,0,1,0.16141243,False
92243,32.770393,-115.60915,48,103.85,4946.05,0,0,0,0,1,0,1,1,0,0,0,0,0,0,1,0,1,0,1,0,1,0,0,1,0,1,0,0.6381868,False
92251,32.858595,-115.662709,45,108.45,4964.7,1,0,0,0,1,0,1,1,0,0,1,0,0,0,1,0,1,0,1,0,1,0,0,1,1,0,0,0.5651982,False
92252,34.167236,-116.281511,51,81.0,4085.75,1,0,0,0,1,0,1,1,0,0,0,0,1,0,0,0,0,0,0,0,0,0,0,0,0,0,0,0.5594408,False
92254,33.543835,-115.993906,72,86.65,6224.8,1,0,0,0,1,0,1,0,0,0,1,0,1,0,1,0,1,0,1,0,1,0,1,0,0,0,0,0.15101504,False
92256,34.097863,-116.594561,37,92.95,3415.25,1,0,1,1,1,0,1,1,0,0,0,0,1,0,1,0,0,0,1,0,0,0,0,1,0,1,0,0.41754556,False
92257,33.345825,-115.596574,71,90.35,6325.25,1,0,1,0,1,0,1,0,0,0,1,0,1,0,1,0,1,0,1,0,1,0,1,0,0,1,0,0.1931135,False
92259,32.698964,-115.886656,66,25.15,1683.6,0,0,0,0,1,0,1,0,1,1,0,1,0,1,0,1,0,1,0,1,0,0,1,1,1,0,0,0.15146886,False
92260,33.694501,-116.412711,51,76.4,3966.3,1,0,1,0,1,0,0,0,0,0,1,0,0,0,0,0,1,0,1,0,1,1,0,1,0,0,0,0.25889084,False
92262,33.839989,-116.659215,30,19.55,608.5,0,0,1,0,1,0,0,0,1,1,0,1,0,1,0,1,0,1,0,1,0,1,0,0,0,0,0,0.1819803,False
92264,33.745746,-116.514215,34,85.35,2896.6,0,0,0,0,1,0,1,1,0,0,0,0,0,0,0,0,0,0,1,0,0,0,0,0,0,1,0,0.6539762,False
92266,33.3249,-114.758334,64,24.8,1514.85,1,0,1,1,1,0,1,0,1,1,0,1,0,1,0,1,0,1,0,1,0,0,1,1,0,0,1,0.16141243,False
92267,34.273872,-114.192901,65,103.15,6792.45,1,1,1,0,1,0,1,1,0,0,0,0,1,0,1,0,0,0,1,0,1,1,0,1,0,0,0,0.5199413,False
92268,34.201108,-116.593456,47,100.75,4669.2,1,0,0,0,1,0,1,1,0,0,1,0,1,0,0,0,1,0,1,0,0,0,0,0,0,0,1,0.5115452,False
92274,33.53604,-116.119222,67,94.1,6302.8,0,0,1,1,1,0,1,1,0,0,0,0,1,0,0,0,1,0,1,0,0,0,1,0,1,0,0,0.16701786,False
92275,33.28156,-115.955541,39,19.35,779.2,1,0,0,0,1,0,0,0,1,1,0,1,0,1,0,1,0,1,0,1,0,1,0,0,0,0,0,0.1819803,False
92276,33.849263,-116.382778,14,19.9,283.75,1,0,0,0,1,0,0,0,1,1,0,1,0,1,0,1,0,1,0,1,0,0,0,0,0,0,1,0.30973935,False
92278,34.457829,-116.139589,56,101.05,5594.0,1,1,0,0,1,0,1,1,0,0,0,0,0,0,1,0,0,0,1,0,1,0,0,1,0,1,0,0.6906477,False
92280,34.264124,-114.717964,14,59.1,772.85,0,0,0,0,1,0,0,0,0,0,0,0,0,0,0,0,1,0,0,0,1,1,0,0,1,0,0,0.3906779,False
92282,33.972293,-116.654195,16,55.85,857.8,1,0,1,0,1,0,0,0,0,0,1,0,1,0,0,0,0,0,0,0,0,1,0,1,0,0,1,0.28060156,False
92283,32.852947,-114.850784,70,106.05,7554.05,1,0,1,1,1,0,1,1,0,0,1,0,1,0,0,0,0,0,1,0,1,0,0,1,0,1,0,0.32731688,False
92284,34.159534,-116.425984,72,84.1,5981.65,1,1,1,0,1,0,1,0,0,0,1,0,1,0,1,0,0,0,1,0,1,0,1,1,1,0,0,0.1618856,False
92285,34.341737,-116.539416,23,75.3,1702.9,0,0,1,1,1,0,0,1,0,0,0,0,0,0,1,0,0,0,0,0,0,0,0,1,1,0,0,0.44040087,False
92301,34.667815,-117.536183,21,24.7,467.15,1,0,0,1,1,0,1,0,1,1,0,1,0,1,0,1,0,1,0,1,0,0,0,0,0,0,1,0.2383345,False
92310,35.349241,-116.770281,36,55.8,1941.5,0,0,0,0,1,0,1,0,0,0,0,0,0,0,1,0,0,0,0,0,0,1,0,0,0,1,0,0.3055303,False
92311,34.965648,-117.001509,50,39.7,1932.75,0,0,0,0,0,1,0,0,0,0,0,0,1,0,1,0,1,0,0,0,0,0,1,0,1,0,0,0.22124031,False
92313,34.029175,-117.307211,48,29.5,1423.05,0,0,1,1,0,1,0,0,0,0,0,0,0,0,0,0,1,0,0,0,0,0,0,1,1,0,0,0.26724765,False
92314,34.278967,-116.773825,50,20.15,970.85,0,0,0,1,1,0,0,0,1,1,0,1,0,1,0,1,0,1,0,1,0,0,1,0,1,0,0,0.12977697,False
92315,34.242058,-116.89802,72,79.55,5810.9,1,0,1,0,1,0,1,0,0,0,1,0,1,0,1,0,1,0,0,0,1,0,1,0,1,0,0,0.15450087,False
92316,34.059722,-117.39104,10,24.8,223.9,1,0,0,1,1,0,1,0,1,1,0,1,0,1,0,1,0,1,0,1,0,0,0,0,1,0,0,0.28010663,False
92320,33.982787,-117.057627,18,19.65,391.7,0,0,0,0,1,0,0,0,1,1,0,1,0,1,0,1,0,1,0,1,0,0,0,0,0,0,1,0.27640006,False
92325,34.248061,-117.29028,9,94.05,811.65,1,0,0,0,1,0,0,1,0,0,0,0,0,0,1,0,0,0,1,0,1,0,0,1,0,1,0,0.8221542,True
92327,34.875144,-116.821698,2,90.75,174.75,1,0,0,0,1,0,1,1,0,0,1,0,0,0,0,0,0,0,0,0,1,0,0,0,0,0,1,0.6505882,False
92328,36.27688,-117.033326,40,78.85,3126.85,0,0,1,0,1,0,1,1,0,0,0,0,0,0,0,0,1,0,0,0,0,0,0,1,1,0,0,0.6112801,False
92332,34.9436,-115.287901,69,99.5,6841.45,1,0,1,0,1,0,1,1,0,0,0,0,0,0,1,0,0,0,1,0,1,1,0,0,0,0,0,0.4547934,False
92335,34.087558,-117.464096,18,80.55,1406.65,1,0,0,1,1,0,1,1,0,0,0,0,0,0,1,0,0,0,0,0,0,0,0,1,1,0,0,0.518111,False
92336,34.136367,-117.460803,11,70.2,834.7,1,1,1,0,1,0,0,1,0,0,0,0,0,0,0,0,0,0,0,0,0,0,0,1,0,1,0,0.77784246,True
92339,34.067699,-116.903891,55,59.45,3157.0,1,0,1,0,1,0,0,0,0,0,1,0,0,0,0,0,0,0,0,0,1,1,0,0,1,0,0,0.26757005,False
92341,34.244411,-117.072654,33,93.35,3092.0,1,0,1,0,1,0,1,1,0,0,0,0,1,0,1,0,0,0,0,0,1,0,0,1,0,1,0,0.72945267,True
92342,34.757783,-117.33997,46,44.95,2168.9,0,0,0,0,1,0,0,0,0,0,0,0,0,0,0,0,0,0,0,0,0,0,0,0,0,0,0,0.4092164,False
92345,34.361387,-117.337509,34,26.1,980.35,1,0,0,0,1,0,1,0,1,1,0,1,0,1,0,1,0,1,0,1,0,0,1,0,0,0,0,0.1522232,False
92346,34.129677,-117.154277,3,20.2,65.95,0,0,0,0,1,0,0,0,1,1,0,1,0,1,0,1,0,1,0,1,0,0,0,0,0,1,0,0.36723018,False
92347,34.983808,-117.239306,30,21.25,711.9,1,0,1,1,1,0,0,0,1,1,0,1,0,1,0,1,0,1,0,1,0,0,1,0,0,0,1,0.13386415,False
92352,34.2565,-117.19335,33,59.4,1952.8,0,0,0,0,1,0,1,0,0,0,1,0,0,0,0,0,1,0,0,0,0,1,0,0,0,1,0,0.27641055,False
92354,34.049315,-117.255974,45,95.0,4368.85,1,0,1,1,1,0,1,1,0,0,0,0,1,0,1,0,0,0,0,0,1,1,0,1,1,0,0,0.23757128,False
92356,34.508417,-116.856103,40,61.9,2647.1,1,0,0,0,1,0,0,0,0,0,1,0,1,0,0,0,1,0,0,0,0,0,0,1,0,0,1,0.29804242,False
92358,34.238162,-117.534306,71,118.65,8477.6,0,0,0,0,1,0,1,1,0,0,1,0,1,0,1,0,1,0,1,0,1,0,1,1,0,1,0,0.22987874,False
92363,34.711224,-114.702256,72,64.45,4528.0,0,0,1,0,0,1,0,0,0,0,1,0,1,0,1,0,1,0,1,0,1,0,1,0,0,0,0,0.1639868,False
92364,35.478736,-115.516984,22,80.15,1790.65,0,0,1,1,1,0,0,1,0,0,0,0,0,0,0,0,0,0,0,0,1,0,0,1,0,1,0,0.4460609,False
92365,34.89326,-116.505958,46,20.2,845.6,1,0,1,0,1,0,0,0,1,1,0,1,0,1,0,1,0,1,0,1,0,1,0,1,0,0,0,0.1819803,False
92368,34.647959,-117.296957,55,21.0,1210.3,0,0,1,1,1,0,0,0,1,1,0,1,0,1,0,1,0,1,0,1,0,0,1,0,0,0,1,0.13386415,False
92371,34.441123,-117.537886,1,20.45,20.45,1,0,0,0,1,0,0,0,1,1,0,1,0,1,0,1,0,1,0,1,0,0,0,0,0,0,1,0.5129586,False
92372,34.459322,-117.629729,12,75.85,854.45,0,0,0,0,1,0,1,0,0,0,0,0,0,0,0,0,1,0,1,0,1,1,0,1,0,0,1,0.44856012,False
92373,34.003243,-117.138286,31,80.45,2429.1,1,0,0,0,1,0,1,1,0,0,0,0,1,0,0,0,0,0,0,0,0,0,0,1,0,1,0,0.7339804,True
92376,34.109775,-117.378904,67,75.5,5229.45,0,0,1,0,1,0,1,0,0,0,1,0,0,0,0,0,0,0,1,0,1,0,1,1,0,1,0,0.22483718,False
92377,34.156758,-117.404686,1,44.45,44.45,1,0,0,0,1,0,0,0,0,0,0,0,0,0,0,0,0,0,0,0,0,0,0,0,0,0,1,0.70083046,True
92384,35.924252,-116.188668,41,74.55,3023.55,1,0,1,1,1,0,1,0,0,0,1,0,1,0,1,0,0,0,1,0,0,0,0,1,1,0,0,0.24752825,False
92392,34.486835,-117.362274,42,48.15,2032.3,1,0,1,0,0,1,0,0,0,0,1,0,0,0,1,0,1,0,1,0,0,0,1,0,1,0,0,0.18057804,False
92394,34.567058,-117.362329,23,19.65,436.9,1,0,1,0,1,0,0,0,1,1,0,1,0,1,0,1,0,1,0,1,0,1,0,0,0,0,1,0.18582813,False
92398,35.013299,-116.834092,1,20.15,20.15,0,0,0,0,1,0,0,0,1,1,0,1,0,1,0,1,0,1,0,1,0,0,0,0,0,0,1,0.5547628,False
92399,34.04597,-117.011825,56,106.6,5893.95,0,0,0,0,1,0,1,1,0,0,1,0,1,0,0,0,0,0,1,0,1,0,0,1,1,0,0,0.5298669,False
92401,34.105935,-117.2914,15,91.0,1430.05,1,0,0,1,1,0,1,1,0,0,0,0,1,0,0,0,0,0,1,0,0,0,0,1,0,1,0,0.6121465,False
92404,34.183286,-117.221722,12,25.4,313.0,1,0,1,1,1,0,1,0,1,1,0,1,0,1,0,1,0,1,0,1,0,0,1,1,0,0,0,0.15343694,False
92405,34.142747,-117.300864,54,69.95,3871.85,0,0,1,0,1,0,0,0,0,0,1,0,0,0,1,0,1,0,0,0,1,0,1,0,0,0,0,0.15990403,False
92407,34.250069,-117.393949,7,66.85,458.1,0,0,0,0,1,0,0,0,0,0,0,0,0,0,0,0,0,0,1,0,1,0,0,1,0,1,0,0.61166215,False
92410,34.106922,-117.297553,16,20.15,341.35,1,0,1,1,1,0,0,0,1,1,0,1,0,1,0,1,0,1,0,1,0,0,0,0,0,1,0,0.26251194,False
92411,34.122501,-117.320138,21,64.85,1336.8,0,0,0,0,1,0,0,0,0,0,1,0,0,0,1,0,0,0,0,0,1,1,0,0,0,0,1,0.27024385,False
92501,33.994676,-117.372498,30,74.85,2181.75,1,1,1,0,1,0,1,0,0,0,0,0,0,0,1,0,0,0,1,0,1,0,1,0,0,1,0,0.2695922,False
92503,33.890046,-117.455583,3,50.5,147.75,1,0,0,0,1,0,0,0,0,0,0,0,0,0,0,0,1,0,0,0,0,0,0,1,0,0,1,0.6450367,False
92504,33.9108,-117.398153,11,72.9,818.45,1,0,0,0,1,0,0,1,0,0,0,0,0,0,1,0,0,0,0,0,0,0,0,0,0,1,0,0.7192936,True
92505,33.920907,-117.489426,62,115.05,7133.45,0,0,0,0,1,0,1,1,0,0,1,0,1,0,1,0,1,0,1,0,1,1,0,1,1,0,0,0.33624312,False
92506,33.930931,-117.361788,18,19.0,348.8,1,0,0,0,1,0,0,0,1,1,0,1,0,1,0,1,0,1,0,1,0,0,0,0,0,1,0,0.30937788,False
92507,33.976328,-117.319786,6,19.55,128.6,1,0,0,1,1,0,0,0,1,1,0,1,0,1,0,1,0,1,0,1,0,0,0,0,0,0,1,0.2711283,False
92508,33.885499,-117.324959,46,101.1,4674.4,0,0,0,0,1,0,1,1,0,0,0,0,0,0,1,0,0,0,1,0,1,1,0,1,0,1,0,0.5501534,False
92509,34.004379,-117.447864,21,84.1,1737.45,1,0,0,0,1,0,1,1,0,0,0,0,0,0,0,0,0,0,0,0,1,0,0,1,0,1,0,0.76258844,True
92518,33.888323,-117.277533,68,24.15,1498.85,1,0,0,0,1,0,1,0,1,1,0,1,0,1,0,1,0,1,0,1,0,0,1,1,0,0,0,0.15146886,False
92530,33.655421,-117.391751,1,50.1,50.1,0,0,0,0,1,0,1,0,0,0,0,0,0,0,0,0,0,0,0,0,0,0,0,1,0,1,0,0.7297399,True
92532,33.705836,-117.318204,25,74.6,1797.75,0,0,1,0,1,0,0,1,0,0,0,0,0,0,1,0,0,0,0,0,0,0,0,1,0,1,0,0.7247786,True
92536,33.482243,-116.827173,24,19.75,498.1,0,0,0,1,1,0,0,0,1,1,0,1,0,1,0,1,0,1,0,1,0,0,1,0,0,0,1,0.13270007,False
92544,33.644585,-116.871544,51,106.8,5498.8,1,0,1,0,1,0,1,1,0,0,0,0,1,0,1,0,0,0,1,0,1,1,0,1,0,0,0,0.46762386,False
92545,33.734933,-117.044145,57,84.5,4845.4,0,0,1,0,1,0,1,0,0,0,1,0,0,0,1,0,1,0,1,0,1,0,1,1,0,1,0,0.19347039,False
92548,33.761894,-117.120868,15,25.05,369.1,0,0,0,0,1,0,1,0,1,1,0,1,0,1,0,1,0,1,0,1,0,0,1,0,0,0,0,0.17902948,False
92549,33.755039,-116.741796,72,83.7,6096.9,0,0,1,0,1,0,0,0,0,0,1,0,1,0,1,0,1,0,1,0,1,0,1,1,0,0,0,0.15450087,False
92553,33.923149,-117.244933,28,96.6,2684.35,1,0,1,0,1,0,1,1,0,0,0,0,1,0,1,0,0,0,1,0,0,0,0,0,1,0,0,0.6194728,False
92557,33.970661,-117.255039,70,101.1,6994.8,1,0,1,1,1,0,0,1,0,0,1,0,1,0,1,0,1,0,1,0,0,0,1,1,1,0,0,0.17207065,False
92561,33.638645,-116.55783,13,20.2,273.25,0,0,0,0,1,0,0,0,1,1,0,1,0,1,0,1,0,1,0,1,0,1,0,0,0,0,1,0.21843413,False
92562,33.548869,-117.334165,59,94.05,5483.9,0,1,1,0,1,0,1,1,0,0,1,0,1,0,1,0,1,0,0,0,0,1,0,1,0,1,0,0.2928988,False
92570,33.787298,-117.320676,62,81.0,4985.9,0,0,1,0,1,0,0,0,0,0,1,0,0,0,1,0,1,0,1,0,1,0,1,0,0,0,1,0.154248,False
92571,33.828289,-117.201666,21,60.25,1258.35,0,0,0,0,1,0,0,0,0,0,1,0,0,0,1,0,1,0,0,0,0,1,0,1,0,1,0,0.3047286,False
92582,33.806708,-117.02007,2,60.85,111.4,0,0,0,0,1,0,0,0,0,0,0,0,0,0,1,0,0,0,0,0,1,0,0,0,0,1,0,0.60958123,False
92583,33.796568,-116.924723,1,43.95,43.95,0,0,0,0,1,0,0,0,0,0,0,0,0,0,0,0,0,0,0,0,0,0,0,0,1,0,0,0.65942025,False
92584,33.653338,-117.178271,4,86.05,308.1,1,0,0,0,1,0,0,1,0,0,0,0,0,0,1,0,0,0,0,0,1,0,0,0,0,1,0,0.7971157,True
92585,33.739412,-117.173334,19,20.25,383.65,0,0,0,0,1,0,0,0,1,1,0,1,0,1,0,1,0,1,0,1,0,1,0,0,1,0,0,0.21321413,False
92587,33.69887,-117.25071,67,19.4,1284.2,1,0,1,1,1,0,0,0,1,1,0,1,0,1,0,1,0,1,0,1,0,0,1,1,1,0,0,0.1309193,False
92590,33.475493,-117.219551,72,102.65,7550.3,1,1,1,0,1,0,1,1,0,0,1,0,1,0,1,0,0,0,0,0,1,0,1,1,1,0,0,0.19316404,False
92591,33.540604,-117.10909,53,19.9,1110.05,1,0,1,0,1,0,0,0,1,1,0,1,0,1,0,1,0,1,0,1,0,0,1,0,1,0,0,0.1522232,False
92592,33.507255,-117.029473,5,19.55,99.6,0,0,0,0,1,0,0,0,1,1,0,1,0,1,0,1,0,1,0,1,0,1,0,0,0,1,0,0.27624196,False
92595,33.617108,-117.253349,71,95.5,6707.15,1,1,1,0,1,0,0,1,0,0,0,0,1,0,1,0,1,0,0,0,1,0,1,1,1,0,0,0.212345,False
92596,33.657433,-117.04254,50,84.15,4164.4,0,0,1,0,1,0,1,0,0,0,0,0,1,0,1,0,1,0,1,0,1,1,0,1,1,0,0,0.2997498,False
92602,33.720359,-117.733655,56,103.2,5873.75,1,0,1,1,1,0,1,1,0,0,0,0,0,0,1,0,1,0,1,0,1,0,1,1,0,1,0,0.24276273,False
92604,33.688546,-117.788091,2,50.2,109.25,1,0,0,0,1,0,0,0,0,0,0,0,0,0,0,0,1,0,0,0,0,0,0,1,1,0,0,0.63559335,False
92612,33.643095,-117.810896,46,19.95,862.4,1,0,1,1,1,0,0,0,1,1,0,1,0,1,0,1,0,1,0,1,0,0,1,0,1,0,0,0.1309193,False
92614,33.680302,-117.833296,71,116.25,8564.75,1,0,1,0,1,0,1,1,0,0,1,0,1,0,1,0,1,0,1,0,1,0,1,1,0,1,0,0.20719206,False
92618,33.667145,-117.732135,29,31.2,926.2,0,0,0,0,0,1,0,0,0,0,0,0,0,0,0,0,1,0,0,0,0,0,0,1,0,1,0,0.54433745,False
92620,33.716136,-117.752574,69,24.45,1718.2,1,0,1,1,1,0,1,0,1,1,0,1,0,1,0,1,0,1,0,1,0,0,1,0,0,0,0,0.1309193,False
92624,33.458754,-117.665104,71,84.2,5956.85,1,0,1,0,1,0,1,0,0,0,0,0,1,0,1,0,1,0,1,0,1,0,1,0,1,0,0,0.151816,False
92626,33.678591,-117.905471,56,85.65,4824.45,1,1,1,0,1,0,0,0,0,0,1,0,1,0,1,0,1,0,1,0,1,0,1,1,0,0,0,0.154248,False
92627,33.645672,-117.922613,56,21.2,1238.65,1,0,0,0,1,0,0,0,1,1,0,1,0,1,0,1,0,1,0,1,0,1,0,1,0,0,1,0.20416054,False
92630,33.644849,-117.684254,28,25.55,672.2,0,0,1,0,1,0,1,0,1,1,0,1,0,1,0,1,0,1,0,1,0,1,0,0,0,0,1,0.18533832,False
92646,33.666301,-117.969501,19,20.2,382.2,0,0,1,1,1,0,0,0,1,1,0,1,0,1,0,1,0,1,0,1,0,0,0,0,0,0,1,0.26926225,False
92647,33.723579,-118.005441,66,63.85,4264.6,1,0,1,0,1,0,1,0,0,0,0,0,0,0,0,0,1,0,0,0,1,0,0,0,0,1,0,0.37811998,False
92648,33.679659,-118.016195,17,61.95,1070.7,0,0,1,0,1,0,1,0,0,0,0,0,0,0,1,0,1,0,0,0,0,1,0,1,0,0,1,0.33585006,False
92649,33.721917,-118.043237,52,25.75,1345.85,1,0,1,1,1,0,1,0,1,1,0,1,0,1,0,1,0,1,0,1,0,0,1,0,0,0,1,0.13386415,False
92651,33.570023,-117.773669,19,58.2,1045.25,0,0,0,0,1,0,0,0,0,0,0,0,1,0,0,0,0,0,1,0,0,1,0,0,0,1,0,0.3899219,False
92653,33.606899,-117.717854,36,85.85,3003.55,0,0,0,0,1,0,0,0,0,0,1,0,1,0,1,0,1,0,1,0,1,1,0,0,0,0,0,0.29613182,False
92656,33.571259,-117.731917,72,104.9,7537.5,1,0,1,1,1,0,1,1,0,0,1,0,1,0,1,0,1,0,0,0,1,1,0,1,1,0,0,0.21211861,False
92660,33.634626,-117.874882,34,99.85,3343.15,1,1,0,0,1,0,0,1,0,0,0,0,1,0,1,0,0,0,1,0,1,1,0,1,0,1,0,0.5077771,False
92672,33.429488,-117.609432,8,19.55,161.15,1,0,1,0,1,0,0,0,1,1,0,1,0,1,0,1,0,1,0,1,0,0,0,1,0,0,0,0.35194388,False
92673,33.4725,-117.584273,69,104.0,7028.5,0,0,0,0,1,0,1,1,0,0,0,0,0,0,1,0,1,0,1,0,1,0,1,0,0,1,0,0.41846666,False
92675,33.521447,-117.602555,50,104.4,5232.9,0,0,1,0,1,0,1,1,0,0,1,0,0,0,1,0,0,0,1,0,1,1,0,1,0,0,1,0.46142232,False
92676,33.782346,-117.635263,10,19.5,225.85,1,0,0,0,1,0,0,0,1,1,0,1,0,1,0,1,0,1,0,1,0,1,0,0,0,0,1,0.2653102,False
92677,33.529047,-117.701175,12,25.25,274.7,0,0,1,1,1,0,1,0,1,1,0,1,0,1,0,1,0,1,0,1,0,0,1,0,1,0,0,0.16807222,False
92683,33.752591,-117.993661,70,49.85,3370.2,0,0,1,0,0,1,0,0,0,0,1,0,0,0,1,0,1,0,0,0,1,0,1,1,0,0,0,0.16947117,False
92688,33.624654,-117.611733,64,108.95,7111.3,0,1,0,0,1,0,1,1,0,0,1,0,0,0,1,0,1,0,1,0,1,0,0,1,0,0,0,0.5095293,False
92691,33.611945,-117.665867,66,89.9,5958.85,0,0,1,0,1,0,1,0,0,0,1,0,1,0,1,0,1,0,1,0,1,0,1,0,1,0,0,0.154248,False
92692,33.60693,-117.644253,71,82.0,5999.85,0,0,1,0,1,0,0,0,0,0,1,0,0,0,1,0,1,0,1,0,1,0,1,1,1,0,0,0.14450765,False
92694,33.569186,-117.640055,20,89.95,1648.45,1,1,0,0,1,0,0,1,0,0,0,0,0,0,0,0,0,0,1,0,1,0,0,0,0,1,0,0.6921273,False
92701,33.748478,-117.858918,72,79.35,5753.25,1,0,1,0,1,0,0,0,0,0,1,0,1,0,0,0,1,0,1,0,1,0,1,1,0,0,0,0.14450765,False
92703,33.748635,-117.906125,71,64.05,4492.9,0,0,1,0,1,0,0,0,0,0,1,0,1,0,1,0,1,0,0,0,0,0,1,0,1,0,0,0.14382868,False
92704,33.719869,-117.907063,38,101.15,3956.7,1,0,1,1,1,0,1,1,0,0,0,0,0,0,1,0,0,0,1,0,1,0,0,1,1,0,0,0.44711724,False
92707,33.714829,-117.872941,33,39.1,1309.0,1,0,0,0,0,1,0,0,0,0,0,0,1,0,0,0,0,0,1,0,0,1,0,1,0,1,0,0.41577342,False
92708,33.712036,-117.950113,23,34.6,813.45,0,0,1,0,0,1,0,0,0,0,1,0,0,0,0,0,1,0,0,0,0,0,1,0,0,0,1,0.19784988,False
92780,33.735802,-117.818805,58,19.55,1108.8,1,0,1,0,1,0,0,0,1,1,0,1,0,1,0,1,0,1,0,1,0,1,0,1,0,1,0,0.2187382,False
92782,33.738543,-117.785046,70,104.45,7349.35,0,1,1,0,1,0,1,1,0,0,0,0,1,0,0,0,1,0,1,0,1,0,1,1,0,0,0,0.32687524,False
92801,33.844983,-117.952151,4,70.5,294.2,1,0,1,0,1,0,0,1,0,0,0,0,0,0,0,0,0,0,0,0,0,0,0,0,0,1,0,0.7752614,True
92802,33.807864,-117.923782,45,20.35,929.2,1,0,1,1,1,0,0,0,1,1,0,1,0,1,0,1,0,1,0,1,0,0,1,0,0,0,1,0.13386415,False
92805,33.830209,-117.906099,36,19.45,754.5,1,0,1,1,1,0,0,0,1,1,0,1,0,1,0,1,0,1,0,1,0,0,1,0,1,0,0,0.1309193,False
92806,33.83796,-117.870494,54,69.9,3883.3,1,0,0,0,1,0,0,0,0,0,1,0,1,0,0,0,1,0,1,0,0,0,0,1,0,0,1,0.27637824,False
92807,33.848733,-117.788357,23,59.7,1414.2,1,0,1,0,1,0,1,0,0,0,0,0,1,0,0,0,1,0,0,0,0,0,1,0,0,0,1,0.18123631,False
92808,33.850452,-117.726668,41,78.35,3211.2,0,0,1,0,1,0,1,0,0,0,1,0,1,0,1,0,0,0,1,0,0,1,0,1,1,0,0,0.26664707,False
92821,33.930199,-117.862898,5,71.45,371.6,1,1,0,0,1,0,0,1,0,0,0,0,0,0,0,0,0,0,0,0,0,0,0,1,0,0,1,0.7705026,True
92823,33.924143,-117.79387,27,45.85,1246.4,1,0,1,0,0,1,0,0,0,0,0,0,1,0,1,0,0,0,0,0,1,1,0,1,1,0,0,0.422328,False
92831,33.879983,-117.895482,1,95.85,95.85,0,0,0,0,1,0,0,1,0,0,0,0,0,0,0,0,1,0,1,0,1,0,0,1,0,1,0,0.79912037,True
92832,33.868316,-117.929029,67,35.7,2545.7,0,0,1,0,0,1,0,0,0,0,1,0,0,0,0,0,1,0,0,0,0,0,1,0,1,0,0,0.17873608,False
92833,33.877639,-117.961212,72,89.55,6448.85,0,1,1,0,1,0,1,0,0,0,1,0,1,0,1,0,1,0,1,0,1,0,1,1,1,0,0,0.14450765,False
92835,33.902211,-117.914922,56,24.95,1468.9,0,0,1,1,1,0,1,0,1,1,0,1,0,1,0,1,0,1,0,1,0,0,1,1,1,0,0,0.1309193,False
92840,33.787165,-117.931889,44,24.85,1013.6,1,0,1,0,1,0,1,0,1,1,0,1,0,1,0,1,0,1,0,1,0,1,0,0,0,1,0,0.20044105,False
92841,33.786738,-117.982564,66,100.8,6690.75,0,1,1,0,1,0,1,1,0,0,0,0,1,0,0,0,0,0,1,0,1,0,0,1,0,1,0,0.66447645,False
92844,33.766476,-117.969795,69,105.35,7240.65,0,0,1,0,1,0,1,1,0,0,0,0,0,0,1,0,1,0,1,0,1,0,1,0,0,0,0,0.32624426,False
92860,33.925833,-117.559639,40,19.65,830.25,0,0,0,0,1,0,0,0,1,1,0,1,0,1,0,1,0,1,0,1,0,0,1,0,1,0,0,0.1522232,False
92861,33.817473,-117.810462,30,54.45,1588.7,1,0,1,1,1,0,1,0,0,0,1,0,0,0,0,0,0,0,0,0,0,0,0,1,0,0,0,0.2726219,False
92865,33.828779,-117.848299,11,70.5,829.3,0,0,0,0,1,0,0,0,0,0,0,0,0,0,0,0,1,0,1,0,1,0,0,0,0,0,1,0.45197266,False
92866,33.784597,-117.844535,15,20.1,302.45,0,0,0,0,1,0,0,0,1,1,0,1,0,1,0,1,0,1,0,1,0,1,0,0,1,0,0,0.22067563,False
92867,33.81859,-117.821288,11,69.35,712.25,1,0,0,0,1,0,0,0,0,0,0,0,0,0,1,0,0,0,1,0,1,0,0,1,0,1,0,0.59157014,False
92868,33.787796,-117.875928,64,19.8,1336.65,0,0,1,0,1,0,0,0,1,1,0,1,0,1,0,1,0,1,0,1,0,1,0,0,0,0,0,0.19019607,False
92869,33.792791,-117.789749,72,74.4,5360.75,1,1,1,0,1,0,0,0,0,0,1,0,1,0,1,0,1,0,1,0,0,0,1,0,0,0,0,0.14450765,False
92870,33.881158,-117.854783,72,93.05,6735.05,1,1,1,0,1,0,1,1,0,0,1,0,1,0,1,0,1,0,0,0,0,0,1,1,0,0,0,0.16753863,False
92879,33.893823,-117.531446,1,51.2,51.2,0,0,0,1,1,0,0,0,0,0,1,0,0,0,0,0,0,0,0,0,0,0,0,0,0,0,1,0.52557683,False
92880,33.918043,-117.617809,15,65.6,1010.0,0,0,0,0,1,0,0,0,0,0,1,0,1,0,1,0,1,0,0,0,0,1,0,0,1,0,0,0.28047487,False
92881,33.833686,-117.513063,60,80.55,4847.05,0,0,0,0,1,0,1,0,0,0,0,0,0,0,1,0,1,0,1,0,1,1,0,0,1,0,0,0.25800014,False
92882,33.819385,-117.600213,56,52.7,3019.7,1,0,0,0,1,0,0,0,0,0,1,0,0,0,1,0,0,0,0,0,0,1,0,0,0,0,1,0.22263314,False
92883,33.762351,-117.488725,8,20.85,161.65,0,0,0,0,1,0,0,0,1,1,0,1,0,1,0,1,0,1,0,1,0,0,1,0,0,0,1,0.22321148,False
92887,33.884073,-117.732197,49,52.15,2583.75,0,0,1,0,1,0,1,0,0,0,0,0,0,0,0,0,0,0,0,0,0,0,0,1,1,0,0,0.42459044,False
93004,34.278697,-119.167798,70,114.95,7711.25,1,0,0,0,1,0,1,1,0,0,1,0,1,0,1,0,1,0,1,0,1,0,1,1,0,0,0,0.28396082,False
93012,34.205504,-118.993111,52,104.45,5481.25,1,1,1,0,1,0,0,1,0,0,1,0,0,0,1,0,1,0,1,0,1,1,0,1,0,0,0,0.46570012,False
93013,34.441398,-119.513163,72,113.65,8124.2,0,0,1,0,1,0,1,1,0,0,1,0,1,0,1,0,1,0,1,0,1,0,1,1,1,0,0,0.19671166,False
93015,34.408161,-118.865111,40,20.6,827.3,0,0,0,0,1,0,0,0,1,1,0,1,0,1,0,1,0,1,0,1,0,0,1,1,0,0,0,0.1522232,False
93023,34.581308,-118.931948,40,91.55,3673.6,0,1,0,0,1,0,0,1,0,0,0,0,0,0,0,0,0,0,1,0,1,0,0,1,0,1,0,0.6701773,False
93030,34.223244,-119.18012,1,49.85,49.85,1,0,0,1,1,0,0,0,0,0,0,0,0,0,1,0,0,0,0,0,0,0,0,1,0,1,0,0.66481537,False
93033,34.156629,-119.117218,30,19.8,576.65,1,0,1,0,1,0,0,0,1,1,0,1,0,1,0,1,0,1,0,1,0,1,0,0,1,0,0,0.1819803,False
93041,34.110124,-119.100972,44,104.15,4495.65,0,1,1,0,1,0,1,1,0,0,0,0,0,0,1,0,1,0,1,0,1,0,0,0,0,1,0,0.68906325,False
93063,34.296813,-118.685703,7,48.2,340.35,0,1,0,0,1,0,0,0,0,0,1,0,0,0,0,0,0,0,0,0,0,0,0,1,0,1,0,0.6148465,False
93065,34.269449,-118.768471,72,25.1,1789.9,1,1,0,0,1,0,1,0,1,1,0,1,0,1,0,1,0,1,0,1,0,0,1,1,1,0,0,0.14561512,False
93066,34.297628,-119.014627,8,100.15,908.55,0,1,0,0,1,0,1,1,0,0,0,0,0,0,0,0,1,0,1,0,1,0,0,1,1,0,0,0.7758438,True
93105,34.037342,-119.80079,3,55.9,157.55,1,0,0,1,1,0,0,0,0,0,1,0,0,0,1,0,0,0,0,0,0,0,0,0,0,0,1,0.42126724,False
93109,34.406256,-119.726936,8,64.4,581.7,1,1,1,0,1,0,0,0,0,0,0,0,0,0,1,0,1,0,0,0,1,0,0,1,1,0,0,0.44913468,False
93111,34.460197,-119.802602,5,85.3,420.45,0,0,0,0,1,0,0,1,0,0,0,0,1,0,0,0,0,0,1,0,0,0,0,1,0,0,1,0.7744325,True
93117,34.489983,-120.091246,72,107.45,7576.7,0,0,1,1,1,0,1,1,0,0,1,0,0,0,1,0,1,0,1,0,1,0,1,0,0,0,1,0.23980168,False
93203,35.116307,-118.817644,54,91.3,4965.0,0,0,1,0,1,0,1,0,0,0,1,0,1,0,1,0,1,0,1,0,1,0,1,0,1,0,0,0.16641045,False
93204,35.916943,-120.129921,72,85.95,6151.9,1,0,1,0,1,0,1,0,0,0,0,0,1,0,1,0,1,0,1,0,1,0,1,0,0,0,0,0.151816,False
93207,35.865795,-118.69759,1,45.2,45.2,1,1,0,0,1,0,0,0,0,0,0,0,0,0,0,0,0,0,0,0,0,0,0,0,0,1,0,0.7409358,True
93210,36.186867,-120.387793,69,79.2,5420.65,1,0,1,1,1,0,1,1,0,0,0,0,0,0,1,0,0,0,0,0,0,0,1,1,1,0,0,0.18231086,False
93212,36.04533,-119.532424,48,55.5,2627.35,0,0,0,0,1,0,0,0,0,0,1,0,1,0,0,0,0,0,0,0,0,0,1,0,1,0,0,0.19741201,False
93218,35.846067,-119.004073,8,90.25,743.75,0,0,1,0,1,0,1,1,0,0,0,0,0,0,0,0,1,0,0,0,1,0,0,1,0,1,0,0.8149982,True
93219,35.858054,-119.305858,71,91.25,6589.6,1,0,1,0,1,0,1,0,0,0,1,0,1,0,1,0,1,0,1,0,1,0,1,1,0,0,1,0.14450765,False
93222,34.907911,-119.234281,67,100.9,6733.15,1,0,1,0,1,0,0,1,0,0,1,0,1,0,0,0,0,0,1,0,1,1,0,1,1,0,0,0.42202213,False
93223,36.29878,-119.201028,34,97.7,3410.0,1,0,1,1,1,0,1,1,0,0,0,0,1,0,0,0,0,0,1,0,1,0,0,1,0,0,0,0.43844047,False
93224,35.215731,-119.57013,3,69.85,199.85,0,0,0,0,1,0,0,1,0,0,0,0,0,0,0,0,0,0,0,0,0,0,0,1,0,1,0,0.7959464,True
93225,34.827662,-118.999073,9,65.6,593.3,0,0,1,0,1,0,0,0,0,0,0,0,1,0,0,0,1,0,1,0,0,1,0,1,0,0,1,0.31794578,False
93226,35.735694,-118.738483,71,104.65,7288.4,1,0,1,1,1,0,0,1,0,0,1,0,1,0,1,0,0,0,1,0,1,1,0,1,0,0,0,0.28395656,False
93230,36.29223,-119.622676,57,90.45,5229.8,1,0,0,0,1,0,1,1,0,0,0,0,0,0,0,0,1,0,1,0,0,0,1,1,1,0,0,0.24922433,False
93234,36.217864,-120.080117,72,63.7,4464.8,1,0,0,0,0,1,0,0,0,0,1,0,1,0,1,0,1,0,1,0,1,0,1,1,0,0,0,0.16032754,False
93235,36.385818,-119.224243,48,104.5,5068.05,0,1,1,1,1,0,0,1,0,0,1,0,0,0,1,0,1,0,1,0,1,0,0,1,0,1,0,0.3613869,False
93238,35.852892,-118.397782,18,20.1,401.85,1,0,0,0,1,0,0,0,1,1,0,1,0,1,0,1,0,1,0,1,0,1,0,0,0,0,1,0.19549501,False
93239,35.996923,-120.000951,43,104.3,4451.85,1,0,1,1,1,0,1,1,0,0,0,0,0,0,1,0,1,0,1,0,1,1,0,1,1,0,0,0.38129053,False
93240,35.607875,-118.466318,72,93.25,6688.95,0,0,1,0,1,0,1,0,0,0,1,0,1,0,1,0,1,0,1,0,1,0,1,1,0,0,0,0.14450765,False
93241,35.245035,-118.905553,35,73.45,2661.1,1,0,1,0,1,0,1,0,0,0,0,0,0,0,0,0,1,0,1,0,1,1,0,1,0,0,0,0.3307285,False
93242,36.444232,-119.718285,4,20.7,73.05,1,0,0,0,1,0,0,0,1,1,0,1,0,1,0,1,0,1,0,1,0,0,0,0,0,0,1,0.33618927,False
93243,34.845861,-118.885163,49,25.25,1211.65,0,0,1,1,1,0,1,0,1,1,0,1,0,1,0,1,0,1,0,1,0,0,1,0,0,0,1,0.13386415,False
93244,36.462671,-118.997291,71,100.5,7030.65,0,0,1,1,1,0,1,1,0,0,1,0,1,0,1,0,0,0,1,0,0,0,1,0,0,0,0,0.15882926,False
93245,36.303666,-119.825657,11,90.6,1020.2,1,0,1,1,1,0,0,1,0,0,0,0,0,0,0,0,0,0,1,0,1,0,0,0,0,1,0,0.5469964,False
93247,36.205465,-119.085807,63,89.4,5597.65,1,0,1,0,1,0,1,0,0,0,1,0,1,0,1,0,1,0,1,0,1,0,1,1,1,0,0,0.154248,False
93249,35.637715,-119.893068,65,95.45,6223.3,0,1,0,0,1,0,1,1,0,0,0,0,1,0,1,0,0,0,1,0,0,0,0,1,0,0,0,0.500527,False
93250,35.666886,-119.186717,49,20.45,1024.65,0,0,0,1,1,0,0,0,1,1,0,1,0,1,0,1,0,1,0,1,0,0,1,0,1,0,0,0.12977697,False
93254,34.956577,-119.750142,4,19.95,82.9,0,0,1,1,1,0,0,0,1,1,0,1,0,1,0,1,0,1,0,1,0,0,0,1,0,1,0,0.31202006,False
93255,35.676978,-118.101378,72,109.15,7789.6,0,0,1,0,1,0,1,1,0,0,0,0,1,0,1,0,1,0,1,0,1,1,0,0,1,0,0,0.3982491,False
93256,35.957019,-119.330928,26,85.7,2067.0,0,1,1,0,1,0,0,1,0,0,0,0,0,0,1,0,0,0,1,0,0,0,0,1,1,0,0,0.654358,False
93257,36.008958,-118.891593,35,102.05,3452.55,0,1,1,0,1,0,1,1,0,0,0,0,0,0,1,0,0,0,1,0,1,0,0,0,0,0,0,0.6465946,False
93260,35.861928,-118.636698,57,94.7,5468.95,0,0,0,0,1,0,1,1,0,0,0,0,1,0,0,0,1,0,0,0,1,1,0,0,0,1,0,0.41586557,False
93261,35.809921,-119.127437,28,64.4,1802.15,1,0,1,1,1,0,1,0,0,0,0,0,1,0,0,0,0,0,0,0,1,0,0,0,0,1,0,0.2787636,False
93262,36.527243,-118.594938,25,26.8,733.55,0,0,1,0,1,0,1,0,1,1,0,1,0,1,0,1,0,1,0,1,0,1,0,1,0,0,1,0.18533832,False
93263,35.490705,-119.286833,47,66.05,3021.45,0,0,1,0,1,0,0,0,0,0,1,0,0,0,1,0,0,0,1,0,0,1,0,1,1,0,0,0.30440602,False
93265,36.245926,-118.693138,57,65.2,3687.85,0,0,1,1,1,0,1,0,0,0,1,0,1,0,0,0,1,0,0,0,0,0,0,0,0,0,0,0.20974289,False
93266,36.175255,-119.813805,16,85.05,1391.15,1,1,1,0,1,0,1,1,0,0,0,0,0,0,0,0,0,0,1,0,0,0,0,1,1,0,0,0.72275555,True
93267,36.141319,-119.129075,5,55.8,274.35,1,0,0,0,1,0,0,0,0,0,1,0,0,0,1,0,0,0,0,0,0,0,0,1,0,0,1,0.443729,False
93271,36.413433,-118.854708,72,19.95,1322.85,1,0,1,1,1,0,0,0,1,1,0,1,0,1,0,1,0,1,0,1,0,0,1,0,0,0,0,0.1309193,False
93274,36.185471,-119.375243,48,45.0,2196.3,0,0,1,1,0,1,0,0,0,0,1,0,0,0,1,0,0,0,0,0,1,1,0,0,1,0,0,0.21787338,False
93276,35.316263,-119.402559,68,114.9,7843.55,0,0,1,0,1,0,1,1,0,0,1,0,1,0,1,0,1,0,1,0,1,0,1,0,0,0,0,0.23355755,False
93277,36.303793,-119.375646,30,106.4,3211.9,0,0,0,0,1,0,1,1,0,0,1,0,0,0,0,0,1,0,1,0,1,0,0,0,0,0,0,0.61405814,False
93280,35.652242,-119.4464,3,46.1,130.15,0,0,1,0,1,0,0,0,0,0,0,0,0,0,0,0,0,0,0,0,0,0,0,1,0,0,1,0.696381,False
93283,35.55647,-118.244914,14,39.7,692.35,0,1,0,0,0,1,0,0,0,0,1,0,0,0,1,0,1,0,0,0,0,0,1,0,0,0,1,0.22392002,False
93285,35.690535,-118.552784,4,20.05,85.5,0,0,0,1,1,0,0,0,1,1,0,1,0,1,0,1,0,1,0,1,0,0,0,1,0,0,0,0.25989372,False
93286,36.464635,-119.094348,71,95.75,6849.4,0,0,1,1,1,0,1,1,0,0,0,0,1,0,1,0,0,0,0,0,1,0,1,1,1,0,0,0.17570652,False
93287,35.710244,-118.881679,8,24.4,203.95,1,0,1,0,1,0,1,0,1,1,0,1,0,1,0,1,0,1,0,1,0,1,0,0,0,0,1,0.20894827,False
93291,36.391777,-119.372842,61,33.6,2117.2,1,0,1,1,0,1,0,0,0,0,1,0,0,0,1,0,0,0,0,0,0,0,0,0,0,0,0,0.28162068,False
93292,36.37559,-119.211689,72,90.45,6565.85,1,0,1,1,1,0,1,1,0,0,0,0,1,0,1,0,1,0,0,0,0,0,1,0,0,0,0,0.15477866,False
93301,35.383937,-119.020428,5,84.0,424.75,0,0,0,0,1,0,1,1,0,0,0,0,0,0,0,0,0,0,1,0,0,0,0,1,0,1,0,0.82244414,True
93304,35.339796,-119.023552,49,67.4,3306.85,0,0,0,0,1,0,0,0,0,0,1,0,1,0,1,0,1,0,0,0,0,0,1,0,0,0,0,0.16610125,False
93305,35.391733,-118.984109,8,19.7,168.9,1,0,0,0,1,0,0,0,1,1,0,1,0,1,0,1,0,1,0,1,0,0,0,1,0,0,0,0.2867736,False
93306,35.449881,-118.841442,3,80.35,253.8,1,0,0,0,1,0,0,1,0,0,0,0,0,0,0,0,0,0,0,0,1,0,0,1,0,1,0,0.8144637,True
93307,35.280113,-118.962329,9,19.6,197.4,1,0,1,1,1,0,0,0,1,1,0,1,0,1,0,1,0,1,0,1,0,0,1,0,0,0,1,0.15262365,False
93308,35.559617,-118.925185,67,54.2,3838.2,1,0,1,1,1,0,0,0,0,0,1,0,1,0,0,0,0,0,0,0,0,0,1,1,0,0,0,0.17515992,False
93309,35.342891,-119.064803,46,45.2,2065.15,1,0,0,0,1,0,0,0,0,0,0,0,0,0,0,0,0,0,0,0,0,0,0,1,1,0,0,0.41988176,False
93311,35.16207,-119.194488,67,75.1,5064.45,0,0,1,0,1,0,1,0,0,0,1,0,1,0,1,0,0,0,0,0,1,1,0,0,0,0,1,0.22285903,False
93312,35.392599,-119.245341,55,19.7,1140.05,0,0,1,0,1,0,0,0,1,1,0,1,0,1,0,1,0,1,0,1,0,1,0,0,0,1,0,0.22859097,False
93313,35.140938,-119.051348,33,72.75,2447.45,1,0,1,0,1,0,1,0,0,0,1,0,1,0,1,0,0,0,1,0,0,0,0,1,0,0,0,0.35608006,False
93401,35.233745,-120.626442,62,20.05,1263.9,1,0,1,1,1,0,0,0,1,1,0,1,0,1,0,1,0,1,0,1,0,0,1,0,1,0,0,0.1309193,False
93405,35.236549,-120.727344,49,39.2,1838.15,1,0,1,1,0,1,0,0,0,0,1,0,0,0,0,0,0,0,0,0,1,0,0,1,0,1,0,0.32318166,False
93420,35.176236,-120.483243,1,44.75,44.75,1,0,0,0,1,0,0,0,0,0,0,0,0,0,0,0,0,0,0,0,0,0,0,1,0,1,0,0.7749278,True
93422,35.453912,-120.69461,14,82.65,1185.0,1,0,1,0,1,0,1,1,0,0,0,0,1,0,1,0,0,0,0,0,0,0,0,1,0,1,0,0.7853447,True
93424,35.186644,-120.728305,18,93.9,1743.9,1,1,0,0,1,0,1,1,0,0,0,0,0,0,1,0,1,0,1,0,0,0,0,0,0,0,0,0.59359556,False
93428,35.591387,-121.032256,72,117.15,8529.5,0,0,1,0,1,0,1,1,0,0,1,0,1,0,1,0,1,0,1,0,1,0,1,1,1,0,0,0.19671166,False
93429,34.866032,-120.536546,64,99.25,6549.45,1,0,0,0,1,0,1,1,0,0,1,0,0,0,1,0,1,0,0,0,1,0,1,0,1,0,0,0.21674128,False
93430,35.511833,-120.918713,69,112.55,7806.5,1,0,1,0,1,0,1,1,0,0,1,0,1,0,1,0,1,0,1,0,1,0,1,1,0,0,0,0.2175427,False
93432,35.480896,-120.469476,1,25.7,25.7,0,0,0,0,1,0,1,0,1,1,0,1,0,1,0,1,0,1,0,1,0,0,0,1,0,1,0,0.4956209,False
93433,35.120833,-120.61843,71,90.3,6287.3,1,0,1,1,1,0,1,0,0,0,1,0,1,0,1,0,1,0,1,0,1,0,1,0,1,0,0,0.12877473,False
93434,34.936,-120.594655,66,49.4,3251.85,0,0,1,1,1,0,0,0,0,0,0,0,0,0,0,0,1,0,0,0,0,1,0,1,1,0,0,0.20246918,False
93436,34.601055,-120.382917,2,19.4,50.6,1,0,0,0,1,0,0,0,1,1,0,1,0,1,0,1,0,1,0,1,0,0,0,0,0,0,1,0.33793113,False
93437,34.757477,-120.550507,71,109.7,7904.25,0,1,1,0,1,0,0,1,0,0,1,0,1,0,1,0,1,0,1,0,1,0,1,1,0,0,0,0.25500816,False
93440,34.758699,-120.275839,11,61.25,729.95,1,0,0,0,1,0,0,0,0,0,0,0,1,0,0,0,0,0,1,0,0,1,0,1,0,1,0,0.3907827,False
93441,34.70434,-120.02609,47,55.3,2654.05,1,0,0,1,1,0,0,0,0,0,1,0,1,0,0,0,0,0,0,0,0,0,0,1,0,1,0,0.31337935,False
93445,35.059695,-120.604741,60,103.75,5969.95,1,0,1,1,1,0,1,1,0,0,0,0,1,0,0,0,1,0,1,0,1,0,0,1,0,0,0,0.35493472,False
93446,35.634222,-120.728341,11,19.5,226.8,1,0,0,0,1,0,0,0,1,1,0,1,0,1,0,1,0,1,0,1,0,1,0,0,0,0,1,0.21072373,False
93449,35.165668,-120.655842,29,39.5,1082.75,0,0,0,0,0,1,0,0,0,0,1,0,1,0,0,0,1,0,0,0,0,1,0,0,1,0,0,0.26906973,False
93450,35.996008,-120.85305,21,26.05,565.75,1,0,1,1,0,1,0,0,0,0,0,0,0,0,0,0,0,0,0,0,0,0,0,1,0,1,0,0.3769188,False
93451,35.886767,-120.608661,48,91.05,4370.75,1,1,1,0,1,0,1,1,0,0,0,0,0,0,1,0,0,0,0,0,1,0,0,1,1,0,0,0.61922866,False
93452,35.746484,-121.223355,3,29.65,90.05,0,0,0,1,0,1,0,0,0,0,0,0,1,0,0,0,0,0,0,0,0,0,0,0,0,0,1,0.4807756,False
93453,35.303926,-120.256567,43,50.2,2169.4,0,0,1,1,1,0,0,0,0,0,0,0,1,0,0,0,0,0,0,0,0,0,0,0,0,0,1,0.2655411,False
93454,34.943523,-120.256729,5,105.3,550.6,1,0,0,0,1,0,1,1,0,0,0,0,1,0,1,0,0,0,1,0,1,0,0,0,0,1,0,0.7707859,True
93455,34.818227,-120.418784,1,55.45,55.45,0,0,0,0,1,0,0,0,0,0,0,0,0,0,0,0,0,0,0,0,1,0,0,1,0,1,0,0.70281833,True
93458,34.95934,-120.490081,71,85.45,6300.85,1,0,1,1,1,0,1,0,0,0,1,0,0,0,1,0,1,0,1,0,1,1,0,0,0,1,0,0.21440814,False
93460,34.630356,-120.032564,8,19.8,160.05,0,0,1,0,1,0,0,0,1,1,0,1,0,1,0,1,0,1,0,1,0,1,0,0,0,1,0,0.2323175,False
93461,35.634488,-120.293534,8,59.25,436.6,1,0,0,0,1,0,1,0,0,0,0,0,0,0,0,0,0,0,1,0,0,0,0,1,0,1,0,0.59825295,False
93463,34.624399,-120.137875,20,90.7,1781.35,1,0,0,0,1,0,1,1,0,0,0,0,0,0,1,0,0,0,1,0,0,0,0,1,1,0,0,0.6941387,False
93501,35.097323,-118.171288,71,79.05,5552.5,1,0,0,0,1,0,1,1,0,0,0,0,1,0,0,0,0,0,0,0,0,1,0,1,1,0,0,0.29323316,False
93505,35.151491,-117.927597,31,90.7,2835.5,0,1,1,0,1,0,1,1,0,0,0,0,0,0,1,0,0,0,1,0,0,1,0,1,0,1,0,0.59922534,False
93510,34.501452,-118.207862,38,95.0,3591.25,0,1,1,0,1,0,1,1,0,0,1,0,1,0,0,0,0,0,0,0,1,1,0,0,1,0,0,0.42385304,False
93513,37.245505,-118.062943,2,30.25,63.75,0,0,1,1,0,1,0,0,0,0,0,0,1,0,0,0,0,0,0,0,0,0,0,1,0,0,1,0.54009265,False
93514,37.04584,-118.397236,12,49.85,617.15,0,0,1,0,0,1,0,0,0,0,0,0,0,0,1,0,0,0,1,0,1,0,0,1,0,0,0,0.5621326,False
93516,34.95703,-117.73045,9,93.0,870.25,0,0,0,1,1,0,0,1,0,0,1,0,0,0,1,0,1,0,0,0,1,0,0,0,0,0,0,0.503798,False
93517,38.184583,-119.286558,11,54.55,601.25,1,1,0,1,1,0,0,0,0,0,0,0,1,0,0,0,1,0,0,0,0,0,0,1,0,1,0,0.34606388,False
93518,35.358953,-118.527064,6,19.7,111.65,1,0,0,1,1,0,0,0,1,1,0,1,0,1,0,1,0,1,0,1,0,0,0,0,0,0,1,0.251286,False
93522,36.319181,-117.593053,71,84.8,6046.1,0,0,1,0,1,0,0,0,0,0,1,0,1,0,1,0,1,0,1,0,1,1,0,1,0,0,0,0.28352568,False
93523,34.966777,-117.961179,42,94.45,3923.8,0,0,1,1,1,0,1,1,0,0,1,0,1,0,0,0,0,0,1,0,0,1,0,1,1,0,0,0.25747272,False
93529,37.730269,-119.055813,45,20.85,892.15,0,0,1,1,1,0,0,0,1,1,0,1,0,1,0,1,0,1,0,1,0,0,1,0,0,0,1,0.13386415,False
93530,36.560498,-117.962461,28,60.0,1682.05,1,0,1,1,0,1,0,0,0,0,0,0,1,0,1,0,1,0,1,0,1,1,0,1,1,0,0,0.21767902,False
93531,35.214982,-118.59049,43,80.45,3398.9,0,0,1,0,1,0,1,1,0,0,0,0,1,0,0,0,0,0,0,0,0,0,0,0,0,1,0,0.65190583,False
93532,34.659579,-118.584212,60,84.95,4984.85,1,0,0,1,1,0,1,0,0,0,1,0,0,0,1,0,1,0,1,0,1,0,1,1,0,1,0,0.15656246,False
93535,34.712708,-117.889656,7,49.65,305.55,1,0,1,1,0,1,0,0,0,0,1,0,0,0,1,0,1,0,0,0,1,0,1,0,1,0,0,0.18916038,False
93536,34.741406,-118.38111,25,20.2,507.9,0,0,1,0,1,0,0,0,1,1,0,1,0,1,0,1,0,1,0,1,0,1,0,1,0,0,0,0.1819803,False
93543,34.505273,-117.955054,27,100.5,2673.45,1,0,0,0,1,0,1,1,0,0,0,0,0,0,1,0,0,0,1,0,1,1,0,1,0,0,0,0.5657913,False
93544,34.500091,-117.765862,10,35.75,389.8,1,0,0,0,0,1,0,0,0,0,0,0,1,0,0,0,1,0,0,0,0,0,0,0,0,1,0,0.56764627,False
93545,36.590415,-118.073839,27,86.45,2401.05,0,1,0,0,1,0,1,1,0,0,0,0,1,0,1,0,0,0,0,0,0,0,0,1,0,0,0,0.66179127,False
93546,37.550074,-118.837167,11,53.8,651.55,0,0,0,0,1,0,0,0,0,0,0,0,0,0,1,0,1,0,0,0,0,1,0,0,0,0,0,0.36244658,False
93549,36.296851,-117.865469,4,38.55,156.1,1,0,1,1,0,1,0,0,0,0,1,0,0,0,0,0,0,0,1,0,0,0,0,0,1,0,0,0.4647186,False
93550,34.536232,-118.082935,68,39.9,2796.35,1,0,0,0,0,1,0,0,0,0,0,0,0,0,1,0,0,0,0,0,1,0,0,1,0,0,0,0.5142369,False
93551,34.613476,-118.256358,1,70.05,70.05,1,1,0,0,1,0,0,1,0,0,0,0,0,0,0,0,0,0,0,0,0,0,0,1,0,1,0,0.8332858,True
93552,34.557711,-118.029441,18,20.1,407.05,0,0,0,0,1,0,0,0,1,1,0,1,0,1,0,1,0,1,0,1,0,1,0,0,0,0,1,0.19549501,False
93554,35.405722,-117.773354,26,20.3,511.25,1,0,0,0,1,0,0,0,1,1,0,1,0,1,0,1,0,1,0,1,0,0,0,1,0,1,0,0.28305876,False
93555,35.603913,-117.67828,17,35.65,646.05,0,0,1,0,0,1,0,0,0,0,0,0,1,0,1,0,0,0,0,0,0,0,0,1,1,0,0,0.4908944,False
93562,35.74837,-117.384948,59,82.95,4903.15,1,1,1,0,1,0,0,1,0,0,1,0,1,0,1,0,0,0,0,0,0,1,0,1,1,0,0,0.34888288,False
93563,34.39583,-117.734568,30,55.65,1653.85,1,0,0,0,1,0,0,0,0,0,1,0,0,0,1,0,0,0,0,0,0,0,1,1,0,0,1,0.17539492,False
93601,37.375816,-119.739935,50,25.2,1306.3,0,1,1,0,1,0,1,0,1,1,0,1,0,1,0,1,0,1,0,1,0,1,0,0,0,1,0,0.199504,False
93602,36.991762,-119.242874,9,50.8,463.6,1,0,0,0,0,1,0,0,0,0,1,0,0,0,1,0,1,0,0,0,1,1,0,0,0,0,1,0.35190552,False
93603,36.64545,-118.924982,3,19.65,60.65,0,0,1,1,1,0,0,0,1,1,0,1,0,1,0,1,0,1,0,1,0,0,0,0,0,0,1,0.31474367,False
93604,37.458367,-119.345011,14,59.8,824.85,0,0,0,1,1,0,0,0,0,0,0,0,0,0,1,0,0,0,1,0,0,0,0,1,1,0,0,0.33256084,False
93605,37.17277,-119.2997,31,73.55,2094.65,0,1,0,0,1,0,0,1,0,0,1,0,0,0,0,0,0,0,0,0,0,0,0,1,1,0,0,0.5745669,False
93606,36.798882,-120.019511,7,61.4,438.9,0,0,0,0,1,0,0,0,0,0,1,0,1,0,1,0,0,0,0,0,0,0,0,0,0,1,0,0.49293697,False
93609,36.5276,-119.865999,17,19.9,329.75,1,0,1,0,1,0,0,0,1,1,0,1,0,1,0,1,0,1,0,1,0,1,0,0,0,0,0,0.20439616,False
93610,37.100948,-120.270136,32,19.45,674.55,1,0,1,1,1,0,0,0,1,1,0,1,0,1,0,1,0,1,0,1,0,0,0,1,1,0,0,0.19653556,False
93611,36.917652,-119.593757,2,81.5,162.55,0,1,0,0,1,0,0,1,0,0,0,0,0,0,0,0,0,0,1,0,0,0,0,0,0,0,1,0.76230747,True
93614,37.212191,-119.749323,72,109.55,7887.25,0,0,1,1,1,0,1,1,0,0,1,0,1,0,1,0,0,0,1,0,1,0,1,0,1,0,0,0.21284206,False
93616,36.657462,-119.595293,27,74.4,1972.35,0,0,1,1,1,0,0,1,0,0,1,0,0,0,0,0,0,0,0,0,0,0,0,0,0,0,1,0.37097025,False
93620,37.045728,-120.630682,7,74.9,490.55,1,0,0,0,1,0,0,1,0,0,0,0,0,0,1,0,0,0,0,0,0,0,0,1,0,1,0,0.80137336,True
93622,36.785618,-120.625382,11,59.65,683.25,1,0,1,1,1,0,0,0,0,0,0,0,0,0,1,0,0,0,1,0,0,0,0,1,0,0,0,0.31858787,False
93623,37.483535,-119.679414,72,110.45,8058.85,0,0,1,1,1,0,1,1,0,0,1,0,0,0,1,0,1,0,1,0,1,0,1,1,0,0,0,0.17635132,False
93626,37.027663,-119.69056,4,74.45,294.45,0,1,0,0,1,0,1,1,0,0,0,0,0,0,0,0,0,0,0,0,0,0,0,1,0,1,0,0.80793536,True
93627,36.520537,-120.118055,71,24.55,1719.15,0,0,0,0,1,0,1,0,1,1,0,1,0,1,0,1,0,1,0,1,0,0,1,0,0,1,0,0.18438046,False
93630,36.727418,-120.123526,47,24.55,1160.45,1,0,1,1,1,0,1,0,1,1,0,1,0,1,0,1,0,1,0,1,0,0,1,0,0,0,1,0.13386415,False
93631,36.478239,-119.52137,57,90.65,5199.8,1,1,1,0,1,0,0,1,0,0,0,0,1,0,1,0,0,0,1,0,0,1,0,1,0,1,0,0.5237306,False
93634,37.290606,-119.216328,50,105.05,5163.3,1,1,1,0,1,0,1,1,0,0,1,0,0,0,1,0,0,0,1,0,1,0,1,1,1,0,0,0.39201418,False
93635,36.995162,-120.955099,8,20.45,162.3,1,0,0,0,1,0,0,0,1,1,0,1,0,1,0,1,0,1,0,1,0,0,0,1,1,0,0,0.2867736,False
93637,36.902954,-120.194274,48,19.55,883.35,0,0,1,1,1,0,0,0,1,1,0,1,0,1,0,1,0,1,0,1,0,0,1,0,0,0,1,0.13386415,False
93638,37.004068,-119.930027,70,19.7,1341.5,0,0,0,0,1,0,0,0,1,1,0,1,0,1,0,1,0,1,0,1,0,1,0,0,0,0,0,0.19019607,False
93640,36.687292,-120.437354,1,70.45,70.45,1,0,0,1,1,0,0,0,0,0,1,0,1,0,0,0,1,0,0,0,1,0,0,1,0,0,0,0.39279997,False
93641,36.696759,-119.024051,8,85.65,659.45,1,0,1,0,1,0,1,1,0,0,0,0,0,0,0,0,0,0,0,0,1,0,0,1,0,0,0,0.7920424,True
93645,37.140104,-119.657092,60,20.55,1205.05,1,0,1,1,1,0,0,0,1,1,0,1,0,1,0,1,0,1,0,1,0,0,1,0,0,0,1,0.13386415,False
93646,36.633498,-119.298895,49,97.95,4917.9,1,0,1,1,1,0,1,1,0,0,0,0,0,0,0,0,1,0,1,0,1,1,0,1,0,1,0,0.43018034,False
93648,36.622237,-119.521126,29,20.0,599.3,0,0,0,0,1,0,0,0,1,1,0,1,0,1,0,1,0,1,0,1,0,1,0,0,0,0,1,0.18582813,False
93650,36.841655,-119.797113,67,25.25,1733.15,0,0,1,0,1,0,1,0,1,1,0,1,0,1,0,1,0,1,0,1,0,0,1,1,1,0,0,0.15146886,False
93652,36.594542,-119.905245,67,70.9,4677.1,1,0,1,0,1,0,1,0,0,0,1,0,1,0,1,0,1,0,0,0,0,0,1,0,1,0,0,0.14962319,False
93653,37.252057,-119.95783,6,19.85,119.3,0,0,1,1,1,0,0,0,1,1,0,1,0,1,0,1,0,1,0,1,0,0,0,0,0,0,1,0.25318673,False
93654,36.636638,-119.421842,47,106.35,4849.1,0,0,0,0,1,0,1,1,0,0,0,0,1,0,1,0,0,0,1,0,1,0,0,1,0,1,0,0.74805176,True
93656,36.452211,-119.94575,53,99.5,5424.25,0,0,0,0,1,0,0,1,0,0,1,0,1,0,1,0,1,0,0,0,1,0,1,0,0,0,1,0.24719119,False
93657,36.819628,-119.440414,69,84.7,5878.9,1,0,1,0,1,0,0,0,0,0,1,0,1,0,1,0,1,0,1,0,1,0,1,1,0,0,1,0.154248,False
93660,36.600193,-120.153393,3,86.05,244.85,1,0,0,0,1,0,0,1,0,0,1,0,0,0,0,0,0,0,0,0,1,0,0,1,0,0,1,0.662417,False
93662,36.545322,-119.642281,4,44.55,220.75,1,0,0,0,1,0,0,0,0,0,0,0,0,0,0,0,0,0,0,0,0,0,0,0,0,0,1,0.62067235,False
93664,37.223,-119.001021,56,75.85,4261.2,1,0,1,1,1,0,1,0,0,0,1,0,1,0,0,0,1,0,0,0,1,0,1,1,1,0,0,0.12877473,False
93666,36.545353,-119.338535,61,25.0,1501.75,1,1,1,0,1,0,1,0,1,1,0,1,0,1,0,1,0,1,0,1,0,0,1,0,0,0,0,0.15641865,False
93667,36.993666,-119.348267,2,45.0,89.75,0,0,1,0,1,0,0,0,0,0,0,0,0,0,0,0,0,0,0,0,0,0,0,1,0,1,0,0.74199295,True
93669,37.287758,-119.548156,12,20.5,255.5,1,0,1,1,1,0,0,0,1,1,0,1,0,1,0,1,0,1,0,1,0,0,0,0,0,0,1,0.22802985,False
93675,36.719141,-119.202677,28,90.45,2509.25,0,0,1,1,1,0,1,1,0,0,0,0,0,0,0,0,1,0,0,0,1,1,0,1,0,1,0,0.31860623,False
93701,36.749403,-119.787574,24,60.45,1440.75,1,0,0,0,1,0,0,0,0,0,1,0,1,0,0,0,1,0,0,0,0,0,0,0,0,0,0,0.2699256,False
93703,36.768774,-119.762633,68,78.45,5333.35,0,0,1,1,1,0,1,0,0,0,1,0,1,0,1,0,1,0,0,0,1,1,0,1,0,1,0,0.18265827,False
93704,36.799648,-119.801247,39,100.55,3895.35,1,0,0,1,1,0,1,1,0,0,0,0,0,0,0,0,1,0,1,0,1,0,1,0,0,0,1,0.2497125,False
93705,36.78724,-119.827813,42,20.35,869.9,0,0,1,0,1,0,0,0,1,1,0,1,0,1,0,1,0,1,0,1,0,0,0,0,1,0,0,0.2625441,False
93710,36.822715,-119.761826,6,90.75,512.25,0,0,1,0,1,0,1,1,0,0,0,0,1,0,0,0,0,0,0,0,1,0,0,1,0,1,0,0.8252928,True
93720,36.878709,-119.7645,38,20.25,814.75,0,0,1,0,1,0,0,0,1,1,0,1,0,1,0,1,0,1,0,1,0,1,0,1,1,0,0,0.1819803,False
93721,36.732694,-119.783786,18,20.05,388.6,1,0,0,0,1,0,0,0,1,1,0,1,0,1,0,1,0,1,0,1,0,0,1,0,1,0,0,0.15858014,False
93722,36.78979,-119.929894,4,19.6,93.45,0,0,1,0,1,0,0,0,1,1,0,1,0,1,0,1,0,1,0,1,0,0,0,0,0,0,1,0.32024312,False
93725,36.623632,-119.741322,27,53.8,1389.85,1,0,1,0,1,0,0,0,0,0,0,0,1,0,0,0,1,0,0,0,0,0,0,1,0,1,0,0.44698435,False
93726,36.793601,-119.761131,41,70.2,2894.55,1,0,0,1,1,0,0,0,0,0,1,0,1,0,1,0,0,0,1,0,0,1,0,0,0,0,1,0.22230491,False
93727,36.751489,-119.68072,50,75.5,4025.6,1,0,1,1,1,0,0,0,0,0,1,0,0,0,0,0,1,0,1,0,1,1,0,0,0,1,0,0.20369937,False
93728,36.757345,-119.818274,72,20.35,1354.4,1,0,1,1,1,0,0,0,1,1,0,1,0,1,0,1,0,1,0,1,0,0,1,0,0,1,0,0.1510257,False
93901,36.64152,-121.622188,70,26.05,1856.4,0,0,0,0,1,0,1,0,1,1,0,1,0,1,0,1,0,1,0,1,0,1,0,0,1,0,0,0.19685118,False
93905,36.667794,-121.601306,44,20.6,926.0,1,0,1,1,1,0,0,0,1,1,0,1,0,1,0,1,0,1,0,1,0,1,0,0,0,0,0,0.15089916,False
93907,36.77462,-121.664714,34,20.1,682.1,0,0,1,1,1,0,0,0,1,1,0,1,0,1,0,1,0,1,0,1,0,1,0,1,0,0,0,0.15089916,False
93908,36.624338,-121.615669,72,24.3,1778.7,0,1,1,0,1,0,1,0,1,1,0,1,0,1,0,1,0,1,0,1,0,0,1,0,0,0,0,0.14561512,False
93920,36.092975,-121.549826,71,24.5,1816.2,1,0,1,0,1,0,1,0,1,1,0,1,0,1,0,1,0,1,0,1,0,0,1,1,0,1,0,0.17903778,False
93921,36.554618,-121.922239,64,110.5,7069.25,0,0,0,0,1,0,1,1,0,0,0,0,1,0,1,0,1,0,1,0,1,0,1,1,1,0,0,0.27916744,False
93923,36.460611,-121.852507,72,25.25,1841.2,0,0,1,0,1,0,1,0,1,1,0,1,0,1,0,1,0,1,0,1,0,0,1,1,0,0,0,0.14561512,False
93925,36.596271,-121.442274,29,90.1,2656.7,1,1,1,0,1,0,0,1,0,0,1,0,0,0,1,0,0,0,0,0,1,1,0,0,0,0,0,0.45616242,False
93926,36.52588,-121.396719,23,68.75,1689.45,0,0,1,0,1,0,0,0,0,0,1,0,0,0,1,0,1,0,0,0,1,1,0,1,0,0,0,0.2602649,False
93927,36.248708,-121.386617,52,19.2,1054.75,1,0,1,1,1,0,0,0,1,1,0,1,0,1,0,1,0,1,0,1,0,0,1,0,0,0,1,0.13386415,False
93930,36.220761,-120.980777,64,115.1,7334.05,0,0,0,0,1,0,1,1,0,0,1,0,1,0,1,0,1,0,1,0,1,0,1,1,0,0,0,0.24675843,False
93940,36.362741,-121.869685,24,99.65,2404.85,1,0,0,0,1,0,1,1,0,0,0,0,1,0,0,0,0,0,1,0,1,0,0,1,0,0,0,0.7242036,True
93950,36.618337,-121.926417,2,91.45,171.45,1,0,1,0,1,0,1,1,0,0,0,0,0,0,1,0,0,0,1,0,0,0,0,1,0,1,0,0.82302326,True
93953,36.587497,-121.944815,34,84.75,2839.45,0,0,1,1,1,0,0,0,0,0,1,0,1,0,1,0,1,0,1,0,1,0,1,0,0,0,1,0.1525101,False
93955,36.625114,-121.823565,53,78.75,3942.45,1,0,1,1,1,0,1,0,0,0,0,0,0,0,1,0,1,0,1,0,1,1,0,1,0,0,1,0.18813455,False
93960,36.414216,-121.360597,47,20.25,873.4,0,0,1,1,1,0,0,0,1,1,0,1,0,1,0,1,0,1,0,1,0,0,1,0,1,0,0,0.1309193,False
93962,36.624641,-121.647195,72,19.9,1529.65,1,0,0,1,1,0,0,0,1,1,0,1,0,1,0,1,0,1,0,1,0,0,1,0,1,0,0,0.12977697,False
94002,37.509366,-122.306132,72,97.75,6991.6,1,0,1,1,1,0,1,1,0,0,1,0,1,0,0,0,1,0,0,0,1,0,1,1,1,0,0,0.13879463,False
94019,37.45567,-122.407992,7,100.4,715.0,0,0,0,0,1,0,0,1,0,0,0,0,0,0,1,0,1,0,1,0,1,0,0,1,0,1,0,0.79670334,True
94020,37.285677,-122.224165,71,24.45,1681.6,0,0,1,0,1,0,1,0,1,1,0,1,0,1,0,1,0,1,0,1,0,0,1,1,1,0,0,0.14561512,False
94021,37.266388,-122.26308,41,101.1,4016.2,0,1,0,0,1,0,0,1,0,0,0,0,0,0,1,0,1,0,1,0,1,1,0,1,0,0,0,0.493706,False
94022,37.349546,-122.134356,67,50.9,3281.65,1,0,1,1,0,1,0,0,0,0,1,0,0,0,0,0,0,0,1,0,1,0,1,0,1,0,0,0.18289763,False
94024,37.352911,-122.093002,69,107.2,7317.1,1,0,1,0,1,0,1,1,0,0,1,0,1,0,1,0,1,0,0,0,1,1,0,1,1,0,0,0.35330436,False
94025,37.449551,-122.183762,70,92.2,6474.45,0,1,1,0,1,0,1,0,0,0,1,0,1,0,1,0,1,0,1,0,1,0,1,1,0,0,0,0.154248,False
94028,37.369709,-122.215844,72,113.4,8164.1,1,0,0,0,1,0,1,1,0,0,1,0,1,0,1,0,1,0,1,0,1,0,1,0,0,0,0,0.19530036,False
94030,37.601248,-122.403099,34,40.55,1325.85,1,0,1,1,0,1,0,0,0,0,0,0,0,0,0,0,1,0,1,0,0,0,1,1,0,1,0,0.19860579,False
94037,37.540582,-122.509594,65,26.0,1654.85,0,0,1,1,1,0,1,0,1,1,0,1,0,1,0,1,0,1,0,1,0,0,1,0,1,0,0,0.1309193,False
94038,37.515556,-122.502311,70,111.95,7795.95,0,0,0,0,1,0,1,1,0,0,1,0,1,0,1,0,1,0,1,0,1,0,1,1,1,0,0,0.21602213,False
94040,37.380662,-122.086022,72,53.8,3952.45,0,0,1,1,0,1,0,0,0,0,1,0,0,0,1,0,0,0,1,0,1,0,1,1,1,0,0,0.17674974,False
94041,37.388349,-122.075299,35,72.1,2495.15,1,0,0,1,1,0,0,0,0,0,0,0,0,0,0,0,1,0,1,0,1,1,0,1,0,0,1,0.27314326,False
94044,37.573633,-122.455167,12,78.85,876.75,0,0,1,0,1,0,1,0,0,0,1,0,0,0,1,0,0,0,1,0,1,1,0,0,0,1,0,0.4299455,False
94060,37.22565,-122.297533,62,70.75,4263.45,0,0,1,1,1,0,0,0,0,0,1,0,0,0,1,0,1,0,1,0,0,1,0,1,0,0,0,0.1626843,False
94061,37.461251,-122.235414,25,76.15,1992.95,0,0,0,0,1,0,0,0,0,0,1,0,0,0,0,0,1,0,1,0,1,0,0,1,1,0,0,0.33322516,False
94062,37.410567,-122.297152,52,39.1,1982.1,0,0,0,0,0,1,0,0,0,0,1,0,1,0,0,0,1,0,0,0,0,0,1,0,0,0,1,0.17864981,False
94063,37.499411,-122.196318,8,69.95,562.7,1,1,0,0,1,0,0,1,0,0,0,0,0,0,0,0,0,0,0,0,0,0,0,1,1,0,0,0.75159186,True
94065,37.527497,-122.230941,2,20.05,33.7,1,0,0,0,1,0,0,0,1,1,0,1,0,1,0,1,0,1,0,1,0,0,0,0,0,0,1,0.38744676,False
94066,37.624436,-122.430661,56,20.05,1090.1,0,0,1,1,1,0,0,0,1,1,0,1,0,1,0,1,0,1,0,1,0,0,1,0,0,0,1,0.13386415,False
94070,37.497915,-122.267361,12,19.45,227.45,0,0,0,0,1,0,0,0,1,1,0,1,0,1,0,1,0,1,0,1,0,0,0,0,0,0,0,0.278928,False
94074,37.331762,-122.341444,47,26.9,1250.85,0,0,1,0,1,0,1,0,1,1,0,1,0,1,0,1,0,1,0,1,0,1,0,0,0,1,0,0.20044105,False
94080,37.654436,-122.426468,2,19.2,37.2,1,1,0,0,1,0,0,0,1,1,0,1,0,1,0,1,0,1,0,1,0,0,0,0,0,1,0,0.3585751,False
94086,37.378541,-122.020456,18,50.0,892.7,0,0,0,0,1,0,0,0,0,0,0,0,0,0,1,0,0,0,0,0,0,0,0,1,0,0,1,0.52239436,False
94087,37.3511,-122.037311,8,60.0,487.75,0,0,0,0,1,0,0,0,0,0,1,0,0,0,0,0,0,0,1,0,0,0,0,1,0,1,0,0.54485357,False
94089,37.421633,-122.009613,45,84.55,3713.95,1,0,1,0,1,0,1,1,0,0,1,0,0,0,1,0,0,0,0,0,0,0,0,1,0,0,1,0.6140699,False
94102,37.7795,-122.419233,3,45.45,141.7,1,0,0,0,1,0,0,0,0,0,0,0,0,0,0,0,0,0,0,0,0,0,0,0,0,0,1,0.6617852,False
94103,37.773147,-122.411287,38,20.05,678.2,0,0,0,0,1,0,0,0,1,1,0,1,0,1,0,1,0,1,0,1,0,1,0,0,0,0,1,0.18086147,False
94104,37.791222,-122.402241,72,115.55,8425.3,1,0,1,0,1,0,1,1,0,0,1,0,1,0,1,0,1,0,1,0,1,0,1,1,0,1,0,0.23237401,False
94107,37.768881,-122.395521,71,99.0,7061.65,0,0,1,1,1,0,1,1,0,0,1,0,1,0,1,0,0,0,1,0,0,0,1,1,1,0,0,0.16575076,False
94108,37.791998,-122.408653,66,50.55,3364.55,1,0,1,1,0,1,0,0,0,0,0,0,0,0,0,0,1,0,1,0,1,0,1,0,0,0,0,0.15807422,False
94111,37.801776,-122.402293,13,25.0,332.5,0,0,1,1,1,0,1,0,1,1,0,1,0,1,0,1,0,1,0,1,0,0,1,1,0,0,0,0.14969203,False
94112,37.720498,-122.443119,65,91.55,5963.95,0,0,1,1,1,0,1,0,0,0,1,0,1,0,1,0,1,0,1,0,1,0,1,0,0,0,0,0.12877473,False
94115,37.786031,-122.437301,15,19.35,278.85,1,0,1,1,1,0,0,0,1,1,0,1,0,1,0,1,0,1,0,1,0,0,1,0,0,0,1,0.1438433,False
94116,37.74441,-122.486764,72,24.85,1871.85,0,0,1,0,1,0,1,0,1,1,0,1,0,1,0,1,0,1,0,1,0,0,1,0,1,0,0,0.14561512,False
94118,37.781304,-122.461522,42,100.4,4303.65,0,0,1,1,1,0,0,1,0,0,0,0,0,0,1,0,1,0,1,0,1,0,1,1,0,1,0,0.22371507,False
94121,37.776718,-122.495781,71,25.0,1753.0,0,0,1,0,1,0,1,0,1,1,0,1,0,1,0,1,0,1,0,1,0,0,1,0,0,0,0,0.14561512,False
94124,37.731505,-122.384532,35,19.25,617.65,0,0,0,0,1,0,0,0,1,1,0,1,0,1,0,1,0,1,0,1,0,0,0,0,0,0,0,0.24468303,False
94127,37.736535,-122.45732,53,108.25,5935.1,0,0,1,1,1,0,0,1,0,0,0,0,1,0,1,0,1,0,1,0,1,0,0,1,0,0,0,0.31391,False
94131,37.746699,-122.442833,48,20.15,982.95,1,0,0,0,1,0,0,0,1,1,0,1,0,1,0,1,0,1,0,1,0,0,1,0,1,0,0,0.1522232,False
94132,37.722302,-122.491129,30,101.3,2974.5,0,1,0,1,1,0,1,1,0,0,0,0,0,0,0,0,1,0,1,0,1,0,0,1,0,1,0,0.49078885,False
94133,37.802071,-122.411004,10,20.0,198.7,1,0,0,0,1,0,0,0,1,1,0,1,0,1,0,1,0,1,0,1,0,0,0,0,1,0,0,0.2800369,False
94134,37.721052,-122.413573,12,105.3,1275.65,0,0,0,1,1,0,1,1,0,0,0,0,1,0,1,0,0,0,1,0,1,0,0,1,0,1,0,0.5726121,False
94301,37.444314,-122.149996,57,69.85,4003.0,0,1,0,0,1,0,0,0,0,0,1,0,0,0,1,0,1,0,1,0,0,0,1,0,0,0,0,0.16036904,False
94303,37.45809,-122.115398,58,65.25,3791.6,0,0,1,0,1,0,0,0,0,0,1,0,1,0,0,0,0,0,1,0,0,0,0,1,1,0,0,0.34620732,False
94304,37.386978,-122.177746,37,19.8,813.3,0,0,0,0,1,0,0,0,1,1,0,1,0,1,0,1,0,1,0,1,0,0,1,0,0,0,1,0.15556149,False
94305,37.424342,-122.165641,44,19.6,780.25,0,0,1,1,1,0,0,0,1,1,0,1,0,1,0,1,0,1,0,1,0,0,0,0,0,0,1,0.20581363,False
94306,37.416159,-122.131337,27,20.05,552.9,1,0,0,1,1,0,0,0,1,1,0,1,0,1,0,1,0,1,0,1,0,1,0,0,1,0,0,0.15318865,False
94401,37.590421,-122.306467,8,49.4,408.25,0,0,0,0,1,0,0,0,0,0,0,0,0,0,0,0,1,0,0,0,0,0,0,0,0,1,0,0.5827149,False
94403,37.538309,-122.305109,25,88.4,2191.15,0,1,1,0,1,0,0,1,0,0,0,0,1,0,1,0,0,0,0,0,1,0,0,0,0,0,0,0.60832345,False
94404,37.556094,-122.272437,57,100.6,5611.7,0,0,1,1,1,0,1,1,0,0,0,0,1,0,0,0,0,0,1,0,1,0,0,1,0,1,0,0.4360704,False
94501,37.774633,-122.274434,12,19.45,246.25,0,0,0,0,1,0,0,0,1,1,0,1,0,1,0,1,0,1,0,1,0,0,0,0,0,0,1,0.27994195,False
94502,37.724817,-122.224363,62,20.3,1296.15,0,0,1,1,1,0,0,0,1,1,0,1,0,1,0,1,0,1,0,1,0,0,1,0,0,0,0,0.1309193,False
94506,37.791481,-121.903253,65,107.65,7082.85,0,0,1,0,1,0,1,1,0,0,0,0,1,0,1,0,1,0,1,0,1,0,1,1,0,0,0,0.31262624,False
94507,37.855717,-121.994813,71,80.45,5662.25,0,0,1,0,1,0,1,0,0,0,0,0,0,0,1,0,1,0,1,0,1,0,1,1,0,0,0,0.151816,False
94508,38.542448,-122.419923,21,58.85,1215.45,0,0,1,1,1,0,0,0,0,0,0,0,1,0,0,0,0,0,1,0,0,1,0,1,1,0,0,0.2686405,False
94509,37.980057,-121.801599,71,109.6,7854.15,1,0,1,0,1,0,1,1,0,0,1,0,1,0,1,0,0,0,1,0,1,1,0,1,0,1,0,0.3791957,False
94510,38.113533,-122.11926,7,75.15,525.0,0,0,0,0,1,0,0,1,0,0,0,0,0,0,1,0,0,0,0,0,0,0,0,1,0,1,0,0.80137336,True
94511,38.050558,-121.646924,72,73.0,5265.2,0,0,0,0,1,0,0,0,0,0,1,0,1,0,1,0,1,0,0,0,1,0,1,1,1,0,0,0.15031086,False
94512,38.140719,-121.838298,1,70.1,70.1,0,0,0,0,1,0,0,1,0,0,0,0,0,0,0,0,0,0,0,0,0,0,0,0,0,1,0,0.81730294,True
94513,37.908242,-121.682472,72,98.65,7129.45,0,0,1,1,1,0,1,1,0,0,0,0,1,0,1,0,1,0,0,0,1,0,1,1,0,0,0,0.15268691,False
94514,37.83323,-121.601461,64,111.45,7266.95,0,0,1,1,1,0,1,1,0,0,0,0,1,0,1,0,1,0,1,0,1,1,0,1,0,1,0,0.2720605,False
94515,38.629618,-122.593216,72,114.9,8496.7,0,0,0,0,1,0,1,1,0,0,1,0,1,0,1,0,1,0,1,0,1,0,1,1,0,1,0,0.24459697,False
94517,37.881842,-121.848111,29,100.55,2878.75,0,0,0,0,1,0,1,1,0,0,0,0,0,0,1,0,0,0,1,0,1,0,0,0,0,0,0,0.6560584,False
94518,37.950248,-122.022455,13,20.4,261.3,0,0,0,0,1,0,0,0,1,1,0,1,0,1,0,1,0,1,0,1,0,0,1,1,0,0,1,0.1630645,False
94519,37.990118,-122.012188,31,104.35,3205.6,0,0,0,0,1,0,1,1,0,0,1,0,1,0,0,0,0,0,1,0,1,0,0,0,0,1,0,0.5909367,False
94530,37.924838,-122.289145,14,80.45,1137.05,0,0,1,1,1,0,1,0,0,0,0,0,1,0,0,0,1,0,1,0,1,0,0,0,1,0,0,0.28107414,False
94536,37.572273,-121.964583,72,91.35,6697.2,0,0,0,0,1,0,1,0,0,0,1,0,1,0,1,0,1,0,1,0,1,0,1,1,0,0,0,0.15101504,False
94541,37.674002,-122.076796,25,19.9,505.45,1,0,1,1,1,0,0,0,1,1,0,1,0,1,0,1,0,1,0,1,0,1,0,0,0,1,0,0.169974,False
94544,37.639215,-122.037554,18,68.35,1299.8,1,0,0,0,1,0,0,0,0,0,1,0,0,0,1,0,1,0,1,0,0,0,0,1,0,1,0,0.43468174,False
94545,37.62984,-122.120843,71,79.1,5564.85,1,0,1,0,1,0,0,0,0,0,0,0,1,0,1,0,1,0,1,0,1,0,1,1,1,0,0,0.151816,False
94546,37.708327,-122.083473,28,51.0,1381.8,1,1,1,1,1,0,1,0,0,0,0,0,0,0,0,0,0,0,0,0,0,1,0,1,0,1,0,0.20200872,False
94547,37.991259,-122.214945,2,80.55,188.1,0,0,0,1,1,0,1,1,0,0,1,0,0,0,0,0,0,0,0,0,0,0,0,0,1,0,0,0.47730225,False
94549,37.907777,-122.127161,17,66.7,1077.05,1,0,1,1,1,0,1,0,0,0,0,0,1,0,1,0,1,0,0,0,0,0,0,1,0,0,1,0.26466846,False
94550,37.571748,-121.659562,56,86.4,4922.4,1,0,0,0,1,0,1,1,0,0,1,0,1,0,0,0,0,0,0,0,0,0,0,1,0,1,0,0.48020735,False
94552,37.722727,-122.02157,60,50.05,2911.5,0,0,1,0,0,1,0,0,0,0,1,0,1,0,1,0,0,0,0,0,1,1,0,0,0,1,0,0.35244432,False
94553,38.014457,-122.115432,33,25.7,826.1,0,0,0,0,1,0,1,0,1,1,0,1,0,1,0,1,0,1,0,1,0,0,1,0,1,0,0,0.1522232,False
94555,37.555473,-122.080312,1,83.4,83.4,0,0,0,0,1,0,0,1,0,0,1,0,1,0,0,0,1,0,0,0,0,0,0,1,0,0,1,0.62922615,False
94558,38.489789,-122.27011,63,84.65,5377.8,1,0,1,0,1,0,1,1,0,0,1,0,0,0,0,0,1,0,0,0,0,0,1,1,1,0,0,0.20569937,False
94560,37.504133,-122.032347,55,64.75,3617.1,0,0,0,0,1,0,0,0,0,0,0,0,1,0,1,0,0,0,0,0,1,0,1,1,0,0,1,0.191917,False
94561,37.999406,-121.686241,65,100.15,6643.5,0,0,1,0,1,0,1,1,0,0,1,0,1,0,0,0,1,0,1,0,0,1,0,1,0,0,0,0.36157912,False
94564,37.996462,-122.293716,63,25.25,1559.3,1,0,0,0,1,0,1,0,1,1,0,1,0,1,0,1,0,1,0,1,0,0,1,0,0,0,1,0.15479362,False
94565,38.006047,-121.916834,70,113.0,7987.6,0,1,1,0,1,0,1,1,0,0,1,0,1,0,1,0,1,0,1,0,1,0,1,1,1,0,0,0.21260376,False
94566,37.633361,-121.862395,36,40.65,1547.35,0,0,1,1,0,1,0,0,0,0,1,0,0,0,1,0,1,0,0,0,0,0,1,0,1,0,0,0.14450255,False
94569,38.035707,-122.196821,22,94.95,2142.8,1,0,0,0,1,0,0,1,0,0,0,0,1,0,1,0,1,0,0,0,1,0,0,1,0,0,0,0.61508024,False
94571,38.148862,-121.737696,5,59.9,287.85,0,1,0,0,1,0,0,0,0,0,1,0,1,0,0,0,1,0,0,0,0,0,0,0,1,0,0,0.38292423,False
94577,37.717196,-122.159338,1,19.8,19.8,0,0,0,0,1,0,0,0,1,1,0,1,0,1,0,1,0,1,0,1,0,0,0,0,1,0,0,0.49315986,False
94578,37.704384,-122.126703,56,81.8,4534.45,1,0,0,0,1,0,0,0,0,0,0,0,1,0,1,0,1,0,1,0,1,0,1,1,1,0,0,0.1690935,False
94579,37.687264,-122.15728,2,20.0,40.9,0,0,0,0,1,0,0,0,1,1,0,1,0,1,0,1,0,1,0,1,0,0,0,1,0,0,1,0.38378477,False
94580,37.676249,-122.132415,35,59.6,2094.9,1,0,0,0,1,0,1,0,0,0,1,0,0,0,1,0,0,0,0,0,0,0,0,1,0,1,0,0.41917932,False
94583,37.766556,-121.976784,64,25.0,1584.8,0,0,1,0,1,0,1,0,1,1,0,1,0,1,0,1,0,1,0,1,0,0,1,0,1,0,0,0.15146886,False
94585,38.197907,-122.017258,15,84.35,1302.65,0,0,0,0,1,0,1,1,0,0,1,0,0,0,1,0,0,0,0,0,0,0,0,1,1,0,0,0.6601946,False
94587,37.59485,-122.051521,1,55.55,55.55,1,0,0,0,1,0,0,0,0,0,0,0,0,0,0,0,0,0,0,0,1,0,0,0,0,0,1,0.64543295,False
94588,37.685052,-121.912061,70,75.35,5437.75,0,0,1,1,1,0,0,0,0,0,1,0,0,0,0,0,1,0,1,0,1,0,1,0,1,0,0,0.12877473,False
94591,38.105733,-122.186338,39,59.3,2209.15,0,0,0,0,1,0,0,0,0,0,0,0,0,0,0,0,1,0,0,0,1,1,0,0,0,1,0,0.28145045,False
94592,38.093701,-122.276589,29,66.1,1912.15,0,0,0,0,1,0,1,0,0,0,1,0,0,0,0,0,0,0,0,0,1,0,0,1,0,1,0,0.4106515,False
94595,37.862128,-122.075197,14,18.8,255.55,0,0,1,1,1,0,0,0,1,1,0,1,0,1,0,1,0,1,0,1,0,0,1,0,0,0,1,0.1438433,False
94596,37.900662,-122.052782,61,86.45,5175.3,0,0,0,0,1,0,1,0,0,0,1,0,0,0,1,0,1,0,1,0,1,0,1,0,1,0,0,0.1611114,False
94598,37.916648,-122.008483,13,52.1,670.65,1,0,0,1,1,0,0,0,0,0,1,0,0,0,0,0,0,0,0,0,0,0,0,1,1,0,0,0.34351245,False
94599,38.421458,-122.365048,66,47.4,3177.25,0,0,0,0,0,1,0,0,0,0,1,0,1,0,1,0,1,0,0,0,0,0,1,1,0,0,1,0.1864489,False
94602,37.803883,-122.208417,59,109.15,6557.75,0,0,1,0,1,0,1,1,0,0,1,0,1,0,1,0,0,0,1,0,1,1,0,1,1,0,0,0.4246281,False
94603,37.739113,-122.175602,62,94.95,5791.85,1,0,1,1,1,0,1,1,0,0,1,0,1,0,0,0,0,0,1,0,0,1,0,1,1,0,0,0.20976436,False
94605,37.758019,-122.138678,33,93.55,3055.5,1,1,1,0,1,0,0,1,0,0,1,0,1,0,0,0,1,0,0,0,1,1,0,1,0,1,0,0.4374596,False
94606,37.792489,-122.244314,66,79.5,5196.1,1,0,0,1,1,0,0,0,0,0,0,0,1,0,1,0,1,0,1,0,1,0,1,1,1,0,0,0.14034748,False
94607,37.80707,-122.297401,72,115.05,8405.0,0,0,0,0,1,0,1,1,0,0,1,0,1,0,1,0,1,0,1,0,1,0,1,0,1,0,0,0.19530036,False
94610,37.808731,-122.238708,51,95.15,5000.05,0,0,1,1,1,0,1,1,0,0,1,0,0,0,0,0,1,0,1,0,0,1,0,1,0,0,1,0.27094686,False
94611,37.828416,-122.216005,63,105.4,6713.2,1,0,0,0,1,0,1,1,0,0,0,0,1,0,0,0,1,0,1,0,1,0,0,0,0,1,0,0.62557167,False
94612,37.809014,-122.269739,27,20.1,562.6,1,0,0,0,1,0,0,0,1,1,0,1,0,1,0,1,0,1,0,1,0,1,0,0,0,0,0,0.17709412,False
94619,37.787186,-122.14633,4,20.05,91.45,0,1,0,0,1,0,0,0,1,1,0,1,0,1,0,1,0,1,0,1,0,0,0,0,0,0,1,0.3004222,False
94621,37.750553,-122.197175,42,20.7,828.85,1,0,1,1,1,0,0,0,1,1,0,1,0,1,0,1,0,1,0,1,0,0,1,0,0,0,1,0.13386415,False
94702,37.866009,-122.286228,29,20.35,617.35,0,0,0,0,1,0,0,0,1,1,0,1,0,1,0,1,0,1,0,1,0,1,0,0,0,0,1,0.18086147,False
94704,37.871416,-122.246597,30,19.7,625.05,1,0,0,0,1,0,0,0,1,1,0,1,0,1,0,1,0,1,0,1,0,1,0,0,0,0,1,0.18086147,False
94706,37.890274,-122.295192,71,85.45,6029.9,1,0,1,1,1,0,0,0,0,0,1,0,1,0,1,0,1,0,1,0,1,0,1,0,0,0,0,0.12877473,False
94707,37.897753,-122.279391,46,40.4,1842.7,1,0,1,0,0,1,0,0,0,0,1,0,0,0,1,0,1,0,0,0,0,0,1,0,1,0,0,0.17119172,False
94710,37.872902,-122.303708,69,105.2,7386.05,1,0,0,0,1,0,1,1,0,0,0,0,1,0,0,0,1,0,1,0,1,1,0,1,0,0,0,0.50716686,False
94801,37.945288,-122.383941,72,100.65,7334.05,0,0,1,0,1,0,1,1,0,0,1,0,1,0,1,0,0,0,1,0,0,0,1,0,0,0,0,0.21729931,False
94804,37.921034,-122.341798,28,91.0,2626.15,1,0,0,0,1,0,0,1,0,0,0,0,0,0,1,0,1,0,0,0,1,0,0,0,0,1,0,0.633757,False
94806,37.980269,-122.342635,72,116.75,8277.05,0,1,1,0,1,0,1,1,0,0,1,0,1,0,1,0,1,0,1,0,1,0,1,1,1,0,0,0.18730567,False
94903,38.018065,-122.546024,7,59.1,369.25,0,0,0,0,1,0,0,0,0,0,1,0,0,0,0,0,0,0,0,0,1,1,0,1,0,1,0,0.37716582,False
94904,37.946617,-122.563571,22,49.8,1049.05,0,0,0,0,1,0,0,0,0,0,1,0,0,0,0,0,0,0,0,0,0,0,0,1,0,1,0,0.5863046,False
94920,37.885629,-122.46858,72,19.3,1414.8,1,0,0,0,1,0,0,0,1,1,0,1,0,1,0,1,0,1,0,1,0,0,1,0,0,0,0,0.14561512,False
94922,38.343282,-122.9755,8,19.65,169.75,1,0,1,1,1,0,0,0,1,1,0,1,0,1,0,1,0,1,0,1,0,0,0,0,1,0,0,0.23945689,False
94923,38.377165,-123.037957,52,81.4,4354.45,1,0,1,0,1,0,1,0,0,0,1,0,1,0,1,0,1,0,0,0,1,1,0,1,1,0,0,0.25719485,False
94924,37.943087,-122.72379,68,38.9,2719.2,0,0,0,0,0,1,0,0,0,0,1,0,0,0,1,0,1,0,0,0,0,0,1,0,0,0,1,0.1864489,False
94925,37.924014,-122.511694,71,87.95,6365.35,0,0,1,0,1,0,1,0,0,0,1,0,1,0,1,0,1,0,1,0,1,0,1,0,0,0,0,0.14450765,False
94928,38.34719,-122.697822,2,19.85,51.6,1,0,0,0,1,0,0,0,1,1,0,1,0,1,0,1,0,1,0,1,0,0,0,0,0,0,1,0.3631729,False
94929,38.24458,-122.956268,34,96.35,3190.25,0,1,0,0,1,0,1,1,0,0,0,0,1,0,0,0,1,0,1,0,0,0,0,1,0,1,0,0.7052973,True
94930,37.971751,-122.611873,35,24.15,812.5,0,0,0,0,0,1,0,0,0,0,0,0,0,0,0,0,0,0,0,0,0,0,0,0,0,1,0,0.55577946,False
94931,38.326215,-122.718742,61,19.1,1143.8,0,0,1,1,1,0,0,0,1,1,0,1,0,1,0,1,0,1,0,1,0,1,0,0,1,0,0,0.15089916,False
94933,38.010092,-122.689442,1,44.0,44.0,1,0,0,0,1,0,0,0,0,0,0,0,0,0,0,0,0,0,0,0,0,0,0,0,0,1,0,0.7409358,True
94938,38.021772,-122.691744,53,60.6,3297.0,0,0,1,1,1,0,0,0,0,0,0,0,0,0,1,0,0,0,0,0,1,1,0,0,1,0,0,0.23131049,False
94939,37.937082,-122.532369,72,25.65,1887.0,0,0,1,0,1,0,1,0,1,1,0,1,0,1,0,1,0,1,0,1,0,0,1,0,0,0,0,0.14561512,False
94946,38.065359,-122.665566,41,53.95,2215.4,1,1,1,0,0,1,0,0,0,0,0,0,1,0,1,0,0,0,1,0,1,0,0,1,0,1,0,0.5526992,False
94947,38.112166,-122.634384,24,20.4,482.8,0,0,1,0,1,0,0,0,1,1,0,1,0,1,0,1,0,1,0,1,0,1,0,0,1,0,0,0.17709412,False
94950,38.052209,-122.775567,8,29.35,216.45,1,0,0,0,0,1,0,0,0,0,1,0,0,0,0,0,0,0,0,0,0,0,0,0,0,0,1,0.48742786,False
94951,38.325599,-122.642352,1,20.45,20.45,1,0,0,0,1,0,0,0,1,1,0,1,0,1,0,1,0,1,0,1,0,0,0,1,0,0,1,0.5526383,False
94952,38.237018,-122.77872,54,95.1,5064.85,0,0,0,0,1,0,1,1,0,0,0,0,0,0,1,0,1,0,0,0,1,0,1,1,0,0,0,0.2488979,False
94954,38.235021,-122.557332,41,25.25,996.45,1,0,0,0,1,0,1,0,1,1,0,1,0,1,0,1,0,1,0,1,0,0,0,1,0,0,0,0.27164033,False
94956,38.060264,-122.830646,19,44.9,839.65,0,0,1,0,1,0,0,0,0,0,0,0,0,0,0,0,0,0,0,0,0,0,0,0,0,0,1,0.49708733,False
94960,37.99272,-122.575026,72,92.65,6733.0,0,0,1,1,1,0,1,0,0,0,1,0,1,0,1,0,1,0,1,0,1,0,1,0,0,0,0,0.12877473,False
94963,38.00474,-122.663717,62,43.7,2618.3,1,0,0,0,0,1,0,0,0,0,1,0,1,0,1,0,1,0,0,0,0,0,1,1,0,0,0,0.1864489,False
94964,37.942551,-122.491642,56,72.6,4084.35,0,1,1,1,1,0,0,0,0,0,1,0,0,0,0,0,1,0,1,0,1,0,1,1,1,0,0,0.12815858,False
94971,38.240769,-122.901041,32,18.95,613.95,1,0,1,1,1,0,0,0,1,1,0,1,0,1,0,1,0,1,0,1,0,0,1,0,0,0,1,0.13386415,False
94972,38.339996,-122.935056,21,20.5,402.85,1,0,0,0,1,0,0,0,1,1,0,1,0,1,0,1,0,1,0,1,0,0,0,0,1,0,0,0.26904443,False
94973,38.005839,-122.638155,62,19.95,1244.8,1,0,1,1,1,0,0,0,1,1,0,1,0,1,0,1,0,1,0,1,0,1,0,0,0,0,0,0.15089916,False
95002,37.449537,-121.994813,2,24.5,46.4,0,0,0,0,0,1,0,0,0,0,0,0,0,0,0,0,0,0,0,0,0,0,0,0,0,1,0,0.72062635,True
95003,37.013471,-121.877877,27,20.6,581.85,1,0,0,1,1,0,0,0,1,1,0,1,0,1,0,1,0,1,0,1,0,0,1,0,0,0,1,0.13270007,False
95005,37.078873,-122.090386,25,61.05,1540.2,0,0,0,0,0,1,0,0,0,0,1,0,1,0,1,0,0,0,1,0,1,1,0,0,0,1,0,0.3948826,False
95007,37.106902,-122.100006,49,106.65,5168.1,1,0,0,0,1,0,1,1,0,0,0,0,1,0,0,0,1,0,1,0,1,1,0,1,0,0,0,0.51668733,False
95008,37.279689,-121.954567,63,108.25,6780.1,0,0,0,0,1,0,1,1,0,0,1,0,1,0,1,0,0,0,1,0,1,0,0,0,1,0,0,0.4463356,False
95010,36.977025,-121.952864,4,20.4,94.5,0,0,0,1,1,0,0,0,1,1,0,1,0,1,0,1,0,1,0,1,0,0,0,0,1,0,0,0.26611626,False
95012,36.784481,-121.759054,1,55.3,55.3,0,0,1,0,1,0,0,0,0,0,0,0,0,0,0,0,0,0,1,0,0,0,0,1,0,0,1,0.7230721,True
95014,37.306612,-122.080621,11,20.25,208.0,1,0,0,0,1,0,0,0,1,1,0,1,0,1,0,1,0,1,0,1,0,0,0,0,0,0,1,0.29771215,False
95017,37.114335,-122.237162,52,72.95,3829.75,1,1,0,0,1,0,1,1,0,0,0,0,0,0,0,0,0,0,0,0,0,0,0,1,0,0,0,0.622546,False
95018,37.089111,-122.062213,60,89.45,5294.6,0,1,1,0,1,0,1,1,0,0,0,0,1,0,0,0,0,0,0,0,1,0,0,0,0,1,0,0.51072687,False
95019,36.936228,-121.785559,64,104.65,6889.8,1,0,0,0,1,0,1,1,0,0,0,0,0,0,1,0,1,0,1,0,1,1,0,1,1,0,0,0.5157214,False
95020,37.03889,-121.528955,43,75.2,3254.35,0,0,1,1,1,0,0,0,0,0,1,0,0,0,1,0,0,0,1,0,1,0,1,0,0,0,0,0.17065844,False
95023,36.875409,-121.279679,61,101.15,6383.9,0,0,1,0,1,0,1,1,0,0,0,0,0,0,0,0,1,0,1,0,1,1,0,0,0,0,0,0.48039293,False
95033,37.160194,-121.945611,66,68.75,4447.55,1,0,0,0,1,0,1,0,0,0,1,0,1,0,1,0,1,0,0,0,0,0,1,0,0,0,0,0.15631884,False
95035,37.441931,-121.878502,67,111.05,7321.05,1,0,1,0,1,0,0,1,0,0,1,0,1,0,1,0,1,0,1,0,1,0,1,1,0,1,0,0.29770225,False
95037,37.161544,-121.649371,42,99.0,4135.0,0,0,1,0,1,0,0,1,0,0,0,0,0,0,1,0,1,0,1,0,1,0,1,1,1,0,0,0.27598503,False
95041,37.051166,-122.056194,31,21.0,697.7,0,0,1,1,1,0,0,0,1,1,0,1,0,1,0,1,0,1,0,1,0,0,1,0,0,0,1,0.13386415,False
95043,36.525703,-120.952122,7,19.4,168.65,1,0,0,0,1,0,0,0,1,1,0,1,0,1,0,1,0,1,0,1,0,0,0,1,0,0,1,0.29816628,False
95046,37.084697,-121.606417,34,77.2,2753.8,1,0,1,1,1,0,1,0,0,0,0,0,0,0,1,0,0,0,1,0,1,1,0,0,0,0,0,0.2340981,False
95050,37.351214,-121.952417,3,19.45,69.25,1,0,0,0,1,0,0,0,1,1,0,1,0,1,0,1,0,1,0,1,0,1,0,1,0,0,1,0.23728147,False
95051,37.348129,-121.98469,19,24.85,434.8,0,0,1,1,0,1,0,0,0,0,0,0,0,0,0,0,0,0,0,0,0,0,0,1,0,0,1,0.29922614,False
95062,36.974575,-121.991149,3,41.35,107.25,1,0,0,0,0,1,0,0,0,0,1,0,0,0,1,0,1,0,0,0,0,0,0,0,0,0,1,0.51623094,False
95064,37.007882,-122.065975,46,19.6,851.2,1,0,1,0,1,0,0,0,1,1,0,1,0,1,0,1,0,1,0,1,0,0,0,0,0,1,0,0.3103758,False
95066,37.070177,-122.010077,69,84.45,5848.6,0,0,1,1,1,0,1,1,0,0,1,0,0,0,1,0,0,0,0,0,0,1,0,0,0,0,0,0.2028988,False
95070,37.257772,-122.051824,5,20.25,109.8,1,0,0,0,1,0,0,0,1,1,0,1,0,1,0,1,0,1,0,1,0,0,0,0,0,0,1,0.3230784,False
95073,37.023669,-121.946461,1,19.65,19.65,1,0,0,0,1,0,0,0,1,1,0,1,0,1,0,1,0,1,0,1,0,0,0,0,0,0,0,0.5250532,False
95076,36.931654,-121.752383,26,20.65,595.5,1,0,0,0,1,0,0,0,1,1,0,1,0,1,0,1,0,1,0,1,0,1,0,1,1,0,0,0.17709412,False
95111,37.284265,-121.827673,25,99.3,2513.5,1,0,0,0,1,0,0,1,0,0,0,0,0,0,1,0,1,0,1,0,1,0,1,0,0,0,0,0.32498834,False
95112,37.343827,-121.883119,64,81.05,5135.35,1,0,1,1,1,0,0,1,0,0,1,0,1,0,0,0,0,0,0,0,0,0,0,0,0,1,0,0.26906118,False
95113,37.333851,-121.891147,30,67.6,2000.2,1,0,1,1,1,0,1,0,0,0,1,0,1,0,1,0,1,0,0,0,0,0,0,0,0,1,0,0.25354514,False
95116,37.350284,-121.852855,13,70.15,931.75,1,0,0,0,1,0,0,1,0,0,0,0,0,0,0,0,0,0,0,0,0,0,0,1,0,1,0,0.7546478,True
95117,37.311088,-121.961786,64,115.0,7396.15,0,0,1,0,1,0,1,1,0,0,1,0,1,0,1,0,1,0,1,0,1,1,0,1,0,1,0,0.44394034,False
95118,37.255479,-121.889838,46,84.8,3958.85,0,0,0,1,1,0,1,1,0,0,0,0,0,0,1,0,1,0,0,0,0,0,0,1,0,0,0,0.36328405,False
95119,37.233226,-121.78809,12,19.7,260.9,0,0,0,0,1,0,0,0,1,1,0,1,0,1,0,1,0,1,0,1,0,1,0,0,0,0,1,0.19150287,False
95122,37.32886,-121.834567,13,63.15,816.8,0,0,1,1,1,0,0,0,0,0,1,0,0,0,1,0,0,0,0,0,1,0,0,1,0,0,1,0.31141448,False
95123,37.238758,-121.828375,67,74.0,4868.4,0,0,1,1,1,0,1,0,0,0,1,0,1,0,0,0,1,0,1,0,0,0,1,0,1,0,0,0.12877473,False
95124,37.257063,-121.923037,24,29.1,688.0,1,0,1,0,0,1,0,0,0,0,0,0,0,0,1,0,0,0,0,0,0,0,0,0,0,1,0,0.6228222,False
95125,37.294926,-121.894763,6,50.05,288.35,1,0,0,0,1,0,0,0,0,0,0,0,0,0,0,0,1,0,0,0,0,0,0,0,0,0,1,0.49464282,False
95128,37.316146,-121.936285,10,20.0,185.4,1,0,0,0,1,0,0,0,1,1,0,1,0,1,0,1,0,1,0,1,0,0,0,0,0,1,0,0.32740355,False
95129,37.305622,-122.000887,13,74.65,966.25,0,0,0,0,1,0,0,1,0,0,0,0,1,0,0,0,0,0,0,0,0,1,0,1,0,0,1,0.49063417,False
95132,37.424655,-121.74841,7,44.4,265.8,1,1,0,0,0,1,0,0,0,0,0,0,1,0,0,0,1,0,0,0,1,0,0,1,0,1,0,0.6146448,False
95133,37.371862,-121.860349,38,85.4,3297.0,1,0,1,1,1,0,1,0,0,0,1,0,0,0,1,0,1,0,1,0,1,0,1,1,0,0,0,0.14816166,False
95134,37.42765,-121.945416,43,94.1,4107.3,0,0,1,0,1,0,1,1,0,0,1,0,1,0,0,0,0,0,0,0,1,0,0,1,0,1,0,0.6196284,False
95136,37.270938,-121.851046,25,108.9,2809.05,0,0,0,0,1,0,1,1,0,0,0,0,1,0,1,0,1,0,1,0,1,0,1,0,0,1,0,0.45147336,False
95138,37.246064,-121.749494,27,56.2,1567.55,1,0,0,1,1,0,0,0,0,0,1,0,1,0,0,0,0,0,0,0,0,1,0,0,0,0,1,0.1815234,False
95139,37.218705,-121.762429,72,26.1,1851.45,1,0,1,1,1,0,1,0,1,1,0,1,0,1,0,1,0,1,0,1,0,0,1,0,0,0,1,0.13386415,False
95140,37.382909,-121.634151,71,85.45,6028.95,1,0,0,1,1,0,1,1,0,0,1,0,1,0,0,0,0,0,0,0,0,1,0,1,1,0,0,0.2112211,False
95148,37.339533,-121.777179,24,88.95,2072.75,0,0,0,0,1,0,1,1,0,0,0,0,0,0,1,0,0,0,1,0,0,0,0,1,1,0,0,0.684333,False
95203,37.954089,-121.329761,57,74.35,4317.35,1,0,0,0,1,0,0,0,0,0,1,0,0,0,1,0,0,0,1,0,1,0,1,1,0,0,0,0.17256103,False
95204,37.974498,-121.319568,15,48.85,736.8,0,0,0,0,1,0,0,0,0,0,0,0,1,0,0,0,0,0,0,0,0,0,0,0,0,1,0,0.52054584,False
95205,37.965695,-121.260051,4,80.1,336.15,1,0,0,0,1,0,1,1,0,0,1,0,0,0,0,0,0,0,0,0,0,0,0,1,0,1,0,0.680217,False
95206,37.902422,-121.440029,28,56.05,1522.65,0,0,0,0,1,0,0,0,0,0,1,0,1,0,0,0,0,0,0,0,0,0,0,0,0,1,0,0.37110686,False
95209,38.044523,-121.348048,55,89.8,4959.6,0,0,1,0,1,0,1,1,0,0,1,0,0,0,0,0,0,0,1,0,0,0,0,1,0,0,0,0.55732304,False
95215,37.946282,-121.139499,55,19.1,1001.5,1,0,0,1,1,0,0,0,1,1,0,1,0,1,0,1,0,1,0,1,0,1,0,0,0,0,0,0.17173828,False
95219,38.029729,-121.387999,20,20.35,442.6,0,0,1,1,1,0,0,0,1,1,0,1,0,1,0,1,0,1,0,1,0,0,0,0,0,0,1,0.21512318,False
95220,38.200231,-121.235034,62,106.05,6703.5,0,0,1,1,1,0,1,1,0,0,0,0,1,0,0,0,1,0,1,0,1,1,0,1,1,0,0,0.29111394,False
95223,38.32153,-120.236358,43,19.65,779.25,0,0,0,0,1,0,0,0,1,1,0,1,0,1,0,1,0,1,0,1,0,0,1,1,0,0,0,0.1522232,False
95225,38.183918,-120.898817,60,59.85,3483.45,0,0,1,0,1,0,0,0,0,0,1,0,1,0,0,0,1,0,0,0,0,0,1,0,0,0,0,0.14962319,False
95226,38.233879,-120.861666,58,86.1,4890.5,1,0,1,0,1,0,1,0,0,0,1,0,1,0,1,0,0,0,1,0,1,0,1,1,0,1,0,0.21969019,False
95227,38.227285,-121.02789,7,19.45,136.75,1,0,0,1,1,0,0,0,1,1,0,1,0,1,0,1,0,1,0,1,0,1,0,0,0,0,1,0.18486436,False
95228,37.943954,-120.67108,2,97.1,184.15,1,0,1,1,1,0,0,1,0,0,1,0,0,0,0,0,0,0,1,0,1,0,0,0,0,1,0,0.5500539,False
95230,37.956963,-120.863055,37,36.65,1315.0,1,1,0,0,0,1,0,0,0,0,0,0,1,0,1,0,0,0,0,0,0,0,0,0,0,1,0,0.48257893,False
95231,37.873283,-121.292034,65,103.9,6767.1,0,1,1,1,1,0,1,1,0,0,0,0,0,0,1,0,1,0,1,0,1,1,0,1,0,0,0,0.28225976,False
95232,38.358464,-120.579304,39,19.75,757.95,0,0,1,1,1,0,0,0,1,1,0,1,0,1,0,1,0,1,0,1,0,0,1,0,0,0,1,0.13386415,False
95236,38.047746,-121.030499,68,24.55,1657.4,1,0,0,0,1,0,1,0,1,1,0,1,0,1,0,1,0,1,0,1,0,0,1,0,0,0,1,0.15479362,False
95237,38.166791,-121.14207,62,48.7,3008.55,0,0,1,1,0,1,0,0,0,0,1,0,1,0,0,0,1,0,1,0,0,0,1,0,0,0,0,0.15108514,False
95242,38.128087,-121.4078,72,109.55,8165.1,0,0,1,0,1,0,1,1,0,0,1,0,1,0,1,0,0,0,1,0,1,0,1,1,0,1,0,0.31029573,False
95245,38.304194,-120.592431,41,20.65,875.55,0,0,1,0,1,0,0,0,1,1,0,1,0,1,0,1,0,1,0,1,0,0,1,0,1,0,0,0.1522232,False
95247,38.147852,-120.440124,4,55.2,220.65,0,0,0,0,1,0,0,0,0,0,1,0,1,0,0,0,0,0,0,0,0,0,0,0,0,1,0,0.5791529,False
95249,38.196497,-120.61689,53,24.05,1301.9,1,0,0,0,1,0,1,0,1,1,0,1,0,1,0,1,0,1,0,1,0,1,0,0,0,0,0,0.1990908,False
95252,38.156971,-120.849231,39,20.45,790.0,1,0,1,0,1,0,0,0,1,1,0,1,0,1,0,1,0,1,0,1,0,0,1,1,0,0,0,0.1522232,False
95254,38.192608,-120.957842,63,19.25,1237.65,1,0,1,0,1,0,0,0,1,1,0,1,0,1,0,1,0,1,0,1,0,0,1,0,0,0,1,0.15556149,False
95255,38.41935,-120.469545,15,26.35,378.6,1,0,0,0,1,0,1,0,1,1,0,1,0,1,0,1,0,1,0,1,0,0,0,1,0,1,0,0.36228433,False
95257,38.392686,-120.415951,13,43.8,592.65,0,0,1,0,1,0,0,0,0,0,0,0,0,0,0,0,0,0,0,0,0,1,0,0,0,1,0,0.40682894,False
95258,38.169605,-121.310964,1,50.15,50.15,1,0,0,0,1,0,0,0,0,0,0,0,1,0,0,0,0,0,0,0,0,0,0,1,0,0,1,0.72785985,True
95301,37.321233,-120.656354,1,20.45,20.45,1,0,0,0,1,0,0,0,1,1,0,1,0,1,0,1,0,1,0,1,0,0,1,0,0,0,1,0.30206317,False
95305,37.818589,-120.256995,60,61.4,3638.25,1,0,0,0,1,0,0,0,0,0,1,0,1,0,1,0,0,0,0,0,0,0,1,0,0,1,0,0.20897786,False
95307,37.553469,-120.952825,40,70.75,2921.75,1,0,1,0,1,0,1,0,0,0,0,0,1,0,0,0,1,0,1,0,0,1,0,0,1,0,0,0.2724957,False
95310,38.085839,-120.37855,66,61.15,4017.45,0,0,0,0,1,0,0,0,0,0,1,0,1,0,1,0,0,0,0,0,0,0,1,1,0,0,0,0.17245175,False
95311,37.722127,-120.110174,42,20.25,854.9,1,0,1,1,1,0,0,0,1,1,0,1,0,1,0,1,0,1,0,1,0,1,0,0,0,0,1,0.15859027,False
95312,37.420273,-120.66527,66,63.85,4174.35,0,1,0,0,1,0,1,0,0,0,1,0,1,0,0,0,1,0,0,0,0,1,0,1,1,0,0,0.23804504,False
95313,37.435664,-121.049056,49,98.7,4920.55,1,0,0,0,1,0,1,1,0,0,0,0,1,0,0,0,0,0,1,0,1,0,0,0,0,1,0,0.7128305,True
95316,37.524721,-120.757977,41,20.0,810.3,0,0,0,0,1,0,0,0,1,1,0,1,0,1,0,1,0,1,0,1,0,0,1,0,0,0,1,0.15556149,False
95317,37.127386,-120.506422,41,19.3,772.4,0,0,1,1,1,0,0,0,1,1,0,1,0,1,0,1,0,1,0,1,0,0,1,0,0,0,0,0.1309193,False
95318,37.654551,-119.822984,23,84.4,1936.85,0,0,1,1,1,0,0,1,0,0,1,0,1,0,0,0,1,0,0,0,0,0,0,0,0,0,1,0.32448214,False
95320,37.818543,-121.006907,3,25.1,79.8,1,0,0,0,0,1,0,0,0,0,0,0,0,0,0,0,0,0,0,0,0,0,0,0,0,1,0,0.70450425,True
95321,37.902968,-119.667544,4,48.25,202.25,0,0,0,0,0,1,0,0,0,0,1,0,0,0,1,0,1,0,0,0,1,0,0,0,0,0,1,0.48652807,False
95322,37.147198,-121.120161,52,19.85,1070.5,0,0,1,1,1,0,0,0,1,1,0,1,0,1,0,1,0,1,0,1,0,0,1,0,0,0,1,0.13386415,False
95324,37.394536,-120.890747,11,94.2,999.9,0,0,0,0,1,0,0,1,0,0,0,0,1,0,1,0,1,0,0,0,1,0,0,1,0,1,0,0.77368665,True
95325,37.479926,-120.230424,2,62.15,113.1,0,0,1,0,1,0,0,0,0,0,1,0,0,0,0,0,0,0,0,0,1,0,0,1,0,0,1,0.50554365,False
95326,37.5923,-120.853288,26,79.3,2015.8,0,0,1,0,1,0,1,1,0,0,0,0,1,0,0,0,0,0,0,0,0,0,0,0,0,0,0,0.5835357,False
95327,37.84771,-120.486589,24,56.25,1454.25,1,0,1,1,1,0,0,0,0,0,1,0,0,0,1,0,0,0,0,0,0,1,0,1,1,0,0,0.18344292,False
95328,37.555631,-120.911653,12,20.3,246.7,0,0,0,0,1,0,0,0,1,1,0,1,0,1,0,1,0,1,0,1,0,0,0,0,0,0,1,0.28667724,False
95329,37.666587,-120.411517,60,99.0,6017.9,1,1,1,0,1,0,1,1,0,0,0,0,0,0,0,0,1,0,1,0,1,0,0,1,0,1,0,0.64300317,False
95330,37.80821,-121.308401,64,90.6,5817.45,0,0,1,1,1,0,1,0,0,0,1,0,1,0,1,0,1,0,1,0,1,0,1,1,0,0,1,0.12877473,False
95333,37.249377,-120.249581,66,85.9,5595.3,1,0,1,0,1,0,0,0,0,0,1,0,1,0,1,0,1,0,1,0,1,0,1,1,0,0,0,0.154248,False
95334,37.361987,-120.748394,60,79.2,4765.0,0,0,0,0,1,0,1,1,0,0,0,0,0,0,1,0,0,0,0,0,0,1,0,1,0,0,0,0.37317625,False
95335,38.109125,-120.078597,17,70.35,1201.65,1,0,1,1,1,0,1,0,0,0,1,0,0,0,1,0,0,0,1,0,0,1,0,1,0,0,0,0.26106572,False
95336,37.830267,-121.201018,42,19.35,867.3,1,0,1,1,1,0,0,0,1,1,0,1,0,1,0,1,0,1,0,1,0,0,1,0,0,0,1,0.13386415,False
95337,37.750822,-121.238423,1,50.15,50.15,1,0,0,0,1,0,1,0,0,0,0,0,0,0,0,0,0,0,0,0,0,0,0,1,0,1,0,0.75648046,True
95338,37.526791,-119.99437,47,63.8,3007.25,0,0,1,1,1,0,0,0,0,0,0,0,1,0,0,0,1,0,0,0,1,0,1,0,0,0,0,0.16976437,False
95340,37.255637,-120.493537,10,20.55,252.75,0,0,1,0,1,0,0,0,1,1,0,1,0,1,0,1,0,1,0,1,0,0,0,1,0,0,1,0.30843592,False
95345,37.581496,-119.972762,70,88.55,6306.5,1,1,1,0,1,0,1,0,0,0,1,0,1,0,1,0,1,0,1,0,1,0,1,1,1,0,0,0.154248,False
95346,38.121601,-120.133915,67,101.4,6841.05,1,1,0,0,1,0,1,1,0,0,0,0,0,0,1,0,0,0,1,0,1,0,0,1,1,0,0,0.63508725,False
95351,37.621458,-121.012295,1,44.6,44.6,1,0,0,0,1,0,0,0,0,0,0,0,0,0,0,0,0,0,0,0,0,0,0,0,0,0,1,0.70083046,True
95354,37.639029,-120.964772,4,63.75,226.2,1,0,0,0,1,0,0,0,0,0,0,0,1,0,0,0,1,0,1,0,0,0,0,1,0,0,0,0.48162296,False
95355,37.672906,-120.946594,66,109.25,7082.5,0,0,1,1,1,0,1,1,0,0,1,0,1,0,1,0,0,0,1,0,1,0,1,0,0,0,0,0.24244303,False
95356,37.716186,-121.025836,12,84.6,1017.35,0,0,0,0,1,0,0,1,0,0,0,0,1,0,0,0,0,0,0,0,1,0,0,1,0,1,0,0.7806475,True
95357,37.670526,-120.877572,24,20.45,527.35,0,0,0,0,1,0,0,0,1,1,0,1,0,1,0,1,0,1,0,1,0,1,0,0,1,0,0,0.1819803,False
95358,37.612612,-121.108568,26,85.75,2146.5,1,0,0,0,1,0,0,1,0,0,0,0,1,0,0,0,0,0,1,0,0,0,0,1,0,1,0,0.7262405,True
95361,37.785033,-120.776141,57,107.95,5969.85,1,0,1,0,1,0,1,1,0,0,0,0,0,0,1,0,1,0,1,0,1,0,1,0,0,1,0,0.4702995,False
95364,38.224869,-119.755729,42,22.95,1014.25,0,0,1,1,1,0,1,0,1,1,0,1,0,1,0,1,0,1,0,1,0,0,1,0,0,1,0,0.1510257,False
95366,37.750778,-121.13238,64,19.45,1225.65,0,0,1,0,1,0,0,0,1,1,0,1,0,1,0,1,0,1,0,1,0,0,1,0,1,0,0,0.1522232,False
95368,37.713152,-121.08739,19,19.7,386.5,1,0,0,0,1,0,0,0,1,1,0,1,0,1,0,1,0,1,0,1,0,1,0,1,1,0,0,0.19149409,False
95370,37.982716,-120.343732,22,87.0,1850.65,1,0,1,0,1,0,0,1,0,0,0,0,0,0,1,0,0,0,1,0,0,0,0,1,0,0,0,0.65594864,False
95374,37.316807,-120.855753,12,79.95,1043.4,1,0,0,0,1,0,0,1,0,0,0,0,0,0,0,0,0,0,0,0,1,0,0,1,0,0,0,0.75630236,True
95376,37.680968,-121.446049,31,64.0,1910.75,0,0,1,0,1,0,0,0,0,0,1,0,0,0,0,0,1,0,0,0,1,1,0,1,0,1,0,0.287873,False
95379,37.939768,-120.188002,11,64.9,716.1,0,0,0,0,1,0,0,0,0,0,0,0,0,0,0,0,0,0,1,0,1,0,0,1,0,1,0,0.60994244,False
95380,37.474396,-120.875917,68,25.75,1686.15,1,0,1,1,1,0,1,0,1,1,0,1,0,1,0,1,0,1,0,1,0,0,1,0,0,0,1,0.13386415,False
95382,37.529656,-120.854357,72,90.15,6716.45,0,1,1,1,1,0,1,0,0,0,1,0,1,0,1,0,1,0,1,0,1,0,1,1,0,0,0,0.12877473,False
95383,38.107441,-120.230625,67,116.1,7839.85,1,1,0,0,1,0,1,1,0,0,1,0,1,0,1,0,1,0,1,0,1,0,1,1,1,0,0,0.23759589,False
95385,37.609095,-121.263381,60,104.95,6236.75,0,0,0,0,1,0,0,1,0,0,1,0,0,0,1,0,1,0,1,0,1,0,0,1,0,0,0,0.5593992,False
95388,37.421299,-120.599587,58,50.0,2919.85,1,0,1,1,0,1,0,0,0,0,1,0,1,0,1,0,0,0,1,0,0,1,0,0,0,0,1,0.22031654,False
95403,38.488431,-122.752839,1,20.45,20.45,1,0,0,0,1,0,0,0,1,1,0,1,0,1,0,1,0,1,0,1,0,0,0,0,0,0,1,0.5307689,False
95407,38.394091,-122.739814,37,19.85,717.5,0,0,1,0,1,0,0,0,1,1,0,1,0,1,0,1,0,1,0,1,0,1,0,1,0,0,0,0.17709412,False
95409,38.468893,-122.580539,13,19.95,253.8,1,0,0,0,1,0,0,0,1,1,0,1,0,1,0,1,0,1,0,1,0,1,0,1,0,1,0,0.22702858,False
95410,39.225694,-123.717354,43,26.45,1110.05,1,0,0,0,1,0,1,0,1,1,0,1,0,1,0,1,0,1,0,1,0,0,1,0,0,0,0,0.15924658,False
95412,38.731055,-123.316553,6,63.4,348.8,0,0,0,0,0,1,0,0,0,0,1,0,1,0,1,0,1,0,1,0,1,0,1,1,0,0,1,0.2159652,False
95415,39.025867,-123.381544,71,53.95,3888.65,1,0,0,0,0,1,0,0,0,0,1,0,1,0,1,0,1,0,1,0,0,0,1,0,0,0,0,0.17481758,False
95420,39.361283,-123.784599,72,95.1,6843.15,0,0,1,1,1,0,1,1,0,0,1,0,1,0,0,0,0,0,1,0,0,0,1,1,0,1,0,0.2093368,False
95421,38.578807,-123.19338,6,74.1,450.9,0,1,0,0,1,0,0,1,0,0,1,0,0,0,0,0,0,0,0,0,0,0,0,1,0,1,0,0.70960814,True
95422,38.965804,-122.631779,12,35.5,432.25,1,0,1,1,0,1,0,0,0,0,0,0,1,0,0,0,1,0,0,0,0,0,0,0,0,0,1,0.32112172,False
95425,38.801936,-122.938935,21,79.2,1742.45,0,0,1,0,1,0,0,1,0,0,0,0,0,0,1,0,1,0,0,0,0,1,0,0,0,1,0,0.4167824,False
95426,38.838088,-122.73203,6,48.8,297.35,0,0,1,1,1,0,0,0,0,0,0,0,0,0,0,0,1,0,0,0,0,0,0,1,0,0,1,0.3257065,False
95429,39.756049,-123.358701,43,55.45,2444.25,0,0,0,0,1,0,0,0,0,0,0,0,1,0,0,0,1,0,0,0,0,1,0,0,0,1,0,0.26728788,False
95430,38.445603,-123.063756,35,25.4,949.8,0,0,1,1,1,0,1,0,1,1,0,1,0,1,0,1,0,1,0,1,0,0,1,1,1,0,0,0.1309193,False
95432,39.108252,-123.645121,32,93.5,2970.8,1,1,1,0,1,0,1,1,0,0,0,0,1,0,1,0,0,0,0,0,1,0,0,1,0,1,0,0.7418043,True
95436,38.499302,-122.92444,52,63.9,3334.95,1,0,0,0,0,1,0,0,0,0,1,0,1,0,1,0,1,0,1,0,1,0,1,0,1,0,0,0.18142088,False
95437,39.455555,-123.683979,32,64.85,2010.95,1,0,0,0,1,0,0,0,0,0,0,0,0,0,0,0,0,0,1,0,1,1,0,1,0,0,0,0.393458,False
95439,38.493888,-122.777141,72,63.8,4684.3,0,0,1,1,0,1,0,0,0,0,1,0,1,0,1,0,1,0,1,0,1,0,1,1,0,0,0,0.13442716,False
95441,38.731771,-123.064272,51,44.45,2181.55,1,0,0,0,0,1,0,0,0,0,1,0,0,0,0,0,1,0,0,0,1,0,0,1,1,0,0,0.34122804,False
95442,38.368744,-122.522642,68,19.95,1303.25,1,0,1,1,1,0,0,0,1,1,0,1,0,1,0,1,0,1,0,1,0,0,1,1,0,0,0,0.1309193,False
95443,39.045246,-122.743181,8,43.35,371.4,1,1,1,0,0,1,0,0,0,0,0,0,1,0,1,0,0,0,0,0,1,0,0,1,0,0,1,0.5389515,False
95444,38.434362,-122.86891,49,49.65,2409.9,1,0,1,0,0,1,0,0,0,0,0,0,1,0,0,0,0,0,1,0,1,0,1,0,1,0,0,0.2781008,False
95445,38.848082,-123.50608,72,85.1,6155.4,0,0,1,0,1,0,0,0,0,0,1,0,1,0,1,0,1,0,1,0,1,0,1,0,0,0,1,0.14450765,False
95449,38.93706,-123.118111,54,89.8,4667.0,1,0,0,0,1,0,0,1,0,0,1,0,0,0,1,0,0,0,1,0,0,0,0,0,0,0,1,0.5166838,False
95451,38.93496,-122.792243,50,103.05,5153.5,0,0,1,1,1,0,0,1,0,0,0,0,0,0,1,0,1,0,1,0,1,1,0,0,0,0,1,0.29143032,False
95452,38.419525,-122.521585,69,116.0,8182.85,0,0,1,0,1,0,1,1,0,0,1,0,1,0,1,0,1,0,1,0,1,0,1,1,0,1,0,0.25396478,False
95453,39.080469,-122.955176,1,69.9,69.9,1,0,0,0,1,0,0,1,0,0,0,0,0,0,0,0,0,0,0,0,0,0,0,1,0,1,0,0.8332858,True
95454,39.806141,-123.531098,68,95.1,6683.4,1,0,1,1,1,0,0,1,0,0,1,0,1,0,0,0,1,0,0,0,1,0,1,0,0,0,0,0.16042584,False
95456,39.245911,-123.77214,40,40.25,1564.05,1,0,0,1,0,1,0,0,0,0,1,0,1,0,0,0,1,0,0,0,0,1,0,0,0,0,1,0.20347936,False
95457,38.925545,-122.549083,31,25.75,755.6,1,0,1,1,1,0,1,0,1,1,0,1,0,1,0,1,0,1,0,1,0,0,1,0,0,0,1,0.13386415,False
95458,39.141934,-122.770679,33,105.35,3465.05,0,1,0,1,1,0,1,1,0,0,0,0,1,0,1,0,0,0,1,0,1,0,0,1,0,0,0,0.44541854,False
95459,38.966713,-123.586412,55,113.6,6292.7,1,1,1,0,1,0,1,1,0,0,0,0,1,0,1,0,1,0,1,0,1,0,1,1,0,1,0,0.40759522,False
95460,39.305545,-123.743697,68,24.0,1664.3,1,0,1,1,1,0,1,0,1,1,0,1,0,1,0,1,0,1,0,1,0,0,1,1,0,0,0,0.1309193,False
95461,38.787446,-122.58675,12,19.4,198.1,0,0,1,1,1,0,0,0,1,1,0,1,0,1,0,1,0,1,0,1,0,0,0,0,0,0,0,0.23444434,False
95462,38.471049,-123.015549,71,86.1,6045.9,1,0,1,0,1,0,0,0,0,0,1,0,1,0,1,0,1,0,1,0,1,0,1,1,0,0,0,0.14450765,False
95463,39.182916,-123.552571,40,102.65,4108.15,1,0,0,0,1,0,1,1,0,0,0,0,1,0,1,0,0,0,1,0,1,0,0,1,0,0,1,0.6918176,False
95464,39.12334,-122.838198,64,92.85,5980.75,0,0,1,1,1,0,1,1,0,0,0,0,1,0,1,0,0,0,0,0,1,1,0,1,0,1,0,0.24693817,False
95465,38.415003,-122.998726,53,97.75,5043.2,1,0,1,0,1,0,1,1,0,0,0,0,1,0,0,0,1,0,0,0,1,1,0,0,0,0,0,0.41569883,False
95469,39.408634,-123.045516,72,97.95,7114.25,1,0,1,0,1,0,1,1,0,0,1,0,1,0,1,0,0,0,1,0,0,0,1,1,1,0,0,0.22795656,False
95470,39.298065,-123.25211,46,19.95,907.05,1,0,0,0,1,0,0,0,1,1,0,1,0,1,0,1,0,1,0,1,0,0,1,0,0,1,0,0.1842059,False
95471,38.522328,-122.97932,40,24.6,973.95,1,0,0,0,1,0,1,0,1,1,0,1,0,1,0,1,0,1,0,1,0,0,1,1,0,0,1,0.15556149,False
95472,38.398815,-122.861923,12,50.95,605.75,1,0,0,0,0,1,0,0,0,0,1,0,1,0,0,0,1,0,1,0,0,0,0,1,0,0,0,0.4555089,False
95476,38.25485,-122.461799,9,75.6,661.55,1,0,0,0,1,0,0,1,0,0,1,0,0,0,0,0,0,0,0,0,0,0,0,0,0,1,0,0.65333396,False
95482,39.134075,-123.23422,51,80.75,4116.9,0,0,1,1,1,0,1,1,0,0,0,0,0,0,0,0,1,0,0,0,0,0,0,1,0,1,0,0.37655354,False
95485,39.220368,-122.907693,49,90.4,4494.65,1,0,1,1,1,0,0,1,0,0,0,0,1,0,1,0,0,0,1,0,0,0,0,1,1,0,0,0.3335436,False
95490,39.492046,-123.375818,56,60.25,3282.75,0,0,0,0,1,0,0,0,0,0,1,0,0,0,1,0,1,0,0,0,0,1,0,1,1,0,0,0.2504527,False
95492,38.527297,-122.810044,4,20.2,55.7,1,0,0,0,1,0,0,0,1,1,0,1,0,1,0,1,0,1,0,1,0,0,0,1,0,1,0,0.364303,False
95493,39.222323,-122.985488,20,64.15,1274.45,1,0,1,0,1,0,0,0,0,0,1,0,0,0,0,0,1,0,0,0,1,1,0,1,0,0,1,0.31650895,False
95494,38.888351,-123.239647,26,20.25,493.95,0,0,1,1,1,0,0,0,1,1,0,1,0,1,0,1,0,1,0,1,0,0,0,1,1,0,0,0.19134998,False
95511,40.166028,-123.584144,51,99.0,5038.15,1,0,0,0,1,0,0,1,0,0,0,0,1,0,1,0,0,0,1,0,1,0,0,1,0,1,0,0.69547117,False
95514,40.309088,-123.668201,4,80.3,324.2,0,0,0,0,1,0,1,1,0,0,0,0,1,0,0,0,0,0,0,0,0,0,0,1,0,0,1,0.778649,True
95519,40.965011,-124.015255,1,19.55,19.55,0,0,0,0,1,0,0,0,1,1,0,1,0,1,0,1,0,1,0,1,0,0,0,0,1,0,0,0.52276015,False
95521,40.839958,-124.003757,27,100.75,2793.55,1,0,1,1,1,0,1,1,0,0,1,0,1,0,0,0,1,0,1,0,0,0,0,0,0,1,0,0.40128025,False
95525,40.94338,-123.831799,12,53.75,648.65,1,0,0,0,1,0,0,0,0,0,0,0,1,0,0,0,1,0,0,0,0,0,0,1,0,0,1,0.45913,False
95527,40.854512,-123.450097,34,25.6,917.15,0,0,1,1,1,0,1,0,1,1,0,1,0,1,0,1,0,1,0,1,0,1,0,1,1,0,0,0.15477452,False
95528,40.497283,-123.93037,24,58.35,1346.9,1,0,1,0,1,0,1,0,0,0,1,0,0,0,0,0,1,0,0,0,0,1,0,1,0,1,0,0.2729181,False
95536,40.4785,-124.301372,14,46.35,672.7,0,1,0,0,0,1,0,0,0,0,0,0,0,0,0,0,0,0,1,0,1,0,0,1,0,1,0,0.62347585,False
95537,40.726949,-124.217378,59,113.75,6561.25,1,0,1,0,1,0,1,1,0,0,1,0,1,0,1,0,1,0,1,0,1,0,1,0,0,1,0,0.4399866,False
95540,40.584991,-124.121504,3,90.4,268.45,1,0,0,0,1,0,0,1,0,0,0,0,1,0,1,0,0,0,0,0,1,0,0,0,0,1,0,0.7683865,True
95542,40.057784,-123.679461,65,109.3,7337.55,0,0,1,1,1,0,1,1,0,0,1,0,0,0,1,0,1,0,1,0,1,0,1,0,0,1,0,0.24422924,False
95545,40.342928,-124.063329,59,90.3,5194.05,0,0,1,1,1,0,1,0,0,0,1,0,1,0,1,0,1,0,1,0,1,0,1,0,1,0,0,0.16795275,False
95546,41.163637,-123.704841,72,65.25,4478.85,1,0,1,1,0,1,0,0,0,0,1,0,1,0,1,0,1,0,1,0,1,0,1,1,1,0,0,0.14643845,False
95549,40.664483,-123.865325,3,60.65,196.9,1,0,0,0,1,0,0,0,0,0,0,0,0,0,0,0,1,0,0,0,1,0,0,0,0,0,1,0.5321427,False
95550,40.7666,-123.80458,19,24.1,439.2,1,0,0,1,1,0,1,0,1,1,0,1,0,1,0,1,0,1,0,1,0,0,0,1,1,0,0,0.23944984,False
95551,40.665952,-124.240051,1,19.5,19.5,1,0,0,0,1,0,0,0,1,1,0,1,0,1,0,1,0,1,0,1,0,0,0,1,0,0,1,0.57707614,False
95552,40.390301,-123.412327,24,85.95,2107.15,1,0,0,0,1,0,0,1,0,0,0,0,1,0,1,0,1,0,0,0,0,0,0,1,0,1,0,0.67398506,False
95553,40.210895,-123.86,57,53.5,3035.8,1,1,0,0,1,0,0,0,0,0,0,0,0,0,1,0,1,0,0,0,0,1,0,1,0,1,0,0.28433797,False
95554,40.267158,-123.805913,72,25.45,1866.45,0,0,0,0,1,0,1,0,1,1,0,1,0,1,0,1,0,1,0,1,0,0,1,0,1,0,0,0.15238841,False
95555,41.336354,-124.044354,67,20.5,1430.95,1,0,0,0,1,0,0,0,1,1,0,1,0,1,0,1,0,1,0,1,0,0,1,0,0,0,0,0.2325223,False
95556,41.269521,-123.546958,52,20.85,1071.6,1,0,1,1,1,0,0,0,1,1,0,1,0,1,0,1,0,1,0,1,0,1,0,1,1,0,0,0.16276683,False
95558,40.274302,-124.210902,71,89.9,6457.15,1,0,1,1,1,0,1,0,0,0,1,0,1,0,1,0,1,0,1,0,1,0,1,0,1,0,0,0.22405402,False
95559,40.184094,-123.745487,26,26.0,684.05,0,0,1,0,1,0,1,0,1,1,0,1,0,1,0,1,0,1,0,1,0,1,0,0,0,0,1,0.19354078,False
95560,40.142256,-123.852927,35,113.2,3914.05,0,0,0,0,1,0,1,1,0,0,1,0,1,0,1,0,1,0,1,0,1,0,1,1,0,0,1,0.38741347,False
95562,40.485849,-124.163234,55,69.05,3842.6,0,0,1,1,1,0,0,1,0,0,0,0,0,0,0,0,0,0,0,0,0,0,1,1,1,0,0,0.293746,False
95563,40.89866,-123.539754,33,20.1,670.35,0,0,1,1,1,0,0,0,1,1,0,1,0,1,0,1,0,1,0,1,0,0,1,0,0,0,1,0.13386415,False
95564,40.809636,-124.189977,72,109.65,7880.25,1,0,1,0,1,0,1,1,0,0,1,0,1,0,1,0,0,0,1,0,1,0,1,1,0,1,0,0.3890976,False
95565,40.440636,-124.098739,1,19.2,19.2,1,0,0,1,1,0,0,0,1,1,0,1,0,1,0,1,0,1,0,1,0,0,0,1,0,0,1,0.5239765,False
95568,41.444606,-123.471895,37,90.0,3371.75,0,1,1,0,1,0,0,1,0,0,0,0,0,0,1,0,1,0,1,0,0,0,0,0,0,1,0,0.5836786,False
95569,40.363446,-123.835041,12,34.0,442.45,1,0,0,0,0,1,0,0,0,0,0,0,1,0,0,0,1,0,0,0,0,0,0,0,0,0,1,0.45017874,False
95570,41.162295,-124.027381,1,20.4,20.4,1,0,1,1,1,0,0,0,1,1,0,1,0,1,0,1,0,1,0,1,0,1,0,0,0,0,1,0.3785862,False
95571,40.310119,-123.909449,62,38.6,2345.55,1,0,1,0,0,1,0,0,0,0,1,0,1,0,0,0,1,0,0,0,0,0,1,1,1,0,0,0.16966793,False
95573,40.949012,-123.655847,1,25.25,25.25,0,0,0,0,0,1,0,0,0,0,0,0,0,0,0,0,0,0,0,0,0,0,0,0,0,0,0,0.663233,False
95585,39.873371,-123.741474,18,60.6,1156.35,0,0,0,0,1,0,1,0,0,0,1,0,0,0,1,0,0,0,0,0,0,0,0,1,0,0,1,0.4113605,False
95589,40.053159,-123.995867,2,74.75,144.8,1,0,0,0,1,0,0,1,0,0,0,0,1,0,0,0,0,0,0,0,0,0,0,1,0,1,0,0.798322,True
95595,40.170357,-123.417298,19,20.6,414.95,1,0,1,1,1,0,0,0,1,1,0,1,0,1,0,1,0,1,0,1,0,0,0,0,0,0,1,0.22093387,False
95602,38.99003,-121.114408,9,20.4,181.8,1,0,0,0,1,0,0,0,1,1,0,1,0,1,0,1,0,1,0,1,0,0,0,0,0,0,1,0.29003525,False
95603,38.912881,-121.082766,27,81.7,2212.55,1,0,0,0,1,0,0,0,0,0,1,0,0,0,1,0,1,0,1,0,1,1,0,0,0,1,0,0.37176645,False
95607,38.681651,-122.130569,24,20.3,459.95,0,1,0,0,1,0,0,0,1,1,0,1,0,1,0,1,0,1,0,1,0,0,0,1,0,0,1,0.27268454,False
95612,38.384648,-121.578701,11,20.0,211.95,0,0,0,0,1,0,0,0,1,1,0,1,0,1,0,1,0,1,0,1,0,1,0,0,0,0,1,0.20525943,False
95614,38.880622,-120.973865,1,25.0,25.0,1,0,0,0,1,0,1,0,1,1,0,1,0,1,0,1,0,1,0,1,0,0,0,1,0,0,1,0.50063044,False
95615,38.311609,-121.554034,38,80.45,3162.65,1,1,0,1,1,0,1,1,0,0,1,0,0,0,0,0,0,0,0,0,0,0,0,1,0,0,1,0.38199416,False
95616,38.508735,-121.678813,9,19.75,210.65,0,0,1,1,1,0,0,0,1,1,0,1,0,1,0,1,0,1,0,1,0,0,1,0,0,0,1,0.15262365,False
95618,38.544002,-121.685559,54,65.65,3566.7,1,0,1,1,1,0,1,0,0,0,1,0,1,0,0,0,1,0,0,0,0,0,1,1,1,0,0,0.14489718,False
95619,38.683605,-120.811852,29,71.0,2080.1,0,0,0,0,1,0,1,0,0,0,0,0,0,0,0,0,0,0,1,0,1,1,0,1,1,0,0,0.38199311,False
95620,38.392821,-121.799917,44,89.2,4040.2,1,1,1,0,1,0,1,1,0,0,0,0,0,0,1,0,0,0,1,0,0,0,0,1,0,1,0,0.71013826,True
95621,38.69549,-121.307864,59,86.75,5186.0,1,0,1,1,1,0,0,0,0,0,1,0,1,0,1,0,1,0,1,0,1,0,1,1,0,1,0,0.15733552,False
95624,38.434138,-121.30587,18,61.5,1087.45,0,0,1,1,1,0,0,0,0,0,1,0,1,0,0,0,1,0,0,0,0,1,0,1,0,0,1,0.2312682,False
95625,38.349195,-121.902943,67,25.1,1672.15,1,1,0,0,1,0,1,0,1,1,0,1,0,1,0,1,0,1,0,1,0,0,1,0,1,0,0,0.15641865,False
95627,38.834469,-122.127193,33,34.05,1113.95,1,0,0,1,0,1,0,0,0,0,1,0,0,0,0,0,1,0,0,0,0,1,0,0,1,0,0,0.22901298,False
95628,38.652065,-121.25441,5,19.95,107.05,1,0,0,0,1,0,0,0,1,1,0,1,0,1,0,1,0,1,0,1,0,0,0,0,0,0,1,0.33037534,False
95629,38.513484,-120.704613,2,19.95,38.15,0,0,0,0,1,0,0,0,1,1,0,1,0,1,0,1,0,1,0,1,0,0,0,0,0,0,1,0.37087926,False
95630,38.672638,-121.147403,72,89.7,6339.3,1,0,1,1,1,0,1,0,0,0,1,0,1,0,1,0,1,0,1,0,1,0,1,0,1,0,0,0.1331389,False
95631,39.031876,-120.811141,9,20.4,184.1,1,0,0,1,1,0,0,0,1,1,0,1,0,1,0,1,0,1,0,1,0,0,0,0,0,0,1,0.24376424,False
95632,38.274451,-121.259201,67,26.3,1688.9,1,0,1,1,1,0,1,0,1,1,0,1,0,1,0,1,0,1,0,1,0,0,1,0,0,0,1,0.13386415,False
95634,38.9386,-120.785514,8,20.7,137.6,0,0,0,0,1,0,0,0,1,1,0,1,0,1,0,1,0,1,0,1,0,0,0,1,0,0,1,0.29816628,False
95639,38.375325,-121.507935,17,19.45,369.05,1,0,0,0,1,0,0,0,1,1,0,1,0,1,0,1,0,1,0,1,0,0,1,0,1,0,0,0.15858014,False
95640,38.33788,-120.954202,68,110.8,7553.6,0,0,1,0,1,0,1,1,0,0,1,0,1,0,1,0,0,0,1,0,1,0,1,1,0,0,0,0.2655703,False
95642,38.336216,-120.76901,25,69.3,1813.1,0,1,1,0,1,0,0,1,0,0,0,0,0,0,0,0,0,0,0,0,0,0,0,1,0,1,0,0.72154063,True
95645,38.875508,-121.765866,67,49.35,3321.35,1,0,0,0,0,1,0,0,0,0,1,0,0,0,1,0,1,0,1,0,0,1,0,1,0,0,0,0.29088765,False
95646,38.631489,-120.015167,32,20.35,707.5,1,0,0,0,1,0,0,0,1,1,0,1,0,1,0,1,0,1,0,1,0,1,0,0,1,0,0,0.1819803,False
95648,38.922812,-121.312005,67,105.6,7112.15,0,1,1,0,1,0,1,1,0,0,1,0,1,0,0,0,0,0,1,0,1,1,0,1,0,1,0,0.4567644,False
95650,38.809175,-121.171375,72,64.45,4641.1,1,1,1,0,0,1,0,0,0,0,1,0,1,0,1,0,1,0,1,0,1,0,1,1,1,0,0,0.15349141,False
95653,38.674276,-121.961866,1,49.9,49.9,1,0,0,1,1,0,0,0,0,0,0,0,1,0,0,0,0,0,0,0,0,0,0,1,0,1,0,0.55114365,False
95660,38.671295,-121.388251,48,65.65,3094.65,0,0,1,0,1,0,0,0,0,0,0,0,1,0,1,0,0,0,0,0,1,1,0,1,0,1,0,0.35643008,False
95661,38.736685,-121.251984,61,103.3,6518.35,0,0,1,0,1,0,1,1,0,0,0,0,0,0,1,0,1,0,1,0,1,1,0,1,0,0,0,0.52424014,False
95663,38.859093,-121.182872,2,44.45,82.7,0,0,0,0,1,0,0,0,0,0,0,0,0,0,0,0,0,0,0,0,0,0,0,0,0,1,0,0.7129174,True
95666,38.546999,-120.271114,71,89.9,6342.7,0,0,1,1,1,0,1,0,0,0,1,0,1,0,1,0,1,0,1,0,1,0,1,0,0,0,0,0.1331389,False
95667,38.733714,-120.795213,37,55.05,2030.75,1,0,1,0,1,0,1,0,0,0,1,0,0,0,0,0,0,0,0,0,0,0,0,1,0,0,1,0.35242432,False
95668,38.833554,-121.498102,65,104.1,6700.05,1,0,1,1,1,0,1,1,0,0,0,0,0,0,1,0,1,0,1,0,1,0,1,1,0,0,0,0.26029465,False
95669,38.489273,-120.891614,67,106.6,7244.7,0,0,0,1,1,0,1,1,0,0,0,0,1,0,0,0,1,0,1,0,1,1,0,1,0,0,0,0.30660412,False
95672,38.724322,-120.991237,50,70.5,3486.65,1,0,1,1,1,0,1,0,0,0,1,0,0,0,0,0,1,0,1,0,0,0,1,1,1,0,0,0.12815858,False
95673,38.688764,-121.457596,25,19.6,411.15,1,0,1,1,1,0,0,0,1,1,0,1,0,1,0,1,0,1,0,1,0,1,0,0,0,1,0,0.17483684,False
95675,38.545775,-120.743325,64,24.05,1559.15,0,0,1,1,1,0,1,0,1,1,0,1,0,1,0,1,0,1,0,1,0,0,1,1,0,0,1,0.13386415,False
95677,38.7904,-121.236973,25,38.1,970.4,1,0,1,0,0,1,0,0,0,0,0,0,0,0,1,0,0,0,1,0,0,1,0,1,1,0,0,0.4393257,False
95681,38.984756,-121.345074,24,34.25,828.2,1,1,1,0,0,1,0,0,0,0,0,0,0,0,1,0,1,0,0,0,0,0,0,0,0,0,1,0.45030653,False
95682,38.598936,-120.963092,37,100.05,3810.55,0,0,0,0,1,0,1,1,0,0,0,0,0,0,1,0,0,0,1,0,1,0,0,1,0,1,0,0.7530255,True
95683,38.470423,-121.114897,21,68.65,1493.2,0,0,0,0,1,0,0,1,0,0,0,0,0,0,0,0,0,0,0,0,0,0,0,1,0,1,0,0.7171921,True
95684,38.606703,-120.586659,1,45.8,45.8,1,0,0,0,1,0,0,0,0,0,0,0,0,0,0,0,0,0,0,0,0,0,0,1,0,0,1,0.7419262,True
95685,38.432145,-120.77069,10,75.75,777.3,0,0,0,0,1,0,1,1,0,0,0,0,0,0,0,0,0,0,0,0,0,0,0,1,0,0,1,0.78462577,True
95687,38.333133,-121.920151,51,96.4,4911.05,1,0,1,0,1,0,1,1,0,0,1,0,1,0,0,0,0,0,0,0,1,1,0,1,1,0,0,0.4307549,False
95688,38.419088,-122.024568,10,20.55,187.35,0,0,0,0,1,0,0,0,1,1,0,1,0,1,0,1,0,1,0,1,0,0,0,1,0,0,1,0.2912713,False
95689,38.481902,-120.603668,6,50.95,307.6,0,0,0,0,0,1,0,0,0,0,1,0,1,0,0,0,1,0,0,0,1,0,0,0,1,0,0,0.4298219,False
95690,38.240419,-121.587535,47,90.5,4318.35,1,0,1,1,1,0,1,0,0,0,1,0,1,0,1,0,1,0,1,0,1,0,1,1,0,0,1,0.13925934,False
95691,38.627951,-121.593287,61,79.4,4820.55,0,0,1,1,1,0,1,0,0,0,1,0,1,0,1,0,1,0,0,0,1,1,0,1,0,1,0,0.17214552,False
95692,39.043387,-121.409837,52,58.75,3038.55,0,0,0,0,0,1,0,0,0,0,1,0,1,0,1,0,0,0,1,0,1,0,1,1,0,0,0,0.21652085,False
95693,38.392559,-121.225093,35,59.45,2136.9,0,0,1,1,1,0,1,0,0,0,1,0,1,0,0,0,0,0,0,0,0,0,0,1,1,0,0,0.23978293,False
95694,38.578604,-122.024579,71,105.7,7472.15,1,0,1,0,1,0,1,1,0,0,0,0,1,0,1,0,0,0,1,0,1,1,0,1,0,0,0,0.543845,False
95701,39.218096,-120.79153,45,53.3,2296.25,1,0,1,0,1,0,0,0,0,0,1,0,0,0,1,0,0,0,0,0,0,0,1,0,1,0,0,0.20047936,False
95713,39.084645,-120.894014,2,24.3,38.45,1,0,0,0,0,1,0,0,0,0,0,0,0,0,0,0,0,0,0,0,0,0,0,0,0,0,1,0.66937137,False
95715,39.23754,-120.720196,51,59.9,3043.6,1,0,0,0,1,0,1,0,0,0,1,0,0,0,0,0,1,0,0,0,0,1,0,0,1,0,0,0.2488076,False
95717,39.170376,-120.838404,60,23.95,1506.4,1,0,1,1,1,0,1,0,1,1,0,1,0,1,0,1,0,1,0,1,0,1,0,0,1,0,0,0.15519892,False
95720,38.766036,-120.209673,9,20.15,163.7,1,0,0,0,1,0,0,0,1,1,0,1,0,1,0,1,0,1,0,1,0,1,0,1,0,0,1,0.20877492,False
95722,39.003358,-121.022539,17,95.65,1640.0,1,0,0,0,1,0,1,1,0,0,0,0,0,0,1,0,1,0,0,0,1,0,0,1,0,0,0,0.675107,False
95728,39.279068,-120.414275,46,81.0,3846.35,1,0,1,1,1,0,0,0,0,0,1,0,0,0,1,0,1,0,1,0,1,0,1,0,0,0,1,0.13572016,False
95735,38.805481,-120.13287,68,82.45,5646.6,0,0,0,0,1,0,0,0,0,0,1,0,1,0,1,0,1,0,1,0,1,0,1,1,1,0,0,0.16636221,False
95742,38.591134,-121.161585,4,20.5,79.05,0,0,1,0,1,0,0,0,1,1,0,1,0,1,0,1,0,1,0,1,0,1,0,0,0,0,0,0.23998757,False
95747,38.784329,-121.373245,28,54.4,1516.6,1,0,0,1,1,0,0,0,0,0,0,0,1,0,0,0,1,0,0,0,0,1,0,1,1,0,0,0.21751171,False
95758,38.35363,-121.44195,39,58.6,2224.5,0,0,0,0,1,0,0,0,0,0,0,0,1,0,0,0,0,0,1,0,0,1,0,1,1,0,0,0.3050284,False
95762,38.684437,-121.055634,11,84.8,888.75,1,0,0,0,1,0,0,1,0,0,0,0,0,0,1,0,0,0,0,0,1,0,0,0,0,1,0,0.75767475,True
95765,38.823278,-121.281856,71,61.4,4310.35,0,0,1,0,0,1,0,0,0,0,0,0,1,0,1,0,1,0,1,0,1,0,1,1,1,0,0,0.17093891,False
95776,38.694081,-121.694431,2,20.4,42.9,1,0,0,1,1,0,0,0,1,1,0,1,0,1,0,1,0,1,0,1,0,0,0,0,0,0,1,0.31904334,False
95815,38.608405,-121.449942,17,20.15,353.65,0,0,0,0,1,0,0,0,1,1,0,1,0,1,0,1,0,1,0,1,0,1,0,0,0,0,1,0.19033037,False
95816,38.574856,-121.46504,55,94.45,5073.1,0,0,1,0,1,0,1,1,0,0,0,0,1,0,1,0,0,0,1,0,0,0,0,1,1,0,0,0.56424177,False
95817,38.550722,-121.457314,58,79.8,4526.85,0,0,0,0,1,0,1,1,0,0,1,0,0,0,0,0,0,0,0,0,0,0,0,1,0,0,0,0.49034303,False
95820,38.53508,-121.444144,9,74.05,678.45,1,1,0,0,1,0,1,1,0,0,0,0,0,0,0,0,0,0,0,0,0,0,0,1,0,1,0,0.8031189,True
95821,38.625096,-121.383658,26,49.15,1237.3,1,0,0,0,1,0,0,0,0,0,0,0,0,0,0,0,1,0,0,0,0,0,0,0,0,0,0,0.46089762,False
95822,38.512569,-121.495184,50,19.4,1023.95,0,0,0,0,1,0,0,0,1,1,0,1,0,1,0,1,0,1,0,1,0,0,1,0,1,0,0,0.1522232,False
95823,38.475465,-121.443625,72,113.65,8182.75,0,0,1,0,1,0,1,1,0,0,1,0,1,0,1,0,1,0,1,0,1,0,1,1,0,0,0,0.205274,False
95824,38.517295,-121.439819,43,106.0,4532.3,0,0,0,1,1,0,0,1,0,0,1,0,1,0,0,0,1,0,1,0,1,1,0,1,1,0,0,0.3381917,False
95825,38.590035,-121.412455,56,25.95,1444.05,1,0,0,0,1,0,1,0,1,1,0,1,0,1,0,1,0,1,0,1,0,0,1,1,0,0,0,0.15146886,False
95826,38.542532,-121.378826,1,19.1,19.1,0,0,0,0,1,0,0,0,1,1,0,1,0,1,0,1,0,1,0,1,0,0,0,0,0,0,1,0.49115333,False
95828,38.486938,-121.395805,72,100.55,7325.1,1,0,1,0,1,0,1,1,0,0,1,0,1,0,0,0,1,0,0,0,1,0,1,1,0,0,0,0.1861958,False
95829,38.486502,-121.334051,36,95.4,3474.2,1,0,1,0,1,0,1,1,0,0,0,0,0,0,0,0,0,0,1,0,1,0,0,1,0,1,0,0.72526824,True
95830,38.490508,-121.284171,5,75.15,392.65,1,0,0,0,1,0,0,0,0,0,0,0,0,0,1,0,1,0,1,0,1,0,0,0,0,0,0,0.5567934,False
95832,38.445939,-121.496855,44,89.15,3990.75,0,1,0,0,1,0,0,1,0,0,0,0,1,0,1,0,0,0,0,0,1,1,0,0,1,0,0,0.41867986,False
95833,38.619049,-121.517552,70,107.9,7475.85,0,1,1,1,1,0,1,1,0,0,0,0,1,0,1,0,1,0,1,0,1,1,0,1,0,1,0,0.3198992,False
95834,38.646209,-121.52446,44,19.5,835.5,1,0,0,0,1,0,0,0,1,1,0,1,0,1,0,1,0,1,0,1,0,1,0,0,1,0,0,0.17709412,False
95837,38.691607,-121.602284,69,24.95,1718.35,0,0,1,0,1,0,1,0,1,1,0,1,0,1,0,1,0,1,0,1,0,0,1,1,1,0,0,0.15146886,False
95841,38.660442,-121.346321,68,19.5,1193.55,1,1,1,1,1,0,0,0,1,1,0,1,0,1,0,1,0,1,0,1,0,1,0,0,0,0,0,0.15089916,False
95842,38.687367,-121.34848,16,69.95,1205.5,1,0,0,0,1,0,0,1,0,0,0,0,0,0,0,0,0,0,0,0,0,0,0,1,1,0,0,0.6602087,False
95843,38.715498,-121.363411,68,82.85,5776.45,1,0,1,1,1,0,0,0,0,0,1,0,1,0,0,0,1,0,1,0,1,0,1,0,0,0,0,0.1331389,False
95864,38.585826,-121.376263,4,19.0,78.9,1,0,0,0,1,0,0,0,1,1,0,1,0,1,0,1,0,1,0,1,0,0,0,0,0,0,1,0.32386807,False
95901,39.19514,-121.503883,26,38.85,1025.15,0,0,1,1,0,1,0,0,0,0,1,0,1,0,0,0,1,0,0,0,0,0,0,0,1,0,0,0.26352203,False
95910,39.467828,-120.841386,5,20.35,122.0,1,0,0,1,1,0,0,0,1,1,0,1,0,1,0,1,0,1,0,1,0,0,0,0,1,0,0,0.30635715,False
95912,38.982373,-122.047751,70,95.0,6602.9,1,0,1,0,1,0,1,1,0,0,0,0,1,0,1,0,0,0,1,0,0,1,0,1,0,0,0,0.42676416,False
95914,39.396585,-121.38029,24,74.4,1712.9,1,0,1,0,1,0,0,0,0,0,1,0,0,0,0,0,1,0,1,0,1,1,0,0,0,0,0,0.30107337,False
95916,39.657228,-121.37778,72,78.45,5682.25,0,1,1,0,1,0,1,0,0,0,1,0,1,0,1,0,1,0,0,0,1,0,1,0,0,0,0,0.14931363,False
95917,39.457388,-121.818201,1,74.3,74.3,1,0,0,0,1,0,0,1,0,0,0,0,0,0,0,0,1,0,0,0,0,0,0,1,0,0,1,0.7716039,True
95918,39.292334,-121.320597,70,51.05,3635.15,1,0,1,0,0,1,0,0,0,0,0,0,1,0,1,0,1,0,0,0,1,1,0,1,0,0,0,0.33808956,False
95919,39.440687,-121.263583,36,19.2,702.9,0,0,1,1,1,0,0,0,1,1,0,1,0,1,0,1,0,1,0,1,0,0,0,0,0,0,0,0.20704782,False
95923,40.171312,-121.120605,41,109.1,4454.25,0,0,1,1,1,0,1,1,0,0,0,0,1,0,1,0,1,0,1,0,1,1,0,1,0,0,0,0.29998937,False
95928,39.681488,-121.83721,14,76.45,1117.55,1,0,0,0,1,0,0,1,0,0,0,0,0,0,1,0,0,0,0,0,0,0,0,0,0,1,0,0.7327375,True
95934,40.080342,-120.957805,13,72.8,930.05,1,0,1,1,1,0,1,0,0,0,0,0,1,0,1,0,1,0,1,0,0,0,0,1,0,1,0,0.31154427,False
95935,39.381174,-121.21191,6,18.95,110.15,1,0,0,0,1,0,0,0,1,1,0,1,0,1,0,1,0,1,0,1,0,0,0,0,0,0,1,0.3022089,False
95938,39.607831,-121.777959,15,101.75,1669.4,0,0,1,0,1,0,0,1,0,0,1,0,0,0,1,0,0,0,1,0,1,0,0,0,0,1,0,0.6942941,False
95939,39.53222,-122.594879,47,75.45,3545.1,0,0,0,0,1,0,0,1,0,0,1,0,0,0,0,0,0,0,0,0,0,0,0,0,1,0,0,0.49140042,False
95941,39.531028,-121.24807,8,64.1,504.05,0,0,0,0,1,0,0,0,0,0,0,0,0,0,1,0,1,0,0,0,1,0,0,0,0,0,1,0.50962996,False
95942,40.077028,-121.494168,17,25.65,440.2,1,0,0,0,0,1,0,0,0,0,0,0,0,0,0,0,0,0,0,0,0,0,0,1,0,0,1,0.4829817,False
95943,39.597975,-122.032248,15,75.1,1151.55,1,0,1,1,1,0,0,1,0,0,1,0,0,0,0,0,0,0,0,0,0,0,0,0,0,0,1,0.43073636,False
95944,39.564113,-120.868836,26,95.85,2475.35,0,0,0,0,1,0,0,1,0,0,1,0,0,0,1,0,1,0,0,0,1,1,0,1,0,0,0,0.5065101,False
95945,39.194539,-120.988066,23,54.4,1249.25,0,0,0,0,1,0,1,0,0,0,1,0,0,0,0,0,0,0,0,0,0,0,0,0,0,1,0,0.49925318,False
95946,39.203817,-121.19584,4,72.75,317.75,0,1,0,0,1,0,0,1,0,0,0,0,1,0,0,0,0,0,0,0,0,0,0,0,0,1,0,0.76801085,True
95947,40.160386,-120.835428,29,19.85,535.05,1,0,0,1,1,0,0,0,1,1,0,1,0,1,0,1,0,1,0,1,0,1,0,0,0,0,1,0.16097432,False
95948,39.346898,-121.759537,25,19.05,461.3,0,0,0,0,1,0,0,0,1,1,0,1,0,1,0,1,0,1,0,1,0,0,0,0,0,0,1,0.25764996,False
95951,39.732767,-122.042298,3,94.85,335.75,1,1,0,0,1,0,1,1,0,0,0,0,0,0,0,0,0,0,1,0,1,0,0,1,0,1,0,0.83250827,True
95953,39.258746,-121.77697,69,46.25,3121.4,0,0,1,1,0,1,0,0,0,0,1,0,1,0,1,0,1,0,0,0,0,0,1,0,0,0,0,0.15745065,False
95954,39.933852,-121.584371,14,19.35,324.8,1,0,0,0,1,0,0,0,1,1,0,1,0,1,0,1,0,1,0,1,0,1,0,0,0,0,1,0.18669528,False
95955,39.281194,-122.226568,19,69.6,1394.55,1,0,0,0,1,0,1,0,0,0,0,0,0,0,0,0,0,0,1,0,1,0,0,0,0,0,1,0.45601097,False
95956,39.937017,-121.058043,39,90.7,3413.25,1,1,0,0,1,0,1,1,0,0,0,0,1,0,0,0,0,0,0,0,1,0,0,0,0,1,0,0.63976544,False
95957,39.068071,-121.832638,31,101.4,3143.65,1,0,0,0,1,0,0,1,0,0,0,0,1,0,1,0,0,0,1,0,1,0,0,1,0,1,0,0.6918439,False
95959,39.333737,-120.858667,24,20.25,439.75,1,0,1,1,1,0,0,0,1,1,0,1,0,1,0,1,0,1,0,1,0,1,0,0,0,0,1,0.15859027,False
95960,39.423046,-120.984472,14,48.8,664.4,1,0,1,0,1,0,0,0,0,0,0,0,0,0,0,0,1,0,0,0,0,0,0,0,0,0,0,0.45129907,False
95961,39.082568,-121.55325,64,74.35,4759.55,0,0,1,0,1,0,0,0,0,0,1,0,1,0,1,0,1,0,0,0,1,0,1,1,0,0,1,0.15528904,False
95962,39.342587,-121.249833,50,19.35,1033.0,0,0,0,0,1,0,0,0,1,1,0,1,0,1,0,1,0,1,0,1,0,1,0,1,0,0,1,0.18582813,False
95963,39.748037,-122.302169,52,68.75,3482.85,1,0,1,1,1,0,0,0,0,0,0,0,1,0,1,0,1,0,1,0,0,1,0,1,0,1,0,0.17357394,False
95965,39.624561,-121.552866,28,100.2,2688.45,1,0,0,0,1,0,1,1,0,0,0,0,1,0,0,0,0,0,1,0,1,1,0,0,0,1,0,0.5792118,False
95966,39.473896,-121.415927,21,20.85,435.25,0,0,0,0,1,0,0,0,1,1,0,1,0,1,0,1,0,1,0,1,0,0,1,1,1,0,0,0.15408504,False
95969,39.69676,-121.644379,17,19.35,307.0,0,0,1,0,1,0,0,0,1,1,0,1,0,1,0,1,0,1,0,1,0,1,0,0,0,0,1,0.19150287,False
95970,39.424957,-122.039307,58,45.0,2689.35,1,0,1,0,0,1,0,0,0,0,0,0,0,0,0,0,0,0,1,0,1,1,0,1,1,0,0,0.4732602,False
95973,39.903272,-121.843567,51,25.5,1281.25,0,0,1,0,1,0,1,0,1,1,0,1,0,1,0,1,0,1,0,1,0,0,1,0,0,0,1,0.15479362,False
95974,39.495768,-121.747472,72,48.9,3527.0,1,0,1,1,0,1,0,0,0,0,1,0,0,0,1,0,1,0,1,0,0,0,1,0,0,0,1,0.16103746,False
95977,39.176595,-121.291692,27,19.6,561.15,0,0,0,0,1,0,0,0,1,1,0,1,0,1,0,1,0,1,0,1,0,0,1,1,0,0,1,0.15556149,False
95978,39.904002,-121.527823,3,20.0,63.6,0,0,0,0,1,0,0,0,1,1,0,1,0,1,0,1,0,1,0,1,0,0,0,0,0,0,1,0.3631729,False
95979,39.288127,-122.415841,64,81.3,5129.3,0,0,1,0,1,0,1,0,0,0,1,0,1,0,1,0,1,0,0,0,1,0,1,1,0,0,1,0.15528904,False
95981,39.58458,-121.093256,45,95.2,4285.8,0,0,1,0,1,0,0,1,0,0,0,0,0,0,0,0,1,0,1,0,1,0,1,1,1,0,0,0.24628359,False
95983,40.053684,-120.743116,71,83.3,5894.5,0,0,1,0,1,0,1,0,0,0,0,0,1,0,1,0,1,0,1,0,1,0,1,1,1,0,0,0.15682048,False
95986,39.34128,-120.786867,58,20.3,1160.75,0,0,1,1,1,0,0,0,1,1,0,1,0,1,0,1,0,1,0,1,0,0,1,0,1,0,0,0.1309193,False
95987,39.117537,-122.284654,34,89.85,3091.75,1,0,1,1,1,0,0,1,0,0,0,0,1,0,1,0,0,0,1,0,0,0,0,1,0,1,0,0.4206616,False
95991,39.02741,-121.614982,15,19.8,272.95,0,0,1,1,1,0,0,0,1,1,0,1,0,1,0,1,0,1,0,1,0,0,0,0,0,0,1,0.22224317,False
95993,39.075694,-121.70606,66,54.65,3632.0,1,0,1,1,0,1,0,0,0,0,0,0,0,0,1,0,1,0,1,0,1,0,1,0,0,0,0,0.14472859,False
96001,40.587919,-122.464732,12,29.35,381.2,1,1,0,0,0,1,0,0,0,0,0,0,1,0,0,0,0,0,0,0,0,0,0,1,1,0,0,0.5040998,False
96002,40.527834,-122.318749,58,19.15,1035.5,1,0,0,0,1,0,0,0,1,1,0,1,0,1,0,1,0,1,0,1,0,0,1,1,0,0,0,0.1522232,False
96003,40.677649,-122.29467,3,19.1,52.0,0,0,1,1,1,0,0,0,1,1,0,1,0,1,0,1,0,1,0,1,0,0,1,0,0,0,1,0.19112417,False
96007,40.448632,-122.306657,9,80.55,653.9,0,0,0,0,1,0,0,1,0,0,0,0,1,0,1,0,0,0,0,0,0,0,0,0,0,1,0,0.7529307,True
96008,40.722733,-122.109666,3,20.25,71.2,0,0,0,0,1,0,0,0,1,1,0,1,0,1,0,1,0,1,0,1,0,1,0,0,0,0,1,0.2508765,False
96010,40.775272,-123.287414,40,106.0,4178.65,1,0,1,0,1,0,1,1,0,0,0,0,1,0,1,0,0,0,1,0,1,1,0,1,0,0,0,0.59754723,False
96011,41.096569,-121.879082,68,25.5,1821.8,0,0,0,0,1,0,1,0,1,1,0,1,0,1,0,1,0,1,0,1,0,0,1,0,0,0,0,0.15146886,False
96014,41.388397,-122.794636,50,79.6,4024.2,0,0,0,0,1,0,1,0,0,0,0,0,1,0,0,0,1,0,1,0,1,0,1,1,0,0,1,0.22516663,False
96015,41.486953,-120.913975,1,55.25,55.25,1,0,0,0,1,0,0,0,0,0,0,0,0,0,0,0,0,0,0,0,1,0,0,1,0,1,0,0.7231136,True
96016,40.936285,-121.572692,72,88.05,6520.8,0,0,1,0,1,0,1,0,0,0,1,0,1,0,1,0,1,0,1,0,1,0,1,0,0,0,0,0.14931363,False
96017,41.121108,-122.336613,40,20.4,854.9,1,0,0,1,1,0,0,0,1,1,0,1,0,1,0,1,0,1,0,1,0,1,0,1,0,0,0,0.16520135,False
96019,40.692523,-122.369876,72,117.6,8308.9,0,0,1,1,1,0,1,1,0,0,1,0,1,0,1,0,1,0,1,0,1,0,1,1,0,0,0,0.20086358,False
96020,40.243494,-121.154733,6,20.0,109.2,0,0,0,0,1,0,0,0,1,1,0,1,0,1,0,1,0,1,0,1,0,0,0,0,0,0,1,0.3022089,False
96021,39.913777,-122.289984,5,19.65,92.05,0,0,0,0,1,0,0,0,1,1,0,1,0,1,0,1,0,1,0,1,0,0,0,1,1,0,0,0.32350096,False
96022,40.336392,-122.448533,48,70.55,3420.5,1,0,1,0,1,0,1,0,0,0,0,0,1,0,1,0,0,0,0,0,1,1,0,1,1,0,0,0.2958044,False
96024,40.586588,-122.903677,64,65.8,4068.0,0,0,1,1,1,0,0,0,0,0,1,0,0,0,0,0,1,0,1,0,0,1,0,0,0,0,1,0.18298583,False
96025,41.212695,-122.392067,17,20.05,337.9,0,0,0,0,1,0,0,0,1,1,0,1,0,1,0,1,0,1,0,1,0,1,0,0,1,0,0,0.20642473,False
96027,41.405193,-123.008567,40,80.0,3168.75,1,0,1,0,1,0,0,1,0,0,0,0,1,0,1,0,0,0,0,0,0,0,0,1,0,1,0,0.656931,False
96028,41.017282,-121.468945,41,35.4,1412.4,0,0,1,1,0,1,0,0,0,0,1,0,0,0,1,0,0,0,0,0,0,1,0,0,1,0,0,0.1943403,False
96029,39.84784,-122.544556,51,79.6,3974.7,1,1,0,0,1,0,1,1,0,0,0,0,1,0,0,0,0,0,0,0,0,1,0,1,0,0,0,0.39670783,False
96031,41.232128,-123.194748,41,80.25,3439.0,1,0,1,0,1,0,1,1,0,0,0,0,1,0,0,0,0,0,0,0,0,0,0,1,0,1,0,0.7016687,True
96033,40.740138,-122.587476,2,20.45,42.45,0,0,0,0,1,0,0,0,1,1,0,1,0,1,0,1,0,1,0,1,0,0,0,1,0,0,1,0.40135667,False
96034,41.411315,-122.697236,68,79.6,5461.45,1,0,0,0,1,0,0,1,0,0,0,0,1,0,1,0,0,0,0,0,0,1,0,0,1,0,0,0.3945323,False
96035,40.03194,-122.176023,24,24.7,571.75,0,0,1,1,1,0,1,0,1,1,0,1,0,1,0,1,0,1,0,1,0,0,1,0,0,0,1,0.13386415,False
96037,41.528541,-122.955018,70,77.3,5498.2,1,0,1,0,1,0,1,0,0,0,1,0,0,0,1,0,1,0,0,0,1,0,1,0,1,0,0,0.16822281,False
96038,41.599978,-122.539381,3,29.75,96.85,1,0,0,0,0,1,0,0,0,0,0,0,0,0,0,0,1,0,0,0,0,0,0,1,0,1,0,0.67726344,False
96039,41.831901,-123.487478,2,44.9,111.05,1,0,0,0,1,0,0,0,0,0,0,0,0,0,0,0,0,0,0,0,0,0,0,0,0,0,0,0.62192786,False
96040,40.789799,-121.474529,3,29.8,94.4,1,0,1,0,0,1,0,0,0,0,0,0,1,0,0,0,0,0,0,0,0,0,0,0,1,0,0,0.61952287,False
96044,41.962127,-122.527696,13,71.95,923.85,0,0,0,0,1,0,0,0,0,0,1,0,0,0,0,0,0,0,1,0,1,0,0,1,0,1,0,0.5619497,False
96046,40.648024,-123.465088,7,20.75,141.1,1,0,0,0,1,0,0,0,1,1,0,1,0,1,0,1,0,1,0,1,0,0,0,0,0,0,1,0.29525974,False
96047,40.524535,-122.647172,12,56.3,628.65,1,0,1,1,1,0,0,0,0,0,0,0,0,0,0,0,0,0,1,0,0,0,0,1,0,0,1,0.3207837,False
96048,40.913192,-123.06597,53,105.25,5576.3,1,0,1,1,1,0,1,1,0,0,0,0,1,0,1,0,0,0,1,0,1,1,0,1,0,1,0,0.36382964,False
96051,40.883853,-122.418258,63,19.55,1245.6,1,0,1,1,1,0,0,0,1,1,0,1,0,1,0,1,0,1,0,1,0,0,1,0,0,0,1,0.13386415,False
96052,40.704293,-122.803899,15,84.45,1287.85,0,0,0,0,1,0,0,0,0,0,1,0,1,0,1,0,1,0,1,0,1,0,0,0,0,0,1,0.44249025,False
96054,41.280478,-121.160249,36,53.65,1939.35,1,0,1,1,1,0,0,0,0,0,1,0,1,0,0,0,0,0,0,0,0,1,0,0,0,0,1,0.16524085,False
96055,40.059385,-122.091481,4,29.9,118.25,1,1,1,0,0,1,0,0,0,0,0,0,0,0,1,0,0,0,0,0,0,0,0,1,0,1,0,0.71210384,True
96056,41.10831,-121.360362,24,19.7,452.55,0,0,1,1,1,0,0,0,1,1,0,1,0,1,0,1,0,1,0,1,0,0,1,0,0,0,1,0.14462027,False
96057,41.251322,-122.105209,61,43.7,2696.55,0,0,0,0,0,1,0,0,0,0,1,0,1,0,1,0,1,0,0,0,0,1,0,0,1,0,0,0.28058043,False
96058,41.769709,-121.92063,16,55.3,875.35,1,0,0,0,1,0,1,0,0,0,0,0,1,0,0,0,0,0,0,0,0,0,0,0,0,1,0,0.5064505,False
96059,40.426679,-121.850421,65,19.85,1267.05,1,0,1,1,1,0,0,0,1,1,0,1,0,1,0,1,0,1,0,1,0,0,1,1,1,0,0,0.1309193,False
96061,40.331975,-121.460674,26,19.65,494.9,0,0,1,1,1,0,0,0,1,1,0,1,0,1,0,1,0,1,0,1,0,0,1,0,1,0,0,0.1309193,False
96062,40.531257,-122.148139,16,49.45,799.0,1,0,0,0,1,0,0,0,0,0,0,0,0,0,0,0,1,0,0,0,0,0,0,1,0,0,1,0.46942657,False
96065,40.877552,-121.885884,5,20.45,106.9,1,0,0,1,1,0,0,0,1,1,0,1,0,1,0,1,0,1,0,1,0,0,1,0,0,0,1,0.18715511,False
96067,41.33832,-122.290756,19,39.7,710.05,0,0,0,0,0,1,0,0,0,0,0,0,1,0,0,0,0,0,0,0,1,0,0,1,0,1,0,0.51287305,False
96068,41.082472,-121.195215,10,54.5,568.2,1,0,0,0,1,0,1,0,0,0,1,0,0,0,0,0,0,0,0,0,0,0,0,1,1,0,0,0.46235445,False
96073,40.582399,-122.195512,72,111.6,8012.75,0,0,0,0,1,0,1,1,0,0,0,0,1,0,1,0,1,0,1,0,1,0,1,1,0,0,0,0.3193145,False
96075,40.343213,-121.815412,10,55.55,551.3,0,0,1,1,1,0,0,0,0,0,0,0,1,0,1,0,0,0,0,0,0,0,0,1,0,0,1,0.27905348,False
96076,40.367964,-122.937379,11,20.55,184.95,1,0,1,0,1,0,0,0,1,1,0,1,0,1,0,1,0,1,0,1,0,1,0,1,0,0,1,0.20525943,False
96084,40.923558,-122.059933,17,62.1,1096.65,1,0,1,1,1,0,1,0,0,0,1,0,0,0,0,0,1,0,0,0,0,1,0,1,0,0,1,0.2587559,False
96085,41.737962,-123.07557,36,104.5,3684.95,0,0,1,1,1,0,1,1,0,0,1,0,0,0,1,0,0,0,1,0,1,0,0,1,1,0,0,0.4279792,False
96086,41.924174,-123.260788,17,101.8,1752.45,1,1,0,0,1,0,0,1,0,0,0,0,1,0,1,0,0,0,1,0,1,0,0,1,0,1,0,0.7601324,True
96087,40.617614,-122.512861,66,110.6,7210.85,0,1,1,1,1,0,1,1,0,0,1,0,1,0,0,0,1,0,1,0,1,1,0,1,1,0,0,0.24704233,False
96088,40.497441,-121.827524,61,84.9,5264.5,1,0,1,1,1,0,0,0,0,0,1,0,1,0,1,0,1,0,1,0,1,1,0,0,0,0,0,0.1873571,False
96090,40.021787,-122.127576,22,93.2,2157.3,1,0,0,0,1,0,0,1,0,0,0,0,1,0,0,0,0,0,1,0,1,0,0,1,0,0,1,0.6474585,False
96091,41.081847,-122.700545,1,24.4,24.4,1,0,0,0,0,1,0,0,0,0,0,0,0,0,0,0,0,0,0,0,0,0,0,1,0,1,0,0.7432306,True
96092,39.955164,-122.018567,6,70.55,433.95,0,0,0,0,1,0,0,1,0,0,0,0,0,0,0,0,0,0,0,0,0,0,0,0,1,0,0,0.7196197,True
96094,41.465121,-122.380947,68,85.0,5607.75,0,0,1,1,1,0,0,0,0,0,1,0,1,0,1,0,1,0,1,0,1,0,1,1,1,0,0,0.1331389,False
96097,41.764869,-122.671316,52,85.8,4433.3,0,0,1,1,1,0,0,1,0,0,0,0,1,0,1,0,1,0,0,0,0,0,0,0,0,0,0,0.31577682,False
96101,41.468877,-120.54229,10,91.1,964.35,0,0,0,1,1,0,0,1,0,0,0,0,0,0,1,0,1,0,1,0,0,0,0,1,0,1,0,0.5802993,False
96104,41.505916,-120.152505,72,20.1,1460.85,0,0,1,1,1,0,0,0,1,1,0,1,0,1,0,1,0,1,0,1,0,0,1,0,0,0,0,0.14147744,False
96105,39.872961,-120.198876,47,20.05,951.55,1,0,1,1,1,0,0,0,1,1,0,1,0,1,0,1,0,1,0,1,0,1,0,0,0,0,1,0.15859027,False
96106,39.745805,-120.580882,24,74.8,1821.2,1,0,1,1,1,0,1,0,0,0,1,0,0,0,0,0,0,0,1,0,1,1,0,0,0,0,1,0.21360825,False
96107,38.42528,-119.475741,65,24.8,1600.95,1,0,0,0,1,0,1,0,1,1,0,1,0,1,0,1,0,1,0,1,0,1,0,0,1,0,0,0.19019607,False
96108,41.750354,-120.403885,4,100.85,399.25,0,0,0,0,1,0,1,1,0,0,0,0,0,0,0,0,1,0,1,0,1,0,0,1,0,0,1,0.794546,True
96113,40.198234,-120.18089,34,105.1,3634.8,0,0,0,0,1,0,0,1,0,0,0,0,1,0,1,0,1,0,1,0,1,0,0,1,0,1,0,0.65370256,False
96114,40.294034,-120.512622,14,20.4,292.4,0,0,1,0,1,0,0,0,1,1,0,1,0,1,0,1,0,1,0,1,0,0,1,0,0,0,1,0.1630645,False
96116,41.266008,-120.490731,13,20.0,218.55,1,0,1,1,1,0,0,0,1,1,0,1,0,1,0,1,0,1,0,1,0,1,0,0,0,0,1,0.2008488,False
96117,40.507272,-120.338228,65,79.4,5071.9,0,0,1,1,1,0,1,0,0,0,0,0,1,0,0,0,1,0,1,0,1,0,1,1,0,0,0,0.15157028,False
96118,39.637471,-120.226338,23,57.2,1423.35,1,0,1,1,1,0,0,0,0,0,1,0,0,0,0,0,1,0,0,0,0,1,0,0,1,0,0,0.18253183,False
96119,41.042003,-120.506086,55,58.6,3068.6,1,0,1,0,1,0,0,0,0,0,1,0,1,0,1,0,0,0,0,0,0,0,1,0,0,1,0,0.21018836,False
96120,38.735789,-119.85798,49,94.8,4690.65,1,0,1,0,1,0,0,1,0,0,0,0,1,0,0,0,0,0,1,0,1,0,1,1,0,1,0,0.3564499,False
96121,40.181279,-120.392967,60,102.5,6157.6,1,0,1,0,1,0,1,1,0,0,0,0,1,0,1,0,0,0,1,0,1,1,0,0,0,0,0,0.5475223,False
96122,39.786755,-120.445626,69,20.35,1442.65,0,0,1,1,1,0,0,0,1,1,0,1,0,1,0,1,0,1,0,1,0,1,0,1,1,0,0,0.1639534,False
96123,40.845738,-120.322219,40,84.9,3369.05,1,0,0,0,1,0,1,1,0,0,0,0,0,0,0,0,0,0,1,0,0,0,0,1,0,1,0,0.7267731,True
96124,39.672813,-120.456699,67,69.2,4671.65,1,0,1,0,1,0,0,0,0,0,1,0,1,0,0,0,1,0,0,0,1,0,1,1,1,0,0,0.14962319,False
96128,40.346634,-120.386422,13,20.85,272.35,0,0,1,1,1,0,0,0,1,1,0,1,0,1,0,1,0,1,0,1,0,0,1,0,0,0,1,0.1520725,False
96130,40.559177,-120.612113,41,88.5,3645.05,0,0,0,1,1,0,1,1,0,0,0,0,1,0,0,0,0,0,1,0,0,0,0,1,0,0,0,0.42975473,False
96132,41.027281,-120.669427,4,35.0,135.75,0,0,0,0,0,1,0,0,0,0,1,0,0,0,1,0,0,0,0,0,0,0,0,0,0,0,1,0.4891145,False
96133,38.636052,-119.489162,24,55.15,1319.85,0,0,1,1,1,0,0,0,0,0,1,0,0,0,0,0,1,0,0,0,0,0,0,0,0,1,0,0.33566692,False
96134,41.813521,-121.492666,5,50.95,229.4,0,0,0,0,0,1,0,0,0,0,0,0,1,0,0,0,0,0,1,0,1,0,0,1,1,0,0,0.62046283,False
96136,40.345949,-120.081187,5,64.0,370.25,0,0,0,0,1,0,1,0,0,0,0,0,1,0,0,0,0,0,0,0,1,0,0,1,0,1,0,0.5880807,False
96140,39.227434,-120.091806,72,80.2,5714.2,0,0,1,1,1,0,1,0,0,0,1,0,1,0,1,0,1,0,1,0,0,0,1,0,0,0,0,0.14962105,False
96141,39.117018,-120.212535,24,49.3,1233.25,0,0,0,0,1,0,0,0,0,0,0,0,0,0,1,0,0,0,0,0,0,0,0,1,1,0,0,0.46832106,False
96142,39.061227,-120.179546,42,84.35,3571.6,0,0,1,0,1,0,1,0,0,0,1,0,0,0,1,0,1,0,1,0,1,0,1,0,1,0,0,0.17123392,False
96143,39.246654,-120.029273,4,20.05,83.3,0,0,0,0,1,0,0,0,1,1,0,1,0,1,0,1,0,1,0,1,0,0,0,0,0,0,1,0.32001477,False
96145,39.178337,-120.162806,68,117.2,8035.95,1,0,0,0,1,0,1,1,0,0,1,0,1,0,1,0,1,0,1,0,1,1,0,1,1,0,0,0.39853626,False
96146,39.191797,-120.212401,33,20.1,579.4,0,0,1,1,1,0,0,0,1,1,0,1,0,1,0,1,0,1,0,1,0,1,0,0,0,0,1,0.16749811,False
90001,33.973616,-118.24902,69,109.95,7634.25,1,1,1,0,1,0,1,1,0,0,0,0,1,0,1,0,1,0,1,0,1,0,1,1,0,1,0,0.3537015,False
90002,33.949255,-118.246978,38,94.75,3653.0,1,1,0,0,1,0,1,1,0,0,0,0,0,0,0,0,0,0,1,0,1,0,0,0,0,1,0,0.66146815,False
90003,33.964131,-118.272783,3,80.0,241.3,0,0,1,1,1,0,0,1,0,0,0,0,1,0,0,0,1,0,0,0,0,0,0,1,0,1,0,0.71525514,True
90004,34.076259,-118.310715,48,79.65,3870.3,0,0,1,1,1,0,1,0,0,0,0,0,1,0,0,0,1,0,1,0,1,0,1,0,0,1,0,0.18621325,False
90005,34.059281,-118.30742,15,25.2,387.9,0,0,1,0,1,0,1,0,1,1,0,1,0,1,0,1,0,1,0,1,0,0,1,0,0,0,1,0.19401333,False
90006,34.048013,-118.293953,25,19.9,527.5,0,0,0,0,1,0,0,0,1,1,0,1,0,1,0,1,0,1,0,1,0,1,0,0,1,0,0,0.2598507,False
90008,34.008293,-118.346766,48,44.8,2104.55,0,0,0,0,0,1,0,0,0,0,1,0,1,0,0,0,0,0,1,0,0,0,0,1,0,1,0,0.52580535,False
90010,34.062125,-118.315709,1,20.3,20.3,1,0,0,0,1,0,0,0,1,1,0,1,0,1,0,1,0,1,0,1,0,0,0,0,0,0,1,0.52391976,False
90011,34.00709,-118.258681,1,19.2,19.2,1,0,0,0,1,0,0,0,1,1,0,1,0,1,0,1,0,1,0,1,0,0,0,0,0,1,0,0.48061258,False
90012,34.065875,-118.238728,37,80.05,3019.1,0,0,0,0,1,0,0,1,0,0,0,0,1,0,1,0,0,0,0,0,0,1,0,0,0,1,0,0.3876958,False
90013,34.044639,-118.240413,66,107.35,7051.95,1,1,1,0,1,0,1,1,0,0,0,0,1,0,1,0,1,0,1,0,1,1,0,1,0,0,0,0.36583146,False
90014,34.043144,-118.251977,26,47.85,1190.5,0,0,1,0,0,1,0,0,0,0,1,0,1,0,1,0,0,0,1,0,0,1,0,0,0,0,0,0.34862652,False
90015,34.039224,-118.266293,63,70.8,4448.8,1,0,1,0,1,0,0,0,0,0,1,0,1,0,0,0,1,0,1,0,0,1,0,0,1,0,0,0.20727257,False
90018,34.028735,-118.317236,18,59.1,1011.05,1,1,1,0,1,0,0,0,0,0,1,0,0,0,0,0,0,0,0,0,1,0,0,1,1,0,0,0.46283522,False
90019,34.049841,-118.33846,64,25.55,1714.95,0,0,1,0,1,0,1,0,1,1,0,1,0,1,0,1,0,1,0,1,0,0,1,0,0,0,1,0.15479362,False
90021,34.029043,-118.239504,28,20.25,535.35,0,0,0,1,1,0,0,0,1,1,0,1,0,1,0,1,0,1,0,1,0,0,0,0,0,0,1,0.25854287,False
90022,34.02381,-118.156582,1,75.55,75.55,0,0,0,0,1,0,0,1,0,0,0,0,0,0,1,0,0,0,0,0,0,0,0,0,0,1,0,0.77849054,True
90025,34.046174,-118.446333,66,95.3,6273.4,1,0,1,0,1,0,1,1,0,0,0,0,1,0,1,0,0,0,0,0,1,1,0,0,0,1,0,0.3427094,False
90026,34.078991,-118.263804,1,70.25,70.25,0,0,0,0,1,0,0,1,0,0,0,0,0,0,0,0,0,0,0,0,0,0,0,1,0,1,0,0.79702556,True
90027,34.127194,-118.295647,18,50.3,908.75,0,0,1,0,1,0,0,0,0,0,0,0,0,0,0,0,1,0,0,0,0,0,0,1,0,0,1,0.4797112,False
90029,34.089953,-118.294824,0,19.85,1397.475,1,0,1,1,1,0,0,0,1,1,0,1,0,1,0,1,0,1,0,1,0,0,1,0,0,0,1,0.180468,False
90032,34.078821,-118.177576,12,19.35,212.3,1,0,0,1,1,0,0,0,1,1,0,1,0,1,0,1,0,1,0,1,0,0,1,0,0,0,0,0.17691363,False
90034,34.030578,-118.399613,12,25.0,316.2,1,0,0,0,1,0,1,0,1,1,0,1,0,1,0,1,0,1,0,1,0,0,0,0,0,1,0,0.33074594,False
90035,34.051809,-118.383843,55,20.3,1079.05,0,0,1,1,1,0,0,0,1,1,0,1,0,1,0,1,0,1,0,1,0,0,1,0,0,0,1,0.13386415,False
90036,34.070291,-118.349191,7,75.35,564.65,0,0,0,0,1,0,1,1,0,0,0,0,0,0,0,0,0,0,0,0,0,0,0,1,0,1,0,0.78450215,True
90038,34.088017,-118.327168,68,88.0,6161.9,0,0,1,1,1,0,1,0,0,0,1,0,1,0,1,0,1,0,1,0,1,0,1,0,1,0,0,0.12877473,False
90040,33.994524,-118.149953,49,43.8,2106.05,0,1,0,0,1,0,0,0,0,0,0,0,0,0,0,0,0,0,0,0,0,0,0,0,0,0,1,0.4291566,False
90041,34.137412,-118.207607,40,62.05,2511.55,1,0,0,0,0,1,0,0,0,0,1,0,1,0,1,0,0,0,1,0,1,1,0,0,1,0,0,0.3515701,False
90042,34.11572,-118.192754,16,20.1,318.6,0,0,0,0,1,0,0,0,1,1,0,1,0,1,0,1,0,1,0,1,0,1,0,0,0,0,0,0.20439616,False
90044,33.952714,-118.292061,72,101.35,7323.15,0,0,1,0,1,0,1,1,0,0,0,0,1,0,1,0,0,0,1,0,1,1,0,1,0,1,0,0.40942687,False
90045,33.954017,-118.402447,2,84.05,186.05,0,1,0,0,1,0,1,1,0,0,0,0,0,0,0,0,0,0,0,0,1,0,0,1,0,1,0,0.806968,True
90046,34.108455,-118.362081,23,20.9,454.0,1,0,1,1,1,0,0,0,1,1,0,1,0,1,0,1,0,1,0,1,0,0,1,0,0,0,1,0.13386415,False
90047,33.958149,-118.308441,71,105.9,7521.95,0,1,0,0,1,0,1,1,0,0,0,0,1,0,1,0,0,0,1,0,1,1,0,1,0,1,0,0.39308774,False
90058,34.001617,-118.222274,12,85.05,999.8,1,0,1,0,1,0,0,1,0,0,0,0,1,0,0,0,0,0,0,0,1,0,0,1,1,0,0,0.7344655,True
90059,33.927254,-118.249826,54,44.1,2369.7,0,0,0,0,0,1,0,0,0,0,1,0,0,0,0,0,1,0,0,0,1,1,0,0,0,0,0,0.287837,False
90061,33.92128,-118.274186,68,90.2,6297.65,0,0,1,0,1,0,1,1,0,0,0,0,1,0,1,0,1,0,0,0,0,0,1,0,1,0,0,0.1887716,False
90064,34.037251,-118.423573,27,53.45,1461.45,1,0,0,0,1,0,0,0,0,0,1,0,0,0,0,0,1,0,0,0,0,0,0,0,0,0,1,0.31819817,False
90065,34.108833,-118.229715,21,19.95,416.4,1,0,0,0,1,0,0,0,1,1,0,1,0,1,0,1,0,1,0,1,0,0,0,1,0,0,1,0.29331967,False
90067,34.057496,-118.413959,64,74.65,4869.35,0,1,0,0,1,0,1,0,0,0,0,0,1,0,1,0,1,0,0,0,1,0,0,0,1,0,0,0.32434115,False
90069,34.093781,-118.381061,57,57.5,3265.95,1,0,1,0,0,1,0,0,0,0,0,0,1,0,1,0,1,0,1,0,1,0,1,1,0,0,0,0.20325811,False
90077,34.102084,-118.451629,19,19.65,358.15,1,0,0,0,1,0,0,0,1,1,0,1,0,1,0,1,0,1,0,1,0,0,1,0,0,0,1,0.1620312,False
90201,33.970343,-118.171368,31,93.8,2939.8,1,0,1,0,1,0,0,1,0,0,0,0,0,0,1,0,0,0,1,0,1,1,0,1,0,1,0,0.47889453,False
90210,34.099891,-118.414338,52,89.25,4652.4,1,0,0,0,1,0,1,0,0,0,1,0,1,0,1,0,1,0,1,0,1,0,1,1,0,0,1,0.17370388,False
90211,34.063947,-118.383001,46,94.15,4408.45,0,0,0,0,1,0,1,1,0,0,0,0,1,0,1,0,0,0,0,0,1,1,0,1,0,1,0,0.42170113,False
90212,34.062095,-118.401508,11,55.6,580.8,0,1,0,0,1,0,1,0,0,0,1,0,0,0,0,0,0,0,0,0,0,0,0,1,0,1,0,0.61705035,False
90220,33.88151,-118.234451,53,48.7,2495.2,0,0,1,1,0,1,0,0,0,0,1,0,1,0,1,0,0,0,0,0,1,0,0,1,0,0,0,0.3463278,False
90222,33.912246,-118.236773,57,104.9,5913.95,1,1,0,0,1,0,1,1,0,0,0,0,1,0,0,0,1,0,1,0,1,0,0,1,0,0,0,0.57072103,False
90240,33.956228,-118.120993,71,19.9,1389.35,0,0,1,1,1,0,0,0,1,1,0,1,0,1,0,1,0,1,0,1,0,0,1,0,0,0,0,0.1309193,False
90241,33.940884,-118.128628,1,19.4,19.4,0,0,1,1,1,0,0,0,1,1,0,1,0,1,0,1,0,1,0,1,0,0,0,1,0,0,1,0.5237912,False
90242,33.921793,-118.140588,68,25.05,1629.2,1,0,1,0,1,0,1,0,1,1,0,1,0,1,0,1,0,1,0,1,0,0,1,0,1,0,0,0.15146886,False
90245,33.917145,-118.401554,72,84.45,6033.1,1,0,1,0,1,0,0,0,0,0,1,0,1,0,1,0,1,0,1,0,1,0,1,0,0,0,1,0.14450765,False
90247,33.890853,-118.297967,2,19.3,44.4,0,0,0,0,1,0,0,0,1,1,0,1,0,1,0,1,0,1,0,1,0,0,0,0,0,0,1,0.3907998,False
90249,33.90139,-118.315697,41,79.85,3320.75,0,0,0,0,1,0,0,0,0,0,1,0,0,0,1,0,1,0,1,0,1,1,0,1,0,0,0,0.27399597,False
90250,33.914775,-118.348083,72,25.55,1867.7,1,0,1,1,1,0,1,0,1,1,0,1,0,1,0,1,0,1,0,1,0,0,1,0,1,0,0,0.1309193,False
90262,33.923573,-118.200669,58,68.4,3972.25,0,0,1,0,1,0,1,0,0,0,1,0,0,0,0,0,1,0,0,0,1,1,0,1,0,1,0,0.29463202,False
90263,34.037037,-118.705803,7,20.65,155.9,0,0,0,0,1,0,0,0,1,1,0,1,0,1,0,1,0,1,0,1,0,0,0,0,0,0,1,0.33721936,False
90265,34.074572,-118.831181,65,55.15,3673.15,0,0,1,0,1,0,0,0,0,0,1,0,0,0,1,0,0,0,0,0,0,0,0,1,0,0,1,0.33168995,False
90266,33.889632,-118.39737,1,70.6,70.6,1,0,0,0,1,0,0,1,0,0,0,0,0,0,0,0,0,0,0,0,0,0,0,1,0,0,1,0.78447926,True
90270,33.988572,-118.186565,56,19.95,1126.75,1,0,1,0,1,0,0,0,1,1,0,1,0,1,0,1,0,1,0,1,0,1,0,0,1,0,0,0.20002638,False
90272,34.079449,-118.548306,4,19.0,73.45,1,0,0,0,1,0,0,0,1,1,0,1,0,1,0,1,0,1,0,1,0,0,0,0,0,0,1,0.36777166,False
90274,33.788208,-118.404955,58,44.1,2413.05,0,0,1,1,1,0,0,0,0,0,0,0,0,0,0,0,0,0,0,0,0,1,0,1,0,0,1,0.21640247,False
90275,33.753146,-118.367459,62,107.6,6912.7,1,0,1,0,1,0,1,1,0,0,0,0,0,0,1,0,1,0,1,0,1,0,1,1,0,0,0,0.38292572,False
90277,33.830453,-118.384565,26,61.55,1581.95,1,0,0,0,1,0,1,0,0,0,1,0,1,0,0,0,0,0,0,0,0,1,0,0,0,1,0,0.33384418,False
90278,33.873395,-118.37019,62,90.7,5586.45,1,0,0,0,1,0,1,1,0,0,1,0,1,0,1,0,0,0,0,0,0,0,0,0,0,0,0,0.3500211,False
90280,33.944624,-118.192615,58,99.25,5846.65,0,0,1,1,1,0,0,1,0,0,1,0,1,0,0,0,0,0,1,0,1,1,0,0,1,0,0,0.21598214,False
90290,34.115192,-118.61017,68,91.7,6424.7,0,0,1,0,1,0,1,0,0,0,1,0,1,0,1,0,1,0,1,0,1,0,1,1,0,1,0,0.19347039,False
90291,33.991782,-118.479229,61,100.7,6018.65,0,0,1,1,1,0,1,1,0,0,1,0,1,0,1,0,0,0,0,0,1,1,0,1,1,0,0,0.24888603,False
90292,33.977468,-118.445475,42,78.45,3373.4,0,0,0,0,1,0,1,0,0,0,0,0,0,0,1,0,1,0,1,0,1,0,1,1,1,0,0,0.19530341,False
90293,33.947305,-118.439841,18,84.3,1537.9,1,0,0,0,1,0,1,1,0,0,0,0,0,0,0,0,0,0,1,0,0,0,0,0,0,0,0,0.63361764,False
90301,33.956445,-118.358634,56,19.55,1080.55,0,0,0,0,1,0,0,0,1,1,0,1,0,1,0,1,0,1,0,1,0,0,1,1,0,0,0,0.1522232,False
90303,33.936291,-118.332639,4,20.45,82.85,0,0,0,0,1,0,0,0,1,1,0,1,0,1,0,1,0,1,0,1,0,0,0,0,1,0,0,0.37999132,False
90304,33.936827,-118.359824,35,55.6,2016.45,0,0,0,1,1,0,0,0,0,0,1,0,1,0,0,0,0,0,0,0,0,1,0,0,1,0,0,0.20423682,False
90305,33.958134,-118.330905,64,86.8,5327.25,0,0,1,1,1,0,1,1,0,0,1,0,0,0,0,0,1,0,0,0,0,0,0,1,0,0,0,0.31036595,False
90401,34.015481,-118.493231,31,20.95,683.25,0,0,0,0,1,0,0,0,1,1,0,1,0,1,0,1,0,1,0,1,0,1,0,0,0,0,1,0.18582813,False
90402,34.035849,-118.503508,67,20.05,1263.05,0,1,1,0,1,0,0,0,1,1,0,1,0,1,0,1,0,1,0,1,0,0,1,1,0,0,0,0.15641865,False
90404,34.026334,-118.474222,70,113.65,7714.65,0,1,1,0,1,0,1,1,0,0,1,0,1,0,1,0,1,0,1,0,1,0,1,1,0,1,0,0.31176516,False
90502,33.833181,-118.292062,2,59.5,130.5,1,0,1,1,1,0,0,0,0,0,1,0,1,0,0,0,1,0,0,0,0,0,1,0,0,0,1,0.2260877,False
90503,33.840399,-118.353714,29,87.8,2621.75,0,0,1,1,1,0,0,1,0,0,0,0,0,0,0,0,0,0,1,0,1,0,0,1,1,0,0,0.4983404,False
90504,33.867257,-118.330794,47,41.9,1875.25,0,0,0,0,0,1,0,0,0,0,1,0,0,0,1,0,1,0,0,0,0,0,1,0,0,0,1,0.19084089,False
90601,34.007353,-118.033683,12,69.85,837.5,1,0,0,1,1,0,0,0,0,0,1,0,0,0,0,0,0,0,1,0,1,0,0,1,0,0,1,0.37121835,False
90602,33.972119,-118.020188,8,56.3,401.5,0,0,1,1,1,0,0,0,0,0,0,0,1,0,0,0,1,0,0,0,0,0,0,0,0,0,0,0.3273163,False
90603,33.945318,-117.992066,54,109.55,6118.95,1,0,1,0,1,0,1,1,0,0,1,0,1,0,1,0,0,0,1,0,1,0,0,0,0,1,0,0.57184076,False
90604,33.929704,-118.01208,69,92.15,6480.9,1,0,1,1,1,0,0,1,0,0,0,0,1,0,0,0,1,0,1,0,0,0,1,1,0,0,1,0.1564464,False
90605,33.960891,-118.032222,26,69.5,1800.05,0,0,0,0,1,0,1,0,0,0,1,0,1,0,0,0,0,0,1,0,0,0,0,1,0,0,0,0.3632237,False
90606,33.976678,-118.065875,72,97.0,7104.2,0,0,1,0,1,0,1,1,0,0,1,0,1,0,1,0,1,0,0,0,0,0,1,1,0,0,0,0.16753863,False
90620,33.845706,-118.012204,70,58.35,4214.25,0,0,0,0,0,1,0,0,0,0,1,0,0,0,1,0,1,0,1,0,1,0,1,1,0,0,0,0.18270212,False
90630,33.818477,-118.038307,28,70.4,1992.2,0,0,1,1,1,0,0,1,0,0,0,0,0,0,0,0,0,0,0,0,0,1,0,1,0,0,0,0.26004827,False
90638,33.902045,-118.008961,21,94.3,1948.35,0,0,1,0,1,0,1,1,0,0,0,0,0,0,0,0,0,0,1,0,1,0,0,1,0,1,0,0.7601021,True
90650,33.905963,-118.08263,53,19.55,1007.9,0,0,1,1,1,0,0,0,1,1,0,1,0,1,0,1,0,1,0,1,0,1,0,0,0,0,0,0.15519892,False
90660,33.989524,-118.089299,53,95.95,5036.9,1,0,0,1,1,0,0,1,0,0,1,0,1,0,1,0,0,0,0,0,1,1,0,0,0,1,0,0.27566978,False
90680,33.801869,-117.995068,70,94.8,6859.05,0,0,1,0,1,0,1,0,0,0,1,0,1,0,1,0,1,0,1,0,1,0,1,1,1,0,0,0.154248,False
90701,33.867593,-118.080637,61,107.75,6521.9,1,0,0,0,1,0,1,1,0,0,1,0,1,0,1,0,0,0,1,0,1,1,0,1,0,1,0,0.3740602,False
90703,33.8681,-118.067402,11,54.6,617.85,0,0,0,0,1,0,0,0,0,0,1,0,0,0,0,0,1,0,0,0,0,1,0,1,0,0,1,0.29353267,False
90704,33.391181,-118.421305,2,71.3,157.75,1,0,0,0,1,0,0,1,0,0,0,0,0,0,0,0,0,0,0,0,0,0,0,1,1,0,0,0.7564843,True
90706,33.887676,-118.127289,25,19.5,516.3,1,0,0,0,1,0,0,0,1,1,0,1,0,1,0,1,0,1,0,1,0,1,0,1,0,0,0,0.1819803,False
90710,33.798266,-118.300237,41,56.3,2364.0,0,0,0,0,1,0,1,0,0,0,0,0,1,0,0,0,0,0,0,0,0,1,0,1,1,0,0,0.2548484,False
90715,33.841027,-118.078097,71,90.55,6239.05,0,0,1,1,1,0,1,0,0,0,1,0,1,0,1,0,1,0,1,0,1,0,1,1,1,0,0,0.12877473,False
90716,33.830431,-118.074071,34,60.8,2042.05,0,0,1,1,1,0,0,0,0,0,1,0,1,0,1,0,0,0,0,0,0,1,0,1,0,0,1,0.18711512,False
90717,33.794209,-118.317354,29,98.8,2807.1,1,0,0,0,1,0,0,1,0,0,0,0,0,0,1,0,1,0,1,0,1,0,0,1,1,0,0,0.6050064,False
90720,33.79499,-118.065591,40,98.15,4116.8,1,1,1,0,1,0,0,1,0,0,1,0,1,0,1,0,1,0,1,0,0,1,0,1,1,0,0,0.30947545,False
90723,33.897122,-118.164432,36,35.35,1317.95,1,0,1,0,0,1,0,0,0,0,1,0,0,0,1,0,0,0,0,0,0,1,0,0,0,0,1,0.26632902,False
90731,33.736387,-118.284363,46,103.15,4594.65,0,0,1,0,1,0,1,1,0,0,0,0,1,0,0,0,1,0,1,0,1,1,0,1,0,1,0,0.4924361,False
90732,33.744119,-118.31448,58,107.75,6332.75,0,0,0,0,1,0,1,1,0,0,1,0,1,0,1,0,0,0,1,0,1,1,0,1,0,1,0,0.42492312,False
90740,33.75462,-118.071128,39,81.4,3213.75,1,0,0,0,1,0,1,1,0,0,0,0,1,0,0,0,0,0,0,0,0,1,0,0,1,0,0,0.3428742,False
90743,33.728273,-118.085304,52,95.7,4976.15,0,0,1,1,1,0,1,1,0,0,0,0,1,0,1,0,0,0,1,0,0,1,0,1,1,0,0,0.25016204,False
90744,33.782068,-118.262263,70,104.8,7308.95,1,1,1,0,1,0,1,1,0,0,0,0,1,0,1,0,0,0,1,0,1,1,0,1,0,1,0,0.4581176,False
90745,33.822295,-118.26411,65,70.95,4555.2,1,1,1,0,1,0,0,1,0,0,0,0,0,0,0,0,0,0,0,0,0,1,0,1,0,0,0,0.31952345,False
90746,33.859171,-118.252272,1,44.95,44.95,1,0,0,0,1,0,0,0,0,0,0,0,0,0,0,0,0,0,0,0,0,0,0,1,0,0,1,0.7128705,True
90802,33.752524,-118.210737,70,97.65,6982.5,0,0,1,0,1,0,1,1,0,0,0,0,0,0,1,0,0,0,1,0,1,1,0,1,0,1,0,0.4341597,False
90803,33.760458,-118.129725,29,35.65,1025.15,0,1,1,1,0,1,0,0,0,0,0,0,1,0,1,0,0,0,0,0,0,0,0,1,0,0,1,0.36491275,False
90805,33.864622,-118.179626,67,85.25,5714.2,0,0,0,0,1,0,1,0,0,0,1,0,0,0,1,0,1,0,1,0,1,0,1,1,0,0,1,0.1611114,False
90806,33.802664,-118.179971,1,19.5,19.5,0,0,0,0,1,0,0,0,1,1,0,1,0,1,0,1,0,1,0,1,0,0,0,1,0,0,1,0.4416439,False
90808,33.823943,-118.111335,30,25.1,789.55,0,0,1,1,1,0,1,0,1,1,0,1,0,1,0,1,0,1,0,1,0,0,1,1,0,0,1,0.13386415,False
90810,33.819814,-118.222416,48,100.05,4834.0,0,0,1,0,1,0,0,1,0,0,0,0,0,0,1,0,1,0,1,0,1,0,0,1,1,0,0,0.55019736,False
90813,33.781086,-118.199049,55,55.7,3131.8,0,0,1,1,1,0,0,0,0,0,1,0,1,0,0,0,0,0,0,0,0,0,0,0,0,1,0,0.33645102,False
90815,33.797638,-118.11662,37,91.15,3369.25,1,0,0,0,1,0,1,1,0,0,1,0,0,0,0,0,0,0,1,0,0,0,0,1,0,1,0,0.6452795,False
90822,33.778436,-118.118648,31,83.85,2674.15,0,0,1,0,1,0,0,1,0,0,0,0,1,0,0,0,0,0,0,0,1,0,0,1,0,0,0,0.61508423,False
91001,34.196837,-118.142236,4,45.9,199.75,1,0,0,0,1,0,0,0,0,0,0,0,0,0,0,0,0,0,0,0,0,0,0,1,0,1,0,0.7400254,True
91006,34.137319,-118.029837,72,25.1,1790.8,1,0,1,1,1,0,1,0,1,1,0,1,0,1,0,1,0,1,0,1,0,0,1,1,1,0,0,0.1309193,False
91010,34.145695,-117.95982,1,19.7,19.7,1,0,1,1,1,0,0,0,1,1,0,1,0,1,0,1,0,1,0,1,0,0,0,0,0,0,1,0.5299511,False
91011,34.234912,-118.153729,15,91.5,1400.3,0,1,0,0,1,0,0,1,0,0,0,0,0,0,0,0,0,0,1,0,1,0,0,1,0,1,0,0.7579235,True
91016,34.1528,-118.000482,8,51.3,411.6,1,0,1,1,1,0,0,0,0,0,1,0,0,0,0,0,0,0,0,0,0,0,0,1,1,0,0,0.37613723,False
91020,34.2112,-118.230625,35,21.1,741.0,0,0,0,0,1,0,0,0,1,1,0,1,0,1,0,1,0,1,0,1,0,1,0,0,0,0,1,0.18582813,False
91024,34.168686,-118.057505,56,104.75,5841.35,0,1,0,0,1,0,1,1,0,0,0,0,1,0,1,0,0,0,1,0,1,0,0,0,0,1,0,0.62530005,False
91040,34.282704,-118.312929,65,85.75,5688.45,1,1,1,1,1,0,1,1,0,0,1,0,1,0,0,0,0,0,0,0,0,0,0,1,0,1,0,0.3161585,False
91042,34.296574,-118.244839,2,20.3,31.9,0,0,1,1,1,0,0,0,1,1,0,1,0,1,0,1,0,1,0,1,0,1,0,0,0,0,1,0.2594096,False
91101,34.146635,-118.139225,65,100.75,6674.65,1,1,1,0,1,0,1,1,0,0,1,0,0,0,0,0,0,0,1,0,1,1,0,1,0,1,0,0.52773577,False
91103,34.167465,-118.165327,18,74.15,1345.75,0,0,0,0,1,0,1,1,0,0,0,0,0,0,0,0,0,0,0,0,0,0,0,1,0,1,0,0.7277998,True
91104,34.165383,-118.123752,23,78.55,1843.05,0,0,0,0,1,0,1,0,0,0,1,0,0,0,1,0,0,0,1,0,1,1,0,1,0,1,0,0.34655043,False
91106,34.139402,-118.128658,70,19.85,1433.8,1,0,1,0,1,0,0,0,1,1,0,1,0,1,0,1,0,1,0,1,0,0,1,0,1,0,0,0.15146886,False
91107,34.159007,-118.087353,4,50.7,214.55,0,0,0,0,1,0,1,0,0,0,0,0,0,0,0,0,0,0,0,0,0,0,0,0,0,1,0,0.7228348,True
91108,34.122671,-118.112911,19,45.0,865.85,1,0,0,0,1,0,0,0,0,0,0,0,0,0,0,0,0,0,0,0,0,0,0,1,0,0,0,0.5563085,False
91201,34.17051,-118.289463,18,77.8,1358.6,0,0,0,0,1,0,0,1,0,0,0,0,1,0,1,0,0,0,0,0,0,0,0,0,0,1,0,0.6068419,False
91202,34.167926,-118.267539,38,83.45,3147.15,0,1,1,0,1,0,0,1,0,0,1,0,0,0,0,0,0,0,0,0,1,0,0,1,0,1,0,0.6143575,False
91204,34.136306,-118.26036,47,94.8,4535.85,1,0,0,0,1,0,1,1,0,0,1,0,1,0,0,0,0,0,1,0,0,1,0,0,0,0,0,0.3807628,False
91205,34.13658,-118.245839,52,20.1,1078.75,0,0,1,1,1,0,0,0,1,1,0,1,0,1,0,1,0,1,0,1,0,0,1,0,0,0,0,0.1309193,False
91206,34.162515,-118.203869,9,59.9,542.4,1,0,0,0,1,0,1,0,0,0,0,0,0,0,0,0,0,0,0,0,1,0,0,0,0,0,1,0.50058985,False
91207,34.182378,-118.262922,26,90.1,2312.55,0,0,1,0,1,0,1,0,0,0,1,0,1,0,1,0,1,0,1,0,1,1,0,1,1,0,0,0.30076063,False
91214,34.239636,-118.245259,44,70.95,3250.45,1,0,1,0,1,0,0,0,0,0,0,0,1,0,1,0,1,0,1,0,0,1,0,1,0,1,0,0.33536702,False
91301,34.129058,-118.759788,3,29.2,98.5,0,0,0,0,0,1,0,0,0,0,0,0,1,0,0,0,0,0,0,0,0,0,0,0,0,0,1,0.65650076,False
91302,34.130861,-118.68346,2,46.6,87.9,1,0,0,0,1,0,0,0,0,0,0,0,0,0,0,0,0,0,0,0,0,0,0,1,0,0,0,0.71502465,True
91306,34.209532,-118.577563,25,74.3,1952.25,1,0,0,0,1,0,0,1,0,0,1,0,0,0,0,0,0,0,0,0,0,0,0,0,0,0,0,0.52661,False
91307,34.199787,-118.68493,2,69.3,153.8,0,1,1,0,1,0,0,1,0,0,0,0,0,0,0,0,0,0,0,0,0,0,0,1,0,1,0,0.77146405,True
91320,34.172071,-118.946262,58,94.3,5610.15,0,0,1,0,1,0,1,1,0,0,0,0,1,0,1,0,0,0,0,0,1,1,0,1,0,1,0,0.355935,False
91321,34.370378,-118.504118,59,76.45,4519.5,0,0,1,1,1,0,1,0,0,0,1,0,0,0,1,0,1,0,1,0,0,0,1,1,0,0,1,0.12877473,False
91324,34.238208,-118.55029,44,54.0,2440.25,1,0,0,0,0,1,0,0,0,0,1,0,0,0,1,0,0,0,1,0,1,1,0,1,0,1,0,0.4274193,False
91325,34.236683,-118.517588,66,104.25,6860.6,1,0,0,0,1,0,1,1,0,0,0,0,1,0,0,0,1,0,1,0,1,1,0,1,0,1,0,0.46317986,False
91326,34.281911,-118.556218,68,19.95,1377.7,1,0,1,1,1,0,0,0,1,1,0,1,0,1,0,1,0,1,0,1,0,0,1,0,0,0,0,0.1309193,False
91331,34.255442,-118.421314,9,24.95,190.25,1,0,0,0,0,1,0,0,0,0,0,0,0,0,0,0,0,0,0,0,0,0,0,1,0,1,0,0.6513821,False
91335,34.200175,-118.540958,19,84.75,1651.95,1,0,0,0,1,0,1,1,0,0,1,0,0,0,1,0,0,0,0,0,0,0,0,1,0,1,0,0.69212776,False
91340,34.286131,-118.435969,4,19.75,78.3,1,0,0,0,1,0,0,0,1,1,0,1,0,1,0,1,0,1,0,1,0,0,0,0,0,0,1,0.3588689,False
91342,34.321621,-118.399841,70,113.65,7939.25,0,0,0,0,1,0,1,1,0,0,1,0,1,0,1,0,1,0,1,0,1,0,1,1,0,0,0,0.22646832,False
91343,34.238802,-118.482296,1,44.9,44.9,1,0,0,0,1,0,0,0,0,0,0,0,0,0,0,0,0,0,0,0,0,0,0,1,0,0,1,0.75024325,True
91344,34.291273,-118.505104,8,75.25,576.7,0,0,0,0,1,0,1,1,0,0,0,0,0,0,0,0,0,0,0,0,0,0,0,1,0,1,0,0.78450215,True
91345,34.266389,-118.459744,53,24.6,1279.0,1,0,0,0,1,0,1,0,1,1,0,1,0,1,0,1,0,1,0,1,0,0,1,0,0,0,1,0.15479362,False
91350,34.502432,-118.41459,51,25.0,1260.7,1,1,0,0,1,0,1,0,1,1,0,1,0,1,0,1,0,1,0,1,0,1,0,0,0,0,0,0.18681517,False
91351,34.422519,-118.420717,11,20.95,267.35,1,0,1,1,1,0,0,0,1,1,0,1,0,1,0,1,0,1,0,1,0,0,0,0,0,0,0,0.28742853,False
91352,34.231053,-118.338307,60,110.6,6586.85,1,0,1,1,1,0,1,1,0,0,1,0,0,0,1,0,1,0,1,0,1,0,1,1,0,1,0,0.24184984,False
91354,34.457005,-118.573726,17,55.5,934.15,1,0,0,0,1,0,0,0,0,0,1,0,1,0,0,0,0,0,0,0,0,0,0,1,1,0,0,0.44910216,False
91360,34.214054,-118.88109,1,19.45,19.45,1,0,0,0,1,0,0,0,1,1,0,1,0,1,0,1,0,1,0,1,0,0,0,0,0,0,1,0.53681207,False
91361,34.130992,-118.894673,43,84.85,3645.6,1,1,0,0,1,0,1,1,0,0,0,0,0,0,0,0,0,0,1,0,0,0,0,1,0,1,0,0.7084174,True
91362,34.191842,-118.822796,16,19.6,314.45,0,0,1,0,1,0,0,0,1,1,0,1,0,1,0,1,0,1,0,1,0,0,0,0,0,0,1,0.289251,False
91364,34.153733,-118.593408,57,53.45,3053.0,0,0,1,1,1,0,0,0,0,0,1,0,1,0,0,0,0,0,0,0,0,1,0,0,0,1,0,0.2119829,False
91367,34.178068,-118.615714,37,19.8,677.05,1,0,1,1,1,0,0,0,1,1,0,1,0,1,0,1,0,1,0,1,0,1,0,0,1,0,0,0.15519892,False
91377,34.19225,-118.776874,72,112.1,7965.95,0,0,1,0,1,0,1,1,0,0,1,0,1,0,1,0,1,0,1,0,1,0,1,0,1,0,0,0.19671166,False
91405,34.202494,-118.448048,2,74.2,140.1,1,1,1,0,1,0,0,1,0,0,0,0,0,0,1,0,0,0,0,0,0,0,0,1,0,1,0,0.7773601,True
91406,34.195685,-118.490752,17,69.0,1108.0,0,0,0,0,1,0,1,0,0,0,0,0,0,0,1,0,1,0,1,0,0,0,0,1,0,0,1,0.4527245,False
91411,34.17847,-118.459472,16,19.35,295.55,0,0,0,0,1,0,0,0,1,1,0,1,0,1,0,1,0,1,0,1,0,1,0,0,1,0,0,0.20954213,False
91436,34.152875,-118.486056,10,19.8,198.25,0,0,0,0,1,0,0,0,1,1,0,1,0,1,0,1,0,1,0,1,0,1,0,1,0,0,1,0.20839988,False
91502,34.177267,-118.31003,64,109.2,6741.15,1,0,1,1,1,0,1,1,0,0,0,0,1,0,1,0,1,0,1,0,1,0,1,1,1,0,0,0.23990104,False
91504,34.213049,-118.317651,1,79.15,79.15,0,0,0,0,1,0,1,1,0,0,0,0,1,0,0,0,0,0,0,0,0,0,0,1,0,0,1,0.79656315,True
91505,34.174215,-118.345928,25,53.65,1355.45,1,0,1,1,1,0,0,0,0,0,0,0,1,0,1,0,0,0,0,0,0,1,0,0,0,0,1,0.19237794,False
91506,34.169706,-118.323548,71,100.2,7209.0,1,0,1,1,1,0,0,1,0,0,1,0,1,0,1,0,1,0,1,0,0,0,1,0,1,0,0,0.14755903,False
91602,34.15136,-118.364786,72,108.65,7726.35,0,0,1,1,1,0,0,1,0,0,1,0,1,0,1,0,1,0,1,0,1,0,1,1,0,0,0,0.22156814,False
91604,34.139082,-118.39275,49,40.65,2070.75,0,0,1,0,0,1,0,0,0,0,1,0,0,0,0,0,0,0,1,0,0,0,0,0,0,0,0,0.4118839,False
91605,34.207295,-118.400022,29,55.35,1636.95,1,0,1,1,0,1,0,0,0,0,1,0,1,0,1,0,1,0,0,0,1,1,0,1,1,0,0,0.17468067,False
91606,34.187599,-118.387125,72,105.6,7581.5,1,0,1,0,1,0,1,1,0,0,1,0,1,0,1,0,1,0,0,0,1,0,1,0,0,0,0,0.23940234,False
91701,34.132275,-117.611478,50,95.7,4729.75,0,0,0,0,1,0,1,1,0,0,0,0,0,0,0,0,0,0,1,0,1,0,0,1,0,1,0,0.7261817,True
91702,34.174493,-117.87068,71,83.2,6126.1,1,0,1,0,1,0,1,0,0,0,1,0,0,0,1,0,1,0,1,0,1,0,1,0,0,1,0,0.18143089,False
91706,34.098275,-117.967399,70,90.05,6333.4,1,1,1,0,1,0,1,0,0,0,1,0,1,0,1,0,1,0,1,0,1,0,1,0,1,0,0,0.154248,False
91709,33.942895,-117.725644,71,97.65,6687.85,1,0,0,0,1,0,1,1,0,0,1,0,0,0,0,0,1,0,0,0,1,1,0,0,1,0,0,0.3162163,False
91710,33.990646,-117.663025,61,68.05,4158.25,1,0,1,1,1,0,0,0,0,0,1,0,1,0,1,0,1,0,0,0,0,0,1,1,0,0,0,0.12815858,False
91723,34.084747,-117.886844,68,102.1,7149.35,1,0,0,0,1,0,1,1,0,0,1,0,1,0,1,0,0,0,0,0,1,0,1,1,0,0,0,0.23468351,False
91724,34.08111,-117.853935,62,23.4,1429.65,1,0,0,0,1,0,1,0,1,1,0,1,0,1,0,1,0,1,0,1,0,0,1,0,0,0,0,0.15146886,False
91730,34.10097,-117.57882,7,71.05,472.65,0,0,0,1,1,0,0,1,0,0,0,0,0,0,0,0,0,0,0,0,0,0,0,1,0,1,0,0.7387064,True
91732,34.074492,-118.01462,6,19.45,113.5,1,0,1,1,1,0,0,0,1,1,0,1,0,1,0,1,0,1,0,1,0,1,0,0,0,0,1,0.20781948,False
91733,34.04622,-118.053753,33,59.45,1884.65,0,1,0,0,0,1,0,0,0,0,1,0,1,0,1,0,0,0,1,0,1,0,0,1,0,0,0,0.39421523,False
91737,34.245289,-117.642503,28,92.2,2568.15,1,0,1,1,1,0,1,1,0,0,0,0,0,0,0,0,0,0,1,0,1,1,0,0,0,0,0,0.31659895,False
91739,34.133809,-117.523724,27,19.85,470.0,1,0,0,0,1,0,0,0,1,1,0,1,0,1,0,1,0,1,0,1,0,0,1,0,1,0,0,0.1522232,False
91740,34.119363,-117.855059,7,43.9,278.4,1,0,0,0,1,0,0,0,0,0,0,0,0,0,0,0,0,0,0,0,0,0,0,0,0,0,1,0.5873898,False
91745,33.998471,-117.973758,30,90.5,2595.85,1,1,0,0,1,0,1,1,0,0,1,0,0,0,0,0,0,0,0,0,1,0,0,1,1,0,0,0.60280097,False
91746,34.038983,-117.991372,63,90.45,5825.5,1,0,0,0,1,0,1,1,0,0,0,0,1,0,0,0,0,0,0,0,1,1,0,0,1,0,0,0.30555698,False
91750,34.144703,-117.770299,53,84.6,4449.75,0,0,0,1,1,0,1,0,0,0,0,0,1,0,1,0,1,0,1,0,1,1,0,1,0,1,0,0.24156916,False
91754,34.050322,-118.147037,21,99.15,1956.4,0,0,0,0,1,0,0,1,0,0,0,0,1,0,0,0,1,0,1,0,1,0,0,1,0,0,0,0.65176004,False
91755,34.049172,-118.115022,17,19.95,310.6,1,0,0,0,1,0,0,0,1,1,0,1,0,1,0,1,0,1,0,1,0,1,0,0,0,0,1,0.19178464,False
91759,34.231318,-117.662032,16,20.5,290.55,1,0,1,1,1,0,0,0,1,1,0,1,0,1,0,1,0,1,0,1,0,0,1,0,0,0,1,0.1487144,False
91761,34.035602,-117.591528,35,62.1,2096.1,0,0,0,0,1,0,0,0,0,0,0,0,0,0,1,0,0,0,0,0,1,0,0,1,0,1,0,0.44399118,False
91762,34.057256,-117.667677,32,79.5,2665.0,0,1,0,0,1,0,0,1,0,0,0,0,0,0,0,0,0,0,0,0,1,0,0,1,0,1,0,0.6762671,False
91763,34.072121,-117.698319,28,19.55,543.8,0,0,1,1,1,0,0,0,1,1,0,1,0,1,0,1,0,1,0,1,0,0,0,1,0,0,0,0.2141197,False
91764,34.074087,-117.605618,1,20.35,20.35,0,0,0,0,1,0,0,0,1,1,0,1,0,1,0,1,0,1,0,1,0,0,0,1,0,0,1,0.54583526,False
91765,33.992416,-117.807874,59,51.7,3005.8,1,0,0,0,0,1,0,0,0,0,0,0,0,0,0,0,1,0,1,0,1,0,0,1,0,1,0,0.5068429,False
91766,34.042286,-117.756106,72,23.3,1623.15,0,0,1,1,1,0,1,0,1,1,0,1,0,1,0,1,0,1,0,1,0,1,0,1,0,0,0,0.15519892,False
91768,34.067932,-117.785168,40,65.1,2586.0,0,0,0,0,1,0,0,0,0,0,1,0,1,0,0,0,0,0,1,0,0,0,0,0,0,0,1,0.31122816,False
91770,34.065108,-118.082791,40,81.2,3292.3,1,0,1,1,1,0,1,1,0,0,0,0,0,0,1,0,0,0,0,0,0,0,0,1,0,1,0,0.4562158,False
91775,34.114772,-118.089431,63,74.5,4674.55,1,0,1,1,1,0,0,0,0,0,1,0,1,0,1,0,1,0,1,0,0,0,1,0,1,0,0,0.12877473,False
91776,34.089927,-118.095645,3,80.5,232.35,0,0,0,0,1,0,0,1,0,0,0,0,0,0,0,0,0,0,1,0,0,0,0,1,0,1,0,0.8162651,True
91780,34.101608,-118.055848,40,60.3,2448.5,1,0,1,1,0,1,0,0,0,0,0,0,1,0,1,0,1,0,1,0,1,1,0,0,0,0,1,0.22924154,False
91784,34.141146,-117.655583,8,75.0,658.1,1,0,1,0,1,0,0,1,0,0,1,0,0,0,0,0,0,0,0,0,0,0,0,1,0,0,1,0.6945243,False
91786,34.105493,-117.660934,34,90.15,3128.8,1,1,1,0,1,0,0,1,0,0,1,0,0,0,0,0,1,0,1,0,0,1,0,0,0,0,1,0.34609643,False
91791,34.061634,-117.893169,9,69.05,653.95,1,0,1,0,1,0,1,0,0,0,0,0,1,0,1,0,0,0,0,0,1,0,0,1,1,0,0,0.4990118,False
91792,34.024405,-117.898722,31,59.7,1825.5,1,0,1,1,1,0,1,0,0,0,0,0,0,0,0,0,0,0,0,0,1,0,0,0,0,0,0,0.2596346,False
91801,34.090925,-118.128164,50,19.85,943.1,0,0,1,0,1,0,0,0,1,1,0,1,0,1,0,1,0,1,0,1,0,1,0,1,0,0,0,0.1819803,False
91905,32.677097,-116.304991,9,40.75,359.4,0,0,0,0,0,1,0,0,0,0,0,0,1,0,0,0,0,0,0,0,1,0,0,0,0,1,0,0.61750567,False
91911,32.607964,-117.059459,25,95.7,2338.35,1,0,1,0,1,0,0,1,0,0,0,0,0,0,0,0,1,0,1,0,1,0,0,1,1,0,0,0.6342004,False
91913,32.64164,-116.985026,1,46.3,46.3,1,1,0,0,1,0,0,0,0,0,0,0,0,0,0,0,0,0,0,0,0,0,0,0,0,1,0,0.7478379,True
91914,32.688506,-116.938632,45,81.3,3541.1,0,0,1,1,1,0,1,0,0,0,1,0,1,0,1,0,1,0,1,0,0,0,0,0,0,0,1,0.25869694,False
91916,32.912664,-116.635387,55,20.0,1087.25,0,0,1,1,1,0,0,0,1,1,0,1,0,1,0,1,0,1,0,1,0,0,0,0,1,0,0,0.22652224,False
91917,32.622999,-116.687855,38,66.15,2522.4,0,0,0,0,1,0,1,0,0,0,1,0,1,0,1,0,0,0,0,0,0,0,0,1,0,0,0,0.3363767,False
91932,32.579134,-117.119009,38,19.6,717.3,1,0,1,1,1,0,0,0,1,1,0,1,0,1,0,1,0,1,0,1,0,0,0,0,0,1,0,0.3247507,False
91934,32.649787,-116.2237,34,49.8,1734.2,1,0,0,0,1,0,0,0,0,0,0,0,1,0,0,0,0,0,0,0,0,0,0,1,0,1,0,0.43083593,False
91935,32.695681,-116.798386,70,101.75,7069.3,0,0,1,0,1,0,1,1,0,0,0,0,0,0,1,0,0,0,1,0,1,1,0,1,0,1,0,0.53921455,False
91941,32.759327,-116.99726,13,55.15,742.9,0,0,0,0,1,0,0,0,0,0,1,0,0,0,0,0,1,0,0,0,0,1,0,0,0,0,1,0.31924006,False
91945,32.733564,-117.033713,61,103.95,6423.0,0,0,0,0,1,0,1,1,0,0,0,0,1,0,1,0,0,0,1,0,1,1,0,1,0,1,0,0.527982,False
91950,32.67102,-117.095235,41,99.65,4220.35,1,0,0,0,1,0,0,1,0,0,0,0,1,0,0,0,1,0,1,0,1,0,1,1,1,0,0,0.30372426,False
91962,32.800671,-116.483363,21,73.7,1558.7,1,0,0,0,1,0,1,1,0,0,0,0,0,0,0,0,0,0,0,0,0,0,0,1,0,1,0,0.706846,True
91963,32.619465,-116.593605,55,50.05,2743.45,1,1,0,0,0,1,0,0,0,0,0,0,0,0,1,0,0,0,1,0,1,1,0,1,0,0,0,0.45843375,False
91977,32.726627,-116.994608,69,60.25,4055.5,1,0,1,0,0,1,0,0,0,0,1,0,0,0,1,0,1,0,1,0,1,0,1,0,0,0,0,0.19284701,False
91980,32.587557,-116.636816,69,87.3,6055.55,0,1,1,0,1,0,0,1,0,0,1,0,1,0,0,0,0,0,0,0,1,1,0,0,1,0,0,0.35770354,False
92004,33.200369,-116.192313,47,54.25,2538.2,1,0,1,1,1,0,1,0,0,0,0,0,1,0,0,0,0,0,0,0,0,0,0,0,0,1,0,0.28905043,False
92007,33.015866,-117.272254,72,85.3,6129.2,0,0,1,1,1,0,0,0,0,0,1,0,1,0,1,0,1,0,1,0,1,0,1,0,0,0,0,0.1472367,False
92008,33.148116,-117.306043,33,50.0,1750.85,1,1,1,0,0,1,0,0,0,0,0,0,1,0,1,0,1,0,1,0,0,0,0,1,0,1,0,0.44834757,False
92014,32.948262,-117.256086,72,90.95,6652.45,0,0,1,1,1,0,1,0,0,0,1,0,1,0,1,0,1,0,1,0,1,0,1,0,1,0,0,0.1472367,False
92019,32.785165,-116.862648,37,72.25,2575.45,1,1,1,0,1,0,0,1,0,0,0,0,0,0,0,0,0,0,0,0,0,0,0,1,0,0,0,0.6501538,False
92020,32.79697,-116.969082,62,96.1,6019.35,0,1,1,1,1,0,1,1,0,0,0,0,1,0,1,0,0,0,0,0,1,0,0,1,1,0,0,0.3267884,False
92021,32.832706,-116.873258,71,19.85,1379.6,0,0,1,0,1,0,0,0,1,1,0,1,0,1,0,1,0,1,0,1,0,0,1,0,1,0,0,0.14561512,False
92024,33.054579,-117.25665,23,55.3,1284.2,1,0,0,1,1,0,0,0,0,0,0,0,1,0,0,0,1,0,0,0,0,0,0,1,0,0,0,0.30485207,False
92025,33.081478,-117.033814,16,20.1,296.15,0,0,0,0,1,0,0,0,1,1,0,1,0,1,0,1,0,1,0,1,0,1,0,0,0,0,1,0.21843413,False
92026,33.21846,-117.116916,9,69.5,653.25,1,0,0,0,1,0,0,0,0,0,1,0,0,0,1,0,1,0,1,0,0,0,0,1,0,0,1,0.471729,False
92027,33.141265,-116.967221,17,25.15,412.6,1,0,1,1,1,0,1,0,1,1,0,1,0,1,0,1,0,1,0,1,0,0,1,1,0,0,1,0.16708669,False
92036,32.980678,-116.262854,24,79.65,1928.7,0,0,1,0,1,0,1,1,0,0,0,0,0,0,1,0,0,0,0,0,0,0,0,1,0,0,1,0.65803045,False
92037,32.853743,-117.25034,1,71.25,71.25,0,1,0,0,1,0,0,1,0,0,0,0,0,0,0,0,0,0,0,0,0,0,0,1,0,1,0,0.8332858,True
92040,32.909873,-116.906774,72,113.8,7845.8,1,1,0,0,1,0,1,1,0,0,1,0,1,0,1,0,1,0,1,0,1,0,1,0,0,0,0,0.20022789,False
92054,33.351059,-117.420557,72,24.55,1750.7,0,0,1,0,1,0,1,0,1,1,0,1,0,1,0,1,0,1,0,1,0,0,1,0,0,1,0,0.17903778,False
92056,33.194742,-117.29032,11,19.7,216.2,0,0,0,1,1,0,0,0,1,1,0,1,0,1,0,1,0,1,0,1,0,0,0,0,1,0,0,0.3744198,False
92060,33.309852,-116.823091,60,100.5,6029.0,0,1,1,0,1,0,1,1,0,0,0,0,0,0,1,0,0,0,1,0,1,1,0,1,1,0,0,0.4887278,False
92064,32.984395,-117.013454,49,74.45,3721.9,0,0,0,0,1,0,0,0,0,0,0,0,0,0,1,0,1,0,1,0,1,0,1,1,0,0,0,0.18927117,False
92065,33.044541,-116.833922,30,104.1,3121.1,0,1,0,0,1,0,1,1,0,0,0,0,1,0,1,0,0,0,1,0,1,0,0,1,0,1,0,0.74805176,True
92066,33.215251,-116.53633,53,19.05,990.45,0,0,1,0,1,0,0,0,1,1,0,1,0,1,0,1,0,1,0,1,0,1,0,0,1,0,0,0.20002638,False
92067,33.012751,-117.200617,39,25.0,1004.35,1,0,0,1,1,0,1,0,1,1,0,1,0,1,0,1,0,1,0,1,0,0,1,0,0,0,1,0.13270007,False
92069,33.162624,-117.170863,9,19.05,157.65,0,0,0,0,1,0,0,0,1,1,0,1,0,1,0,1,0,1,0,1,0,0,0,0,0,0,1,0.39580432,False
92070,33.174725,-116.743329,39,81.9,3219.75,1,0,0,0,1,0,0,1,0,0,0,0,0,0,1,0,1,0,0,0,0,1,0,0,0,1,0,0.43024752,False
92071,32.847336,-116.997605,8,69.7,572.85,1,1,0,0,1,0,0,1,0,0,0,0,0,0,0,0,0,0,0,0,0,0,0,1,0,1,0,0.802336,True
92075,33.001813,-117.263628,51,90.15,4554.85,0,0,1,1,1,0,1,1,0,0,0,0,0,0,1,0,0,0,0,0,1,1,0,1,0,1,0,0.26393834,False
92078,33.119028,-117.166036,71,25.35,1847.55,1,0,1,1,1,0,1,0,1,1,0,1,0,1,0,1,0,1,0,1,0,0,1,0,1,0,0,0.1309193,False
92082,33.25283,-116.986079,71,24.65,1766.75,1,1,0,0,1,0,1,0,1,1,0,1,0,1,0,1,0,1,0,1,0,0,1,1,0,0,1,0.14883393,False
92083,33.17494,-117.242761,70,19.55,1462.05,0,1,1,0,1,0,0,0,1,1,0,1,0,1,0,1,0,1,0,1,0,0,1,1,1,0,0,0.15641865,False
92086,33.323705,-116.626907,38,60.0,2193.2,1,0,1,0,0,1,0,0,0,0,1,0,1,0,0,0,1,0,1,0,1,0,1,1,0,0,0,0.21066666,False
92091,32.99356,-117.207121,28,89.9,2433.5,0,0,1,0,1,0,0,1,0,0,0,0,1,0,1,0,0,0,0,0,1,0,0,0,1,0,0,0.5843029,False
92101,32.72523,-117.171346,32,19.4,641.15,0,0,1,0,1,0,0,0,1,1,0,1,0,1,0,1,0,1,0,1,0,0,0,0,0,0,0,0.28499952,False
92102,32.716007,-117.117462,49,49.8,2398.4,1,1,1,0,1,0,0,0,0,0,0,0,1,0,0,0,0,0,0,0,0,0,1,0,0,0,1,0.23662099,False
92103,32.747484,-117.166877,37,24.1,861.85,0,0,1,1,1,0,1,0,1,1,0,1,0,1,0,1,0,1,0,1,0,0,1,1,0,0,0,0.1309193,False
92104,32.741499,-117.127409,10,54.25,583.0,0,0,0,0,1,0,0,0,0,0,0,0,0,0,1,0,1,0,0,0,0,0,0,0,0,1,0,0.606193,False
92105,32.741859,-117.090353,67,109.9,7332.4,1,0,1,0,1,0,1,1,0,0,1,0,1,0,1,0,0,0,1,0,1,1,0,0,1,0,0,0.3433629,False
92106,32.71346,-117.236378,7,35.5,249.55,1,0,0,0,0,1,0,0,0,0,0,0,0,0,1,0,1,0,0,0,0,1,0,1,1,0,0,0.44031507,False
92107,32.741852,-117.243453,51,87.55,4475.9,0,0,0,0,1,0,0,1,0,0,0,0,0,0,0,0,0,0,1,0,1,1,0,0,1,0,0,0.42439,False
92109,32.787836,-117.232376,9,88.4,788.6,0,0,0,0,1,0,0,1,0,0,0,0,0,0,0,0,0,0,1,0,1,0,0,1,0,0,1,0.7842238,True
92110,32.76501,-117.19938,4,50.8,202.3,1,0,0,0,1,0,0,0,0,0,0,0,0,0,0,0,1,0,0,0,0,0,0,1,0,0,1,0.64024276,False
92111,32.805518,-117.169052,71,99.0,6994.6,1,0,1,0,1,0,1,1,0,0,1,0,1,0,1,0,0,0,1,0,0,0,1,1,0,1,0,0.24682356,False
92114,32.707892,-117.05512,24,96.55,2263.45,0,1,1,1,1,0,0,1,0,0,0,0,0,0,1,0,0,0,1,0,1,0,1,1,0,1,0,0.2948341,False
92115,32.762506,-117.07245,22,59.75,1374.35,1,0,1,0,1,0,0,0,0,0,1,0,0,0,0,0,0,0,1,0,0,1,0,1,0,0,0,0.2844607,False
92116,32.765299,-117.122565,44,111.5,4915.15,1,0,0,0,1,0,1,1,0,0,1,0,1,0,1,0,0,0,1,0,1,0,0,1,0,1,0,0.63728684,False
92117,32.825086,-117.199424,33,24.25,838.5,0,0,1,1,1,0,1,0,1,1,0,1,0,1,0,1,0,1,0,1,0,0,0,0,0,0,0,0.23598644,False
92122,32.85723,-117.209774,1,20.5,20.5,0,0,0,0,1,0,0,0,1,1,0,1,0,1,0,1,0,1,0,1,0,0,0,0,0,0,1,0.47959742,False
92123,32.808814,-117.134694,30,70.4,2044.75,1,0,0,0,1,0,0,0,0,0,1,0,1,0,0,0,1,0,1,0,0,1,0,0,0,1,0,0.3035598,False
92124,32.827238,-117.089287,1,30.55,30.55,0,0,0,0,0,1,0,0,0,0,0,0,0,0,0,0,1,0,0,0,0,0,0,0,0,0,1,0.64549094,False
92126,32.886925,-117.152162,16,84.9,1398.25,1,0,1,1,1,0,1,0,0,0,1,0,1,0,0,0,1,0,1,0,1,0,0,0,0,1,0,0.3702279,False
92131,32.89325,-117.087091,71,54.5,3778.2,1,0,1,0,1,0,0,0,0,0,1,0,0,0,0,0,1,0,0,0,0,0,1,0,0,0,0,0.18011844,False
92139,32.677716,-117.047666,43,75.35,3161.4,1,0,0,0,1,0,1,1,0,0,0,0,0,0,0,0,0,0,0,0,0,0,0,1,1,0,0,0.62860733,False
92154,32.578103,-117.012975,50,44.45,2188.45,1,0,1,0,0,1,0,0,0,0,1,0,0,0,0,0,1,0,1,0,0,1,0,1,0,0,0,0.24974018,False
92203,33.752938,-116.230055,41,98.05,3990.6,0,0,0,0,1,0,1,1,0,0,0,0,0,0,1,0,0,0,1,0,1,0,0,0,0,0,0,0.63908887,False
92220,33.936298,-116.849577,40,63.9,2635.0,0,0,1,0,1,0,1,0,0,0,0,0,1,0,0,0,0,0,1,0,0,1,0,0,0,0,0,0.2763341,False
92223,33.946982,-116.977672,3,69.15,235.0,0,0,1,1,1,0,1,0,0,0,0,0,1,0,1,0,0,0,1,0,0,0,0,1,0,0,0,0.43836305,False
92225,33.674583,-114.71612,37,64.65,2347.85,0,0,0,0,1,0,1,0,0,0,1,0,0,0,0,0,0,0,1,0,0,1,0,0,0,0,0,0.28367183,False
92230,33.929812,-116.76058,32,98.85,3089.6,0,0,1,1,1,0,1,1,0,0,0,0,1,0,0,0,0,0,1,0,1,0,0,1,0,1,0,0.47243422,False
92233,33.143826,-115.497485,32,89.6,2901.8,0,0,1,1,1,0,1,1,0,0,1,0,0,0,0,0,0,0,1,0,0,0,0,0,0,1,0,0.40110853,False
92234,33.829583,-116.474131,59,83.25,4949.1,0,0,0,0,1,0,1,1,0,0,0,0,1,0,1,0,0,0,0,0,0,0,0,1,0,1,0,0.55967265,False
92236,33.680031,-116.171678,30,70.25,2198.9,0,0,1,0,1,0,0,0,0,0,0,0,1,0,1,0,1,0,0,0,1,1,0,0,0,0,0,0.30332744,False
92240,33.948558,-116.516976,27,24.5,761.95,0,0,1,1,1,0,1,0,1,1,0,1,0,1,0,1,0,1,0,1,0,0,1,0,0,1,0,0.1620104,False
92242,34.137742,-114.36514,9,20.1,190.25,1,0,0,1,1,0,0,0,1,1,0,1,0,1,0,1,0,1,0,1,0,1,0,0,0,0,1,0.25726825,False
92243,32.770393,-115.60915,68,73.0,5163.0,0,0,1,1,1,0,1,0,0,0,1,0,1,0,1,0,0,0,1,0,0,1,0,1,1,0,0,0.18610238,False
92249,32.730583,-115.501083,69,61.4,4059.85,0,0,1,1,1,0,1,0,0,0,1,0,0,0,0,0,1,0,0,0,0,0,1,0,1,0,0,0.1519538,False
92250,32.811001,-115.152865,26,84.3,2281.6,1,0,0,0,1,0,1,1,0,0,0,0,0,0,1,0,1,0,0,0,0,0,0,1,0,0,1,0.6295078,False
92251,32.858595,-115.662709,69,19.9,1356.7,1,0,1,1,1,0,0,0,1,1,0,1,0,1,0,1,0,1,0,1,0,0,1,0,0,0,0,0.1309193,False
92252,34.167236,-116.281511,11,20.4,231.45,1,0,0,0,1,0,0,0,1,1,0,1,0,1,0,1,0,1,0,1,0,0,1,0,0,0,1,0.17522088,False
92253,33.695532,-116.310571,1,50.75,50.75,1,0,0,0,1,0,1,0,0,0,0,0,0,0,0,0,0,0,0,0,0,0,0,0,0,0,1,0.66921085,False
92254,33.543835,-115.993906,10,20.45,242.4,1,0,1,1,1,0,0,0,1,1,0,1,0,1,0,1,0,1,0,1,0,1,0,0,0,0,1,0.26685202,False
92256,34.097863,-116.594561,55,75.75,4264.25,0,0,1,1,1,0,1,0,0,0,1,0,1,0,0,0,1,0,0,0,1,1,0,1,0,0,0,0.17867304,False
92257,33.345825,-115.596574,44,65.4,2774.55,1,0,0,0,1,0,0,0,0,0,1,0,0,0,0,0,1,0,1,0,0,1,0,0,0,1,0,0.3323732,False
92259,32.698964,-115.886656,69,59.75,4069.9,1,0,1,1,1,0,0,0,0,0,1,0,1,0,1,0,0,0,0,0,0,0,1,1,0,0,0,0.16399945,False
92260,33.694501,-116.412711,11,78.5,874.2,1,1,0,0,1,0,0,1,0,0,0,0,0,0,0,0,0,0,0,0,1,0,0,1,0,1,0,0.7835765,True
92264,33.745746,-116.514215,29,48.95,1323.7,1,0,0,0,1,0,0,0,0,0,0,0,0,0,1,0,0,0,0,0,0,0,0,0,0,0,0,0.41269213,False
92266,33.3249,-114.758334,57,99.65,5497.05,0,0,1,0,1,0,1,1,0,0,1,0,0,0,0,0,0,0,1,0,1,0,0,1,0,1,0,0.5937634,False
92267,34.273872,-114.192901,28,18.25,534.7,1,0,0,0,1,0,0,0,1,1,0,1,0,1,0,1,0,1,0,1,0,1,0,0,1,0,0,0.21695027,False
92268,34.201108,-116.593456,42,54.55,2455.05,0,0,0,0,1,0,0,0,0,0,1,0,0,0,1,0,0,0,0,0,0,0,0,0,1,0,0,0.33777314,False
92273,32.790282,-115.689559,23,40.65,947.4,1,0,0,1,0,1,0,0,0,0,1,0,1,0,0,0,1,0,0,0,0,1,0,0,0,0,0,0.20514539,False
92274,33.53604,-116.119222,18,20.45,357.0,0,0,1,1,1,0,0,0,1,1,0,1,0,1,0,1,0,1,0,1,0,0,0,0,0,0,1,0.30876055,False
92275,33.28156,-115.955541,62,24.8,1476.25,1,0,1,1,1,0,1,0,1,1,0,1,0,1,0,1,0,1,0,1,0,1,0,0,0,0,0,0.15519892,False
92280,34.264124,-114.717964,67,88.8,5903.15,1,0,0,0,1,0,1,0,0,0,1,0,1,0,1,0,1,0,1,0,1,1,0,1,0,0,0,0.29190361,False
92281,33.03679,-115.60503,62,20.05,1201.65,1,0,0,0,1,0,0,0,1,1,0,1,0,1,0,1,0,1,0,1,0,0,1,1,1,0,0,0.16659607,False
92283,32.852947,-114.850784,2,69.8,146.65,1,0,0,0,1,0,0,1,0,0,0,0,0,0,0,0,0,0,0,0,0,0,0,1,0,1,0,0.77194166,True
92284,34.159534,-116.425984,23,77.15,1759.4,0,0,1,1,1,0,1,0,0,0,1,0,0,0,1,0,1,0,1,0,0,0,1,1,0,0,0,0.15991576,False
92285,34.341737,-116.539416,25,35.05,844.45,0,0,0,1,0,1,0,0,0,0,1,0,0,0,0,0,1,0,0,0,0,0,1,0,0,0,0,0.16994955,False
92301,34.667815,-117.536183,72,108.1,7774.05,0,1,0,0,1,0,1,1,0,0,0,0,1,0,1,0,1,0,1,0,1,0,1,1,0,0,0,0.2706508,False
92304,34.559882,-115.637164,2,84.05,134.05,0,0,1,0,1,0,1,1,0,0,0,0,0,0,0,0,0,0,1,0,0,0,0,1,0,1,0,0.77793235,True
92305,34.1678,-116.86433,8,20.2,140.95,0,0,0,0,1,0,0,0,1,1,0,1,0,1,0,1,0,1,0,1,0,1,0,1,0,0,0,0.2037022,False
92308,34.424926,-117.184503,35,49.2,1701.65,1,0,0,0,0,1,0,0,0,0,0,0,0,0,1,0,0,0,1,0,1,0,0,0,0,1,0,0.559391,False
92309,35.28952,-116.092214,24,24.6,592.65,1,0,0,0,1,0,1,0,1,1,0,1,0,1,0,1,0,1,0,1,0,1,0,0,0,1,0,0.2182763,False
92310,35.349241,-116.770281,2,71.65,135.75,0,0,1,1,1,0,0,1,0,0,0,0,0,0,0,0,0,0,0,0,0,0,0,1,0,1,0,0.6010426,False
92311,34.965648,-117.001509,72,104.9,7732.65,1,0,1,1,1,0,1,1,0,0,1,0,1,0,1,0,1,0,0,0,1,0,1,1,1,0,0,0.19837026,False
92313,34.029175,-117.307211,41,106.5,4282.4,0,0,0,0,1,0,1,1,0,0,1,0,1,0,1,0,1,0,1,0,0,0,0,1,0,1,0,0.58691865,False
92315,34.242058,-116.89802,26,75.5,2018.1,1,0,0,0,1,0,0,1,0,0,0,0,1,0,0,0,0,0,0,0,0,1,0,0,0,0,0,0.36727557,False
92321,34.255203,-117.175654,4,58.5,224.85,0,0,1,1,1,0,1,0,0,0,0,0,1,0,0,0,1,0,0,0,0,0,0,1,0,0,1,0.37273413,False
92324,34.030915,-117.273201,48,78.9,3771.5,1,0,0,0,1,0,0,0,0,0,0,0,1,0,1,0,1,0,1,0,1,0,1,0,1,0,0,0.1777698,False
92327,34.875144,-116.821698,12,79.2,943.85,0,1,1,0,1,0,0,0,0,0,1,0,0,0,1,0,1,0,1,0,1,1,0,1,0,1,0,0.46871388,False
92328,36.27688,-117.033326,60,109.45,6572.85,1,0,1,0,1,0,1,1,0,0,1,0,0,0,1,0,1,0,1,0,1,0,0,1,0,0,0,0.53152573,False
92332,34.9436,-115.287901,55,59.2,3175.85,1,0,0,0,1,0,0,0,0,0,1,0,0,0,1,0,1,0,0,0,0,0,1,1,0,1,0,0.21671377,False
92333,34.274846,-116.937581,1,29.15,29.15,1,0,0,0,0,1,0,0,0,0,0,0,0,0,0,0,1,0,0,0,0,0,0,0,0,0,1,0.6282888,False
92335,34.087558,-117.464096,1,20.05,20.05,1,0,0,0,1,0,0,0,1,1,0,1,0,1,0,1,0,1,0,1,0,0,0,0,0,0,1,0.5401581,False
92338,34.702766,-116.093376,42,66.5,2762.75,0,0,0,0,1,0,0,0,0,0,0,0,0,0,1,0,1,0,0,0,1,0,1,0,1,0,0,0.19649296,False
92339,34.067699,-116.903891,1,49.55,49.55,0,0,0,0,1,0,0,0,0,0,1,0,0,0,0,0,0,0,0,0,0,0,0,0,0,0,0,0.60063297,False
92342,34.757783,-117.33997,3,73.6,232.5,1,0,0,0,1,0,0,1,0,0,0,0,0,0,1,0,0,0,0,0,0,0,0,1,1,0,0,0.74760914,True
92345,34.361387,-117.337509,72,82.65,5919.35,0,0,1,0,1,0,1,0,0,0,1,0,1,0,1,0,0,0,1,0,1,0,1,1,1,0,0,0.1618856,False
92346,34.129677,-117.154277,15,49.0,749.25,1,0,0,0,1,0,1,0,0,0,0,0,0,0,0,0,0,0,0,0,0,0,0,1,0,1,0,0.648943,False
92352,34.2565,-117.19335,11,25.2,245.15,0,0,0,0,1,0,1,0,1,1,0,1,0,1,0,1,0,1,0,1,0,1,0,0,0,1,0,0.24368821,False
92354,34.049315,-117.255974,5,25.45,134.75,0,0,0,0,1,0,1,0,1,1,0,1,0,1,0,1,0,1,0,1,0,0,0,0,0,0,1,0.3762938,False
92358,34.238162,-117.534306,72,110.9,8240.85,1,0,1,0,1,0,1,1,0,0,1,0,0,0,1,0,1,0,1,0,1,0,1,1,1,0,0,0.22547898,False
92359,34.103578,-117.04054,55,77.75,4266.4,0,0,1,0,1,0,1,1,0,0,0,0,1,0,0,0,0,0,0,0,0,0,0,1,1,0,0,0.59282225,False
92363,34.711224,-114.702256,40,26.2,1077.5,0,0,1,1,1,0,1,0,1,1,0,1,0,1,0,1,0,1,0,1,0,0,0,1,0,1,0,0.2706641,False
92364,35.478736,-115.516984,57,19.9,1115.6,0,0,1,0,1,0,0,0,1,1,0,1,0,1,0,1,0,1,0,1,0,0,1,0,0,0,0,0.16659607,False
92372,34.459322,-117.629729,52,80.85,4079.55,1,1,1,1,1,0,1,0,0,0,0,0,1,0,1,0,0,0,1,0,1,1,0,1,0,1,0,0.20705341,False
92374,34.064073,-117.166158,43,56.35,2391.15,1,0,1,0,1,0,0,0,0,0,0,0,0,0,0,0,0,0,1,0,0,1,0,1,0,0,1,0.28927687,False
92376,34.109775,-117.378904,47,19.3,890.5,0,0,1,1,1,0,0,0,1,1,0,1,0,1,0,1,0,1,0,1,0,0,1,0,0,0,0,0.1309193,False
92377,34.156758,-117.404686,3,50.4,137.25,1,0,0,0,1,0,1,0,0,0,0,0,0,0,0,0,0,0,0,0,0,0,0,0,0,0,0,0.6710659,False
92384,35.924252,-116.188668,55,55.25,3119.9,1,0,1,1,1,0,0,0,0,0,0,0,0,0,1,0,1,0,0,0,0,0,1,1,1,0,0,0.17346063,False
92386,34.243088,-116.830015,29,19.1,529.5,1,0,0,0,1,0,0,0,1,1,0,1,0,1,0,1,0,1,0,1,0,1,0,0,0,0,1,0.18582813,False
92389,35.824572,-116.274755,12,84.05,966.55,0,0,0,1,1,0,1,1,0,0,0,0,0,0,0,0,0,0,1,0,0,0,0,1,0,1,0,0.555134,False
92392,34.486835,-117.362274,66,105.2,6936.85,0,0,1,0,1,0,1,1,0,0,0,0,1,0,1,0,0,0,1,0,1,0,0,1,0,1,0,0.65165615,False
92398,35.013299,-116.834092,27,75.75,1929.0,1,0,1,1,1,0,1,1,0,0,0,0,0,0,0,0,0,0,0,0,0,0,0,1,0,0,0,0.40868205,False
92399,34.04597,-117.011825,58,95.3,5817.7,0,0,0,0,1,0,0,1,0,0,0,0,0,0,0,0,1,0,1,0,1,0,0,1,0,1,0,0.5802257,False
92404,34.183286,-117.221722,9,19.85,178.8,1,0,0,0,1,0,0,0,1,1,0,1,0,1,0,1,0,1,0,1,0,0,0,0,0,0,1,0.29003525,False
92407,34.250069,-117.393949,6,69.1,435.0,1,0,0,0,1,0,0,1,0,0,0,0,0,0,0,0,0,0,0,0,0,0,0,1,0,1,0,0.79115033,True
92410,34.106922,-117.297553,9,20.25,186.15,0,0,0,0,1,0,0,0,1,1,0,1,0,1,0,1,0,1,0,1,0,0,0,0,0,0,1,0.30354014,False
92411,34.122501,-117.320138,8,54.75,445.85,1,0,1,0,1,0,0,0,0,0,0,0,1,0,1,0,0,0,0,0,0,0,0,1,0,0,1,0.4885577,False
92501,33.994676,-117.372498,12,81.45,912.0,1,0,0,0,1,0,0,1,0,0,0,0,0,0,0,0,0,0,1,0,0,0,0,1,0,1,0,0.8046936,True
92504,33.9108,-117.398153,43,80.2,3581.6,1,0,1,0,1,0,1,0,0,0,1,0,0,0,1,0,0,0,1,0,1,1,0,1,0,1,0,0.3209568,False
92505,33.920907,-117.489426,42,100.3,4222.95,1,0,0,0,1,0,1,1,0,0,0,0,0,0,0,0,1,0,1,0,1,0,0,1,0,1,0,0.74264085,True
92507,33.976328,-117.319786,66,90.95,5930.05,0,0,0,1,1,0,1,1,0,0,1,0,0,0,1,0,1,0,0,0,0,0,1,1,1,0,0,0.16141142,False
92509,34.004379,-117.447864,1,20.0,20.0,1,0,0,0,1,0,0,0,1,1,0,1,0,1,0,1,0,1,0,1,0,0,0,0,0,0,1,0.49449214,False
92530,33.655421,-117.391751,10,79.85,797.25,1,0,0,0,1,0,1,1,0,0,0,0,1,0,0,0,0,0,0,0,0,0,0,0,0,1,0,0.7639068,True
92536,33.482243,-116.827173,18,73.55,1359.45,0,1,0,0,1,0,0,1,0,0,0,0,1,0,0,0,0,0,0,0,0,0,0,1,0,1,0,0.6919614,False
92543,33.739415,-116.968339,3,19.3,54.7,0,0,1,1,1,0,0,0,1,1,0,1,0,1,0,1,0,1,0,1,0,0,0,0,0,0,1,0.33186316,False
92544,33.644585,-116.871544,50,20.15,989.05,1,0,0,0,1,0,0,0,1,1,0,1,0,1,0,1,0,1,0,1,0,1,0,0,1,0,0,0.1819803,False
92545,33.734933,-117.044145,1,44.55,44.55,1,0,1,1,1,0,0,0,0,0,0,0,0,0,0,0,0,0,0,0,0,0,0,0,0,1,0,0.5939482,False
92548,33.761894,-117.120868,2,54.45,87.3,1,0,0,0,1,0,0,0,0,0,1,0,0,0,0,0,1,0,0,0,0,0,0,1,0,0,1,0.5772547,False
92549,33.755039,-116.741796,17,19.65,351.55,1,0,0,0,1,0,0,0,1,1,0,1,0,1,0,1,0,1,0,1,0,1,0,1,0,0,0,0.21321413,False
92551,33.88274,-117.224878,69,105.0,7297.75,1,0,1,1,1,0,1,1,0,0,0,0,1,0,1,0,0,0,1,0,1,0,1,1,0,1,0,0.30173343,False
92553,33.923149,-117.244933,72,88.7,6301.7,1,0,1,0,1,0,1,0,0,0,1,0,1,0,1,0,1,0,1,0,1,0,1,1,1,0,0,0.15450087,False
92557,33.970661,-117.255039,50,75.15,3822.45,1,1,1,1,1,0,1,0,0,0,1,0,1,0,1,0,0,0,0,0,1,0,1,1,0,0,0,0.15612136,False
92561,33.638645,-116.55783,53,20.25,1048.45,0,0,0,0,1,0,0,0,1,1,0,1,0,1,0,1,0,1,0,1,0,0,1,0,0,0,1,0.15556149,False
92562,33.548869,-117.334165,58,109.1,6393.65,0,0,1,0,1,0,1,1,0,0,1,0,1,0,0,0,1,0,1,0,1,0,1,1,1,0,0,0.36014956,False
92563,33.581045,-117.14719,46,30.75,1489.3,1,0,0,0,0,1,0,0,0,0,1,0,0,0,0,0,0,0,0,0,0,1,0,1,0,0,0,0.24698764,False
92567,33.82769,-117.102244,72,112.9,8061.5,1,1,1,0,1,0,1,1,0,0,1,0,1,0,1,0,1,0,1,0,1,0,0,1,1,0,0,0.36915377,False
92571,33.828289,-117.201666,6,94.05,518.75,0,0,1,1,1,0,1,1,0,0,0,0,1,0,1,0,0,0,1,0,0,0,0,1,0,0,1,0.58775866,False
92582,33.806708,-117.02007,72,78.85,5763.15,1,0,1,0,1,0,1,0,0,0,1,0,1,0,1,0,1,0,0,0,1,0,1,0,0,0,0,0.15450087,False
92583,33.796568,-116.924723,4,55.3,238.5,1,0,0,0,1,0,0,0,0,0,0,0,0,0,0,0,0,0,0,0,1,0,0,1,0,0,1,0.6382902,False
92584,33.653338,-117.178271,52,19.35,1031.7,0,0,1,1,1,0,0,0,1,1,0,1,0,1,0,1,0,1,0,1,0,0,1,0,0,0,1,0.13386415,False
92585,33.739412,-117.173334,0,25.35,1397.475,1,0,1,1,1,0,1,0,1,1,0,1,0,1,0,1,0,1,0,1,0,0,1,0,0,0,1,0.17593272,False
92586,33.707483,-117.200006,2,20.45,34.8,0,0,0,0,1,0,0,0,1,1,0,1,0,1,0,1,0,1,0,1,0,1,0,0,0,0,1,0.2384269,False
92587,33.69887,-117.25071,65,19.35,1319.95,0,0,1,0,1,0,0,0,1,1,0,1,0,1,0,1,0,1,0,1,0,0,1,0,0,0,0,0.15146886,False
92595,33.617108,-117.253349,51,78.65,3950.85,0,0,1,0,1,0,1,0,0,0,0,0,1,0,0,0,1,0,1,0,1,1,0,1,1,0,0,0.27840388,False
92596,33.657433,-117.04254,12,74.75,827.05,1,0,0,0,1,0,1,0,0,0,0,0,0,0,1,0,0,0,1,0,1,0,0,0,0,0,0,0.55111843,False
92604,33.688546,-117.788091,24,19.9,533.5,0,0,1,1,1,0,0,0,1,1,0,1,0,1,0,1,0,1,0,1,0,1,0,0,0,0,1,0.15859027,False
92606,33.703976,-117.824172,64,58.35,3756.45,0,0,1,0,1,0,1,0,0,0,0,0,0,0,1,0,1,0,0,0,0,1,0,0,0,0,0,0.2059618,False
92612,33.643095,-117.810896,26,100.5,2599.95,0,0,0,0,1,0,1,1,0,0,0,0,0,0,1,0,0,0,1,0,1,0,0,1,0,0,0,0.72415894,True
92614,33.680302,-117.833296,15,20.05,284.3,0,0,1,1,1,0,0,0,1,1,0,1,0,1,0,1,0,1,0,1,0,0,0,0,0,0,1,0.27028772,False
92618,33.667145,-117.732135,64,25.65,1740.8,1,1,1,0,1,0,1,0,1,1,0,1,0,1,0,1,0,1,0,1,0,0,1,0,1,0,0,0.15641865,False
92624,33.458754,-117.665104,27,95.0,2462.55,0,0,1,0,1,0,1,1,0,0,0,0,0,0,0,0,0,0,1,0,1,0,0,0,1,0,0,0.6795064,False
92629,33.477923,-117.705314,8,45.45,411.75,0,0,1,1,1,0,0,0,0,0,0,0,0,0,0,0,0,0,0,0,0,0,0,1,0,1,0,0.45278567,False
92630,33.644849,-117.684254,10,20.0,198.6,1,0,0,0,1,0,0,0,1,1,0,1,0,1,0,1,0,1,0,1,0,0,0,1,1,0,0,0.3531435,False
92646,33.666301,-117.969501,2,49.2,103.7,0,0,0,0,1,0,0,0,0,0,0,0,1,0,0,0,0,0,0,0,0,0,0,0,0,0,1,0.64391416,False
92648,33.679659,-118.016195,51,83.25,4089.45,1,0,1,0,1,0,0,0,0,0,1,0,1,0,1,0,1,0,1,0,1,0,1,1,1,0,0,0.16231135,False
92649,33.721917,-118.043237,46,19.25,864.2,0,0,1,1,1,0,0,0,1,1,0,1,0,1,0,1,0,1,0,1,0,0,1,1,0,0,1,0.13386415,False
92651,33.570023,-117.773669,1,19.65,19.65,1,0,0,0,1,0,0,0,1,1,0,1,0,1,0,1,0,1,0,1,0,0,0,1,0,0,0,0.40455484,False
92653,33.606899,-117.717854,46,72.8,3249.4,1,0,0,0,1,0,1,1,0,0,0,0,0,0,0,0,0,0,0,0,0,0,0,0,0,0,0,0.55089825,False
92655,33.744439,-117.98588,50,109.65,5405.8,0,0,1,0,1,0,1,1,0,0,1,0,1,0,0,0,1,0,1,0,1,0,0,1,0,0,0,0.5121189,False
92656,33.571259,-117.731917,53,65.0,3363.8,1,0,1,1,1,0,0,0,0,0,0,0,1,0,0,0,1,0,1,0,0,0,0,0,1,0,0,0.2245483,False
92657,33.603282,-117.821841,61,114.1,7132.15,1,0,1,0,1,0,1,1,0,0,0,0,1,0,1,0,1,0,1,0,1,0,0,1,0,1,0,0.61820287,False
92660,33.634626,-117.874882,5,20.65,93.55,1,0,0,0,1,0,0,0,1,1,0,1,0,1,0,1,0,1,0,1,0,0,0,0,0,0,0,0.33223832,False
92661,33.601309,-117.902304,47,86.95,4138.9,1,0,0,0,1,0,0,0,0,0,1,0,1,0,1,0,1,0,1,0,1,1,0,1,0,0,0,0.2622406,False
92662,33.606336,-117.893042,54,94.75,5121.75,0,0,0,0,1,0,1,1,0,0,0,0,1,0,1,0,0,0,1,0,0,1,0,1,0,0,0,0.3545749,False
92663,33.62251,-117.927024,19,25.35,566.1,1,0,0,1,0,1,0,0,0,0,0,0,0,0,0,0,0,0,0,0,0,0,0,1,1,0,0,0.3834416,False
92672,33.429488,-117.609432,26,105.45,2715.3,0,0,0,1,1,0,0,1,0,0,0,0,1,0,1,0,1,0,1,0,1,0,1,1,0,1,0,0.35870275,False
92673,33.4725,-117.584273,70,25.4,1782.05,1,0,1,1,1,0,1,0,1,1,0,1,0,1,0,1,0,1,0,1,0,0,1,0,0,0,1,0.13386415,False
92675,33.521447,-117.602555,17,102.55,1742.5,1,0,1,0,1,0,1,1,0,0,0,0,1,0,1,0,0,0,1,0,1,0,0,1,0,1,0,0.77114207,True
92677,33.529047,-117.701175,1,24.0,24.0,0,0,0,1,1,0,1,0,1,1,0,1,0,1,0,1,0,1,0,1,0,0,0,0,0,0,1,0.4137682,False
92679,33.631119,-117.567346,19,25.6,485.9,0,0,1,1,1,0,1,0,1,1,0,1,0,1,0,1,0,1,0,1,0,0,1,0,0,0,1,0.15181448,False
92683,33.752591,-117.993661,26,73.5,1905.7,0,0,1,0,1,0,0,0,0,0,0,0,1,0,1,0,0,0,1,0,1,0,1,1,1,0,0,0.20602201,False
92691,33.611945,-117.665867,50,98.25,4858.7,1,0,1,0,1,0,1,1,0,0,0,0,1,0,0,0,0,0,1,0,1,1,0,1,0,1,0,0.5707852,False
92692,33.60693,-117.644253,68,54.4,3723.65,0,0,1,0,0,1,0,0,0,0,1,0,0,0,1,0,0,0,1,0,1,1,0,1,0,1,0,0.37712103,False
92701,33.748478,-117.858918,9,103.1,970.45,1,0,1,1,1,0,0,1,0,0,0,0,0,0,1,0,1,0,1,0,1,0,0,0,0,1,0,0.52694064,False
92703,33.748635,-117.906125,51,34.2,1782.0,0,0,1,1,0,1,0,0,0,0,1,0,0,0,0,0,1,0,0,0,0,0,1,0,0,0,0,0.14450255,False
92704,33.719869,-117.907063,9,43.75,405.7,0,0,0,0,1,0,0,0,0,0,0,0,0,0,0,0,0,0,0,0,0,0,0,1,0,1,0,0.64495933,False
92706,33.765893,-117.881533,22,100.65,2415.95,1,0,0,0,1,0,1,1,0,0,0,0,1,0,0,0,0,0,1,0,1,0,0,1,0,1,0,0.7773437,True
92708,33.712036,-117.950113,71,116.05,8297.5,1,0,1,1,1,0,1,1,0,0,1,0,1,0,1,0,1,0,1,0,1,0,1,1,0,0,0,0.15654436,False
92782,33.738543,-117.785046,26,82.0,2083.1,1,0,1,1,1,0,1,0,0,0,0,0,0,0,1,0,1,0,1,0,1,1,0,1,1,0,0,0.21519144,False
92801,33.844983,-117.952151,71,65.15,4681.75,1,0,1,0,1,0,1,0,0,0,1,0,1,0,0,0,1,0,0,0,0,0,1,0,0,0,0,0.14382868,False
92802,33.807864,-117.923782,4,44.8,176.2,1,0,0,0,1,0,0,0,0,0,0,0,0,0,0,0,0,0,0,0,0,0,0,1,1,0,0,0.65826285,False
92804,33.818,-117.974404,12,79.8,1001.2,0,0,0,0,1,0,1,1,0,0,1,0,0,0,0,0,0,0,0,0,0,0,0,1,0,1,0,0.71355367,True
92805,33.830209,-117.906099,18,88.85,1594.75,0,0,1,0,1,0,1,1,0,0,0,0,0,0,0,0,1,0,1,0,0,0,0,1,0,1,0,0.75276244,True
92806,33.83796,-117.870494,3,74.95,212.4,0,0,0,0,1,0,1,1,0,0,0,0,0,0,0,0,0,0,0,0,0,0,0,1,0,1,0,0.80793536,True
92807,33.848733,-117.788357,72,106.85,7677.4,0,1,1,0,1,0,1,1,0,0,1,0,1,0,0,0,0,0,1,0,1,1,0,1,0,0,0,0.30463886,False
92823,33.924143,-117.79387,13,19.3,259.65,1,0,0,0,1,0,0,0,1,1,0,1,0,1,0,1,0,1,0,1,0,1,0,0,1,0,0,0.20954213,False
92832,33.868316,-117.929029,42,56.1,2386.85,1,0,1,0,1,0,1,0,0,0,1,0,0,0,0,0,0,0,0,0,0,1,0,0,1,0,0,0.23381568,False
92833,33.877639,-117.961212,17,19.7,340.35,0,0,0,0,1,0,0,0,1,1,0,1,0,1,0,1,0,1,0,1,0,0,0,0,1,0,0,0.27635255,False
92835,33.902211,-117.914922,7,51.3,419.35,0,1,0,0,1,0,0,0,0,0,0,0,1,0,0,0,0,0,0,0,0,0,0,1,0,0,1,0.5087044,False
92840,33.787165,-117.931889,68,118.6,7990.05,0,0,1,0,1,0,1,1,0,0,1,0,1,0,1,0,1,0,1,0,1,0,1,0,0,0,1,0.21664323,False
92841,33.786738,-117.982564,56,24.15,1402.25,1,0,1,1,1,0,1,0,1,1,0,1,0,1,0,1,0,1,0,1,0,0,1,0,0,0,0,0.1309193,False
92843,33.764018,-117.931507,38,20.3,749.35,0,0,1,1,1,0,0,0,1,1,0,1,0,1,0,1,0,1,0,1,0,1,0,0,0,0,1,0.15859027,False
92844,33.766476,-117.969795,72,115.5,8425.15,0,0,1,1,1,0,1,1,0,0,1,0,1,0,1,0,1,0,1,0,1,0,1,1,0,1,0,0.17613895,False
92845,33.782955,-118.026456,48,25.05,1171.5,0,0,0,0,1,0,1,0,1,1,0,1,0,1,0,1,0,1,0,1,0,1,0,0,1,0,0,0.1819803,False
92860,33.925833,-117.559639,52,109.1,5647.95,0,1,1,0,1,0,1,1,0,0,1,0,1,0,1,0,0,0,1,0,1,0,0,1,0,1,0,0.63728684,False
92861,33.817473,-117.810462,35,19.65,708.8,0,0,1,1,1,0,0,0,1,1,0,1,0,1,0,1,0,1,0,1,0,1,0,0,0,0,1,0.15859027,False
92865,33.828779,-117.848299,67,111.3,7567.2,1,0,1,0,1,0,1,1,0,0,0,0,1,0,1,0,1,0,1,0,1,0,1,1,0,0,0,0.30937544,False
92866,33.784597,-117.844535,1,29.9,29.9,0,0,0,0,0,1,0,0,0,0,1,0,0,0,0,0,0,0,0,0,0,0,0,0,0,0,1,0.55092996,False
92867,33.81859,-117.821288,53,80.6,4348.1,1,0,0,0,1,0,0,1,0,0,0,0,1,0,0,0,1,0,0,0,0,0,0,1,0,0,1,0.50584143,False
92868,33.787796,-117.875928,34,20.8,635.9,1,0,1,1,1,0,0,0,1,1,0,1,0,1,0,1,0,1,0,1,0,0,0,0,0,0,1,0.22060157,False
92879,33.893823,-117.531446,19,89.95,1682.4,1,0,0,0,1,0,0,1,0,0,0,0,0,0,1,0,1,0,1,0,0,0,0,0,0,0,1,0.57237303,False
92880,33.918043,-117.617809,60,116.05,6925.9,0,1,1,0,1,0,1,1,0,0,1,0,1,0,1,0,1,0,1,0,1,0,1,1,0,0,0,0.26502496,False
92881,33.833686,-117.513063,11,19.55,223.15,1,0,0,0,1,0,0,0,1,1,0,1,0,1,0,1,0,1,0,1,0,0,1,0,1,0,0,0.20456475,False
92886,33.897253,-117.792202,60,115.25,6758.45,0,0,1,1,1,0,1,1,0,0,1,0,1,0,1,0,1,0,1,0,1,0,1,0,1,0,0,0.20011213,False
92887,33.884073,-117.732197,72,24.8,1874.3,1,0,1,0,1,0,1,0,1,1,0,1,0,1,0,1,0,1,0,1,0,0,1,0,1,0,0,0.14561512,False
93001,34.360261,-119.306383,39,19.9,791.15,1,0,0,0,1,0,0,0,1,1,0,1,0,1,0,1,0,1,0,1,0,1,0,0,0,0,1,0.18582813,False
93003,34.279221,-119.221437,59,81.25,4639.45,0,0,1,0,1,0,0,1,0,0,1,0,0,0,1,0,0,0,0,0,0,1,0,1,1,0,0,0.293359,False
93004,34.278697,-119.167798,2,69.95,143.9,1,0,1,1,1,0,0,1,0,0,0,0,0,0,0,0,0,0,0,0,0,0,0,0,0,0,1,0.5939334,False
93015,34.408161,-118.865111,71,86.4,6172.0,1,0,0,0,1,0,1,1,0,0,0,0,0,0,1,0,1,0,0,0,0,0,1,1,1,0,0,0.21560466,False
93021,34.312945,-118.858169,24,66.3,1559.45,0,0,1,0,1,0,1,0,0,0,1,0,1,0,1,0,0,0,0,0,0,0,0,0,0,0,1,0.29322818,False
93022,34.404544,-119.302118,67,94.65,6079.0,1,1,1,0,1,0,1,1,0,0,0,0,0,0,0,0,0,0,1,0,1,0,0,1,1,0,0,0.55891407,False
93033,34.156629,-119.117218,37,72.1,2658.4,0,0,1,0,1,0,1,0,0,0,0,0,1,0,0,0,1,0,0,0,1,1,0,0,0,0,1,0.29622337,False
93035,34.18454,-119.224666,11,34.7,383.55,1,0,0,0,0,1,0,0,0,0,0,0,1,0,1,0,0,0,0,0,0,0,0,0,0,0,1,0.49174345,False
93041,34.110124,-119.100972,18,95.95,1745.5,0,0,1,0,1,0,0,1,0,0,0,0,0,0,1,0,0,0,1,0,1,0,0,1,1,0,0,0.68978924,False
93060,34.402343,-119.094824,50,44.8,2230.85,1,0,1,1,1,0,0,0,0,0,0,0,0,0,0,0,0,0,0,0,0,1,0,1,0,0,0,0.20415635,False
93063,34.296813,-118.685703,67,109.4,7281.6,0,0,1,1,1,0,1,1,0,0,1,0,0,0,1,0,1,0,1,0,1,1,0,1,0,1,0,0.3098908,False
93065,34.269449,-118.768471,25,71.05,1837.7,0,0,1,0,1,0,0,0,0,0,1,0,1,0,0,0,1,0,0,0,1,0,0,1,0,0,1,0.29345396,False
93067,34.420998,-119.60137,9,19.7,180.7,1,0,0,0,1,0,0,0,1,1,0,1,0,1,0,1,0,1,0,1,0,0,0,0,1,0,0,0.2867736,False
93101,34.419203,-119.710008,10,40.25,411.45,0,0,0,1,0,1,0,0,0,0,1,0,1,0,0,0,1,0,0,0,0,1,0,0,0,0,1,0.23727287,False
93103,34.438581,-119.685368,70,19.85,1328.35,0,0,1,0,1,0,0,0,1,1,0,1,0,1,0,1,0,1,0,1,0,0,1,0,1,0,0,0.15146886,False
93105,34.037342,-119.80079,9,68.25,576.95,1,0,0,0,1,0,0,0,0,0,1,0,0,0,1,0,1,0,0,0,1,0,0,1,0,0,0,0.4458314,False
93108,34.457541,-119.631072,4,20.15,68.45,0,0,0,0,1,0,0,0,1,1,0,1,0,1,0,1,0,1,0,1,0,0,0,1,1,0,0,0.3209787,False
93109,34.406256,-119.726936,2,50.95,123.05,0,0,0,0,1,0,0,0,0,0,1,0,0,0,0,0,0,0,0,0,0,0,0,0,0,0,1,0.5662007,False
93111,34.460197,-119.802602,19,25.15,468.35,1,0,0,0,0,1,0,0,0,0,0,0,0,0,0,0,0,0,0,0,0,0,0,1,0,0,0,0.49625847,False
93117,34.489983,-120.091246,7,20.25,174.7,1,0,1,1,1,0,0,0,1,1,0,1,0,1,0,1,0,1,0,1,0,0,0,1,0,0,0,0.2502215,False
93202,36.315979,-119.710852,1,44.0,44.0,1,1,0,0,1,0,0,0,0,0,0,0,0,0,0,0,0,0,0,0,0,0,0,0,0,1,0,0.7409358,True
93203,35.116307,-118.817644,9,20.25,172.35,0,0,1,1,1,0,0,0,1,1,0,1,0,1,0,1,0,1,0,1,0,1,0,0,0,0,1,0.18220335,False
93206,35.451402,-119.488413,5,55.8,300.4,0,0,0,0,1,0,0,0,0,0,1,0,0,0,1,0,0,0,0,0,0,0,0,0,1,0,0,0.45431915,False
93207,35.865795,-118.69759,56,88.9,4968.0,0,0,1,1,1,0,0,1,0,0,0,0,0,0,0,0,0,0,1,0,1,1,0,0,0,0,0,0.270501,False
93208,36.057458,-118.591951,18,57.65,992.7,0,0,0,1,1,0,1,0,0,0,1,0,0,0,0,0,0,0,0,0,0,0,0,0,0,0,1,0.31234863,False
93212,36.04533,-119.532424,70,79.15,5536.5,1,0,1,0,1,0,1,0,0,0,1,0,1,0,1,0,1,0,1,0,0,0,1,0,0,0,1,0.154248,False
93215,35.772244,-119.209689,72,108.05,7806.6,0,0,0,0,1,0,1,1,0,0,0,0,1,0,1,0,1,0,1,0,1,0,1,1,1,0,0,0.2706508,False
93219,35.858054,-119.305858,17,94.8,1563.9,1,1,1,0,1,0,1,1,0,0,0,0,0,0,0,0,0,0,1,0,1,0,0,1,0,1,0,0.77623177,True
93221,36.301689,-119.018233,29,45.9,1332.4,1,0,1,0,0,1,0,0,0,0,0,0,0,0,0,0,0,0,1,0,1,0,0,1,0,1,0,0.57551867,False
93223,36.29878,-119.201028,63,102.6,6296.75,1,0,1,0,1,0,1,1,0,0,0,0,0,0,1,0,0,0,1,0,1,0,1,0,0,1,0,0.3813634,False
93225,34.827662,-118.999073,59,61.35,3645.5,1,0,0,0,1,0,0,0,0,0,0,0,0,0,1,0,0,0,0,0,1,1,0,1,0,0,0,0.3174885,False
93226,35.735694,-118.738483,3,57.55,161.45,0,0,0,0,1,0,0,0,0,0,0,0,0,0,1,0,0,0,1,0,0,0,0,0,0,1,0,0.6235703,False
93230,36.29223,-119.622676,8,29.25,226.95,0,0,0,0,0,1,0,0,0,0,0,0,1,0,0,0,0,0,0,0,0,0,0,1,0,0,1,0.60640264,False
93235,36.385818,-119.224243,68,19.6,1441.65,0,0,0,0,1,0,0,0,1,1,0,1,0,1,0,1,0,1,0,1,0,0,1,0,1,0,0,0.15146886,False
93238,35.852892,-118.397782,68,111.75,7511.3,0,0,1,1,1,0,1,1,0,0,1,0,0,0,1,0,1,0,1,0,1,0,1,0,1,0,0,0.19361266,False
93239,35.996923,-120.000951,52,106.5,5621.85,0,1,1,0,1,0,1,1,0,0,0,0,1,0,1,0,0,0,1,0,1,1,0,1,0,1,0,0.66001976,False
93240,35.607875,-118.466318,72,107.7,7919.8,1,0,1,1,1,0,1,1,0,0,1,0,1,0,0,0,1,0,1,0,1,0,1,1,1,0,0,0.1935757,False
93241,35.245035,-118.905553,32,19.3,593.2,0,0,1,0,1,0,0,0,1,1,0,1,0,1,0,1,0,1,0,1,0,1,0,0,0,0,1,0.18582813,False
93242,36.444232,-119.718285,72,20.05,1423.65,0,0,1,0,1,0,0,0,1,1,0,1,0,1,0,1,0,1,0,1,0,0,1,0,0,0,0,0.14561512,False
93243,34.845861,-118.885163,1,69.95,69.95,1,0,1,1,1,0,0,1,0,0,0,0,0,0,0,0,0,0,0,0,0,0,0,1,1,0,0,0.6470072,False
93244,36.462671,-118.997291,42,63.7,2763.35,1,0,1,1,1,0,0,0,0,0,1,0,0,0,0,0,1,0,0,0,1,1,0,0,1,0,0,0.2060752,False
93247,36.205465,-119.085807,45,50.9,2298.55,1,0,0,0,1,0,0,0,0,0,1,0,0,0,0,0,0,0,0,0,0,0,0,1,0,0,0,0.3537397,False
93249,35.637715,-119.893068,43,60.4,2640.55,0,0,1,1,0,1,0,0,0,0,1,0,0,0,1,0,1,0,1,0,1,1,0,1,1,0,0,0.19874874,False
93250,35.666886,-119.186717,37,79.25,2911.8,1,0,1,0,1,0,1,0,0,0,1,0,0,0,1,0,0,0,1,0,1,1,0,0,0,0,1,0.3593028,False
93254,34.956577,-119.750142,63,110.1,6705.7,1,0,1,0,1,0,0,1,0,0,1,0,1,0,1,0,1,0,1,0,1,0,1,1,1,0,0,0.2738126,False
93255,35.676978,-118.101378,3,90.7,237.65,1,0,0,0,1,0,0,1,0,0,0,0,0,0,0,0,0,0,1,0,1,0,0,0,0,0,1,0.77268595,True
93256,35.957019,-119.330928,66,25.3,1672.35,1,0,1,1,1,0,1,0,1,1,0,1,0,1,0,1,0,1,0,1,0,0,1,1,1,0,0,0.1309193,False
93260,35.861928,-118.636698,8,85.2,695.75,0,1,0,0,1,0,1,1,0,0,0,0,0,0,0,0,0,0,0,0,1,0,0,0,0,1,0,0.803784,True
93261,35.809921,-119.127437,71,24.35,1654.6,1,0,0,1,1,0,1,0,1,1,0,1,0,1,0,1,0,1,0,1,0,0,1,0,0,0,1,0.13270007,False
93263,35.490705,-119.286833,72,25.1,1857.85,0,0,1,1,1,0,1,0,1,1,0,1,0,1,0,1,0,1,0,1,0,0,1,0,0,0,0,0.1309193,False
93265,36.245926,-118.693138,16,54.55,825.1,1,1,1,0,1,0,0,0,0,0,1,0,1,0,0,0,0,0,0,0,0,0,0,1,0,0,0,0.47844157,False
93266,36.175255,-119.813805,66,96.6,6424.25,1,0,1,0,1,0,1,1,0,0,1,0,1,0,1,0,1,0,0,0,0,0,1,0,0,0,1,0.18848573,False
93268,35.184837,-119.402525,51,81.15,4126.2,1,0,0,0,1,0,1,0,0,0,1,0,1,0,1,0,1,0,1,0,0,1,0,1,1,0,0,0.24266231,False
93270,35.939068,-119.043666,8,38.5,330.8,0,0,0,1,0,1,0,0,0,0,1,0,0,0,0,0,0,0,0,0,1,0,0,1,0,1,0,0.41811877,False
93271,36.413433,-118.854708,14,92.9,1337.45,1,0,0,0,1,0,0,1,0,0,0,0,0,0,0,0,0,0,1,0,1,0,0,1,0,1,0,0.78264135,True
93274,36.185471,-119.375243,70,84.7,5991.05,0,0,0,0,1,0,1,0,0,0,1,0,1,0,1,0,0,0,1,0,1,0,1,0,0,0,1,0.16854809,False
93276,35.316263,-119.402559,70,66.0,4891.5,0,0,0,1,1,0,1,0,0,0,1,0,1,0,0,0,1,0,0,0,0,0,1,0,0,1,0,0.16135524,False
93283,35.55647,-118.244914,24,20.75,487.05,1,0,0,0,1,0,0,0,1,1,0,1,0,1,0,1,0,1,0,1,0,0,1,0,0,0,1,0.15556149,False
93285,35.690535,-118.552784,69,61.45,4131.2,0,0,1,0,1,0,0,0,0,0,0,0,1,0,0,0,0,0,0,0,1,0,1,1,1,0,0,0.19567032,False
93286,36.464635,-119.094348,42,54.5,2301.15,1,0,1,1,1,0,0,0,0,0,1,0,1,0,0,0,0,0,0,0,0,0,0,0,0,0,1,0.24930987,False
93291,36.391777,-119.372842,39,99.75,4036.0,0,1,0,0,1,0,1,1,0,0,0,0,0,0,1,0,0,0,1,0,1,0,0,1,0,1,0,0.7530255,True
93292,36.37559,-119.211689,45,109.75,4900.65,1,0,1,1,1,0,1,1,0,0,0,0,1,0,1,0,1,0,1,0,1,0,1,1,0,0,0,0.2994445,False
93301,35.383937,-119.020428,72,80.85,5727.45,1,0,1,1,1,0,1,0,0,0,1,0,1,0,1,0,1,0,1,0,0,0,1,1,0,0,0,0.12877473,False
93304,35.339796,-119.023552,38,20.3,743.05,0,0,0,0,1,0,0,0,1,1,0,1,0,1,0,1,0,1,0,1,0,0,1,0,0,0,1,0.15556149,False
93305,35.391733,-118.984109,72,67.8,4804.65,1,0,1,0,1,0,1,0,0,0,1,0,1,0,1,0,1,0,0,0,0,0,1,1,0,0,0,0.14382868,False
93307,35.280113,-118.962329,72,19.8,1414.65,1,0,1,1,1,0,0,0,1,1,0,1,0,1,0,1,0,1,0,1,0,0,1,1,1,0,0,0.1309193,False
93308,35.559617,-118.925185,55,25.7,1443.65,1,0,1,0,1,0,1,0,1,1,0,1,0,1,0,1,0,1,0,1,0,0,1,0,0,0,0,0.15146886,False
93309,35.342891,-119.064803,51,56.15,2898.95,0,0,1,1,0,1,0,0,0,0,0,0,0,0,1,0,1,0,1,0,1,1,0,1,0,1,0,0.29853126,False
93311,35.16207,-119.194488,63,86.7,5309.5,1,0,0,0,1,0,0,0,0,0,1,0,1,0,1,0,1,0,1,0,1,0,1,1,0,0,0,0.1611114,False
93312,35.392599,-119.245341,1,20.4,20.4,0,0,0,0,1,0,0,0,1,1,0,1,0,1,0,1,0,1,0,1,0,0,0,0,0,0,1,0.5336909,False
93313,35.140938,-119.051348,23,19.65,451.55,0,0,1,1,1,0,0,0,1,1,0,1,0,1,0,1,0,1,0,1,0,0,1,1,0,0,1,0.13386415,False
93402,35.279984,-120.824288,2,54.35,117.05,0,0,0,0,1,0,1,0,0,0,0,0,0,0,0,0,1,0,0,0,0,0,0,1,0,0,1,0.6435237,False
93405,35.236549,-120.727344,52,108.1,5839.3,0,1,0,0,1,0,1,1,0,0,1,0,1,0,1,0,0,0,1,0,1,0,0,0,1,0,0,0.5488469,False
93420,35.176236,-120.483243,36,54.45,1893.5,0,0,0,0,1,0,1,0,0,0,1,0,0,0,0,0,0,0,0,0,0,1,0,0,0,0,1,0.20529464,False
93422,35.453912,-120.69461,1,45.35,45.35,0,0,0,0,1,0,0,0,0,0,0,0,0,0,0,0,0,0,0,0,0,0,0,0,0,0,1,0.70083046,True
93424,35.186644,-120.728305,28,59.0,1654.45,0,0,0,0,1,0,1,0,0,0,1,0,0,0,1,0,0,0,0,0,0,1,0,0,0,0,1,0.20529464,False
93426,35.842889,-121.004862,7,69.45,477.05,0,0,1,1,1,0,0,0,0,0,1,0,1,0,1,0,0,0,1,0,0,1,0,0,0,1,0,0.2800474,False
93428,35.591387,-121.032256,72,64.95,4546.0,1,1,1,0,0,1,0,0,0,0,1,0,1,0,1,0,1,0,1,0,1,0,1,1,1,0,0,0.15349141,False
93430,35.511833,-120.918713,10,18.85,163.2,0,0,0,0,1,0,0,0,1,1,0,1,0,1,0,1,0,1,0,1,0,0,0,0,0,0,1,0.29003525,False
93432,35.480896,-120.469476,42,19.8,849.9,1,0,0,0,1,0,0,0,1,1,0,1,0,1,0,1,0,1,0,1,0,1,0,0,0,0,0,0.1819803,False
93433,35.120833,-120.61843,7,25.05,189.95,0,0,0,0,0,1,0,0,0,0,0,0,0,0,0,0,0,0,0,0,0,0,0,0,0,0,0,0.54704124,False
93436,34.601055,-120.382917,72,114.3,8058.55,1,0,1,1,1,0,1,1,0,0,1,0,1,0,1,0,1,0,1,0,1,0,1,1,1,0,0,0.15654436,False
93440,34.758699,-120.275839,63,109.2,7049.75,1,0,0,0,1,0,0,1,0,0,1,0,1,0,1,0,1,0,1,0,1,0,1,0,1,0,0,0.33929107,False
93441,34.70434,-120.02609,56,45.05,2560.1,0,0,0,0,0,1,0,0,0,0,1,0,1,0,1,0,1,0,0,0,0,0,1,0,0,0,0,0.1864489,False
93442,35.369553,-120.763864,5,51.0,286.8,0,0,0,1,1,0,0,0,0,0,0,0,0,0,0,0,1,0,0,0,0,0,0,1,0,0,1,0.37113982,False
93444,35.050345,-120.489599,72,110.45,7982.5,0,0,1,0,1,0,1,1,0,0,0,0,1,0,1,0,1,0,1,0,1,0,1,1,0,0,0,0.21412593,False
93445,35.059695,-120.604741,68,84.65,5683.6,1,1,1,1,1,0,1,1,0,0,0,0,1,0,1,0,0,0,0,0,0,0,0,1,0,1,0,0.32690147,False
93446,35.634222,-120.728341,67,60.05,3994.05,1,0,1,1,1,0,0,0,0,0,1,0,1,0,0,0,1,0,0,0,0,1,0,0,0,0,1,0.16674098,False
93449,35.165668,-120.655842,8,44.65,369.15,1,0,1,1,1,0,0,0,0,0,0,0,0,0,0,0,0,0,0,0,0,0,0,0,0,0,0,0.3215607,False
93450,35.996008,-120.85305,52,93.25,4631.7,1,0,1,1,1,0,1,1,0,0,0,0,1,0,0,0,1,0,0,0,1,0,0,1,0,0,0,0.30334198,False
93451,35.886767,-120.608661,18,20.25,401.95,0,0,1,1,1,0,0,0,1,1,0,1,0,1,0,1,0,1,0,1,0,0,0,1,0,0,1,0.21545766,False
93452,35.746484,-121.223355,59,25.45,1534.05,0,0,1,1,1,0,1,0,1,1,0,1,0,1,0,1,0,1,0,1,0,0,1,0,0,0,1,0.13386415,False
93453,35.303926,-120.256567,60,20.6,1093.0,0,0,0,0,1,0,0,0,1,1,0,1,0,1,0,1,0,1,0,1,0,0,1,0,0,0,1,0.15556149,False
93454,34.943523,-120.256729,7,94.1,701.3,1,0,0,0,1,0,1,1,0,0,0,0,0,0,0,0,0,0,1,0,1,0,0,1,0,1,0,0.83250827,True
93455,34.818227,-120.418784,59,34.8,1980.3,1,0,1,1,0,1,0,0,0,0,1,0,0,0,1,0,0,0,0,0,0,1,0,0,0,0,1,0.18434586,False
93458,34.95934,-120.490081,46,60.75,2893.4,1,0,0,0,0,1,0,0,0,0,1,0,0,0,1,0,1,0,1,0,1,0,1,1,0,0,0,0.19110292,False
93460,34.630356,-120.032564,5,51.35,262.3,1,0,0,0,1,0,0,0,0,0,0,0,1,0,0,0,0,0,0,0,0,0,0,1,0,1,0,0.6614606,False
93461,35.634488,-120.293534,59,64.05,3886.85,1,1,1,0,0,1,0,0,0,0,1,0,0,0,1,0,1,0,1,0,1,0,1,1,1,0,0,0.1637214,False
93463,34.624399,-120.137875,70,84.8,5917.55,0,0,1,0,1,0,1,0,0,0,0,0,1,0,1,0,1,0,1,0,1,0,1,1,0,0,0,0.1619557,False
93501,35.097323,-118.171288,44,50.15,2139.1,0,0,0,0,1,0,1,0,0,0,0,0,0,0,0,0,0,0,0,0,0,0,0,1,0,0,1,0.41810635,False
93505,35.151491,-117.927597,64,94.6,5948.7,0,0,1,0,1,0,1,1,0,0,1,0,0,0,1,0,0,0,1,0,0,0,1,1,1,0,0,0.2547724,False
93510,34.501452,-118.207862,58,59.75,3624.35,0,0,1,1,0,1,0,0,0,0,1,0,0,0,1,0,1,0,1,0,1,0,1,0,0,0,1,0.13442716,False
93512,37.653947,-118.231443,46,100.25,4753.85,0,1,1,0,1,0,1,1,0,0,0,0,0,0,0,0,1,0,1,0,1,1,0,0,0,1,0,0.599895,False
93513,37.245505,-118.062943,58,98.9,5780.7,1,1,1,0,1,0,1,1,0,0,0,0,1,0,0,0,0,0,1,0,1,0,0,1,0,1,0,0.66766393,False
93514,37.04584,-118.397236,72,97.7,6869.7,0,0,1,0,1,0,1,1,0,0,0,0,1,0,0,0,0,0,1,0,1,0,1,1,1,0,0,0.25913513,False
93517,38.184583,-119.286558,11,60.25,662.95,1,1,0,0,1,0,1,0,0,0,1,0,1,0,0,0,0,0,0,0,0,0,0,0,0,0,0,0.4306252,False
93518,35.358953,-118.527064,34,56.25,1765.95,0,1,0,0,0,1,0,0,0,0,0,0,1,0,1,0,0,0,1,0,1,0,0,1,0,1,0,0.52253675,False
93522,36.319181,-117.593053,54,46.2,2431.95,1,0,0,0,0,1,0,0,0,0,1,0,1,0,0,0,0,0,0,0,1,0,1,0,0,0,0,0.20821854,False
93526,36.869584,-118.189241,72,24.9,1859.2,0,0,1,1,1,0,1,0,1,1,0,1,0,1,0,1,0,1,0,1,0,0,1,0,0,0,1,0.13386415,False
93529,37.730269,-119.055813,54,63.35,3409.1,1,0,1,1,1,0,1,0,0,0,0,0,0,0,1,0,0,0,0,0,1,0,1,0,1,0,0,0.16048613,False
93530,36.560498,-117.962461,14,50.1,709.5,0,0,0,0,1,0,0,0,0,0,1,0,0,0,0,0,0,0,0,0,0,0,0,0,0,0,0,0.45573354,False
93534,34.727529,-118.153098,1,50.15,50.15,0,0,0,0,1,0,0,0,0,0,1,0,0,0,0,0,0,0,0,0,0,0,0,0,0,1,0,0.6840444,False
93536,34.741406,-118.38111,56,64.65,3665.55,1,0,0,0,1,0,1,0,0,0,1,0,1,0,0,0,1,0,0,0,0,1,0,1,0,0,0,0.20812748,False
93541,37.890145,-119.184087,68,79.6,5515.8,0,0,1,0,1,0,0,0,0,0,1,0,1,0,0,0,1,0,1,0,1,0,1,1,0,0,0,0.154248,False
93543,34.505273,-117.955054,14,19.5,272.0,0,0,1,1,1,0,0,0,1,1,0,1,0,1,0,1,0,1,0,1,0,1,0,1,0,0,1,0.1776953,False
93544,34.500091,-117.765862,68,99.55,6668.0,1,0,1,1,1,0,0,1,0,0,1,0,0,0,0,0,1,0,1,0,1,0,1,1,0,1,0,0.18877919,False
93545,36.590415,-118.073839,55,74.0,4052.4,1,1,1,0,1,0,1,1,0,0,0,0,0,0,0,0,0,0,0,0,0,0,0,1,0,1,0,0.68503135,False
93546,37.550074,-118.837167,16,38.9,664.4,0,0,0,0,0,1,0,0,0,0,1,0,0,0,0,0,0,0,1,0,0,0,0,1,0,1,0,0.60901684,False
93549,36.296851,-117.865469,9,79.55,718.55,1,1,0,0,1,0,0,1,0,0,0,0,0,0,0,0,0,0,0,0,1,0,0,1,0,1,0,0.8097723,True
93552,34.557711,-118.029441,53,46.3,2546.85,1,0,0,0,0,1,0,0,0,0,1,0,1,0,0,0,0,0,0,0,1,0,0,1,0,0,0,0.40381283,False
93553,34.445239,-117.894868,70,99.35,6944.5,1,0,1,0,1,0,1,1,0,0,1,0,1,0,1,0,0,0,1,0,0,0,1,1,1,0,0,0.22904997,False
93554,35.405722,-117.773354,14,95.8,1346.3,0,1,1,1,1,0,1,1,0,0,0,0,0,0,0,0,0,0,1,0,1,0,0,1,0,1,0,0.54845107,False
93560,34.903052,-118.411251,10,78.15,765.15,0,0,1,0,1,0,1,1,0,0,1,0,0,0,0,0,0,0,0,0,0,0,0,1,1,0,0,0.71695876,True
93561,35.073777,-118.652112,29,26.1,692.55,0,0,1,1,1,0,1,0,1,1,0,1,0,1,0,1,0,1,0,1,0,0,1,0,0,0,1,0.13386415,False
93602,36.991762,-119.242874,30,40.35,1187.05,0,0,0,0,0,1,0,0,0,0,0,0,0,0,0,0,1,0,0,0,1,1,0,1,1,0,0,0.43299004,False
93603,36.64545,-118.924982,72,79.2,5401.9,0,0,1,0,1,0,1,0,0,0,1,0,1,0,1,0,1,0,1,0,0,0,1,0,1,0,0,0.14450765,False
93604,37.458367,-119.345011,10,20.9,247.0,0,0,0,0,1,0,0,0,1,1,0,1,0,1,0,1,0,1,0,1,0,0,0,1,0,0,1,0.2958992,False
93608,36.488056,-120.407691,1,49.9,49.9,0,0,0,1,1,0,0,0,0,0,1,0,0,0,0,0,0,0,0,0,0,0,0,0,0,0,1,0.5234558,False
93609,36.5276,-119.865999,20,68.9,1370.35,0,0,0,0,1,0,1,0,0,0,0,0,1,0,0,0,1,0,0,0,1,0,0,1,1,0,0,0.3828731,False
93610,37.100948,-120.270136,1,20.25,20.25,0,0,0,0,1,0,0,0,1,1,0,1,0,1,0,1,0,1,0,1,0,0,0,1,0,0,1,0.5555382,False
93611,36.917652,-119.593757,29,76.0,2215.25,0,0,0,0,1,0,1,1,0,0,0,0,0,0,0,0,0,0,0,0,0,0,0,1,1,0,0,0.6545696,False
93612,36.814539,-119.711868,1,74.0,74.0,1,0,0,0,1,0,0,1,0,0,0,0,0,0,0,0,1,0,0,0,0,0,0,0,0,1,0,0.7851412,True
93614,37.212191,-119.749323,3,82.3,214.4,1,0,0,0,1,0,0,1,0,0,1,0,0,0,0,0,1,0,0,0,0,0,0,1,0,0,1,0.623182,False
93615,36.497895,-119.285484,20,89.4,1871.15,0,0,0,0,1,0,0,1,0,0,1,0,0,0,1,0,0,0,1,0,0,0,0,1,0,0,0,0.59445596,False
93616,36.657462,-119.595293,64,99.15,6171.2,1,0,0,1,1,0,0,1,0,0,0,0,1,0,0,0,1,0,1,0,1,0,0,1,1,0,0,0.30625162,False
93620,37.045728,-120.630682,6,29.45,161.45,0,0,0,0,0,1,0,0,0,0,1,0,0,0,0,0,0,0,0,0,0,0,0,0,0,0,0,0.4950817,False
93621,36.789213,-119.140338,50,19.8,1013.2,1,0,1,0,1,0,0,0,1,1,0,1,0,1,0,1,0,1,0,1,0,0,1,0,0,1,0,0.18896982,False
93622,36.785618,-120.625382,6,59.15,336.7,1,0,0,0,1,0,0,0,0,0,1,0,0,0,0,0,0,0,0,0,1,0,0,1,0,0,0,0.4520034,False
93623,37.483535,-119.679414,7,44.75,333.65,1,0,1,1,1,0,0,0,0,0,0,0,0,0,0,0,0,0,0,0,0,0,0,0,0,1,0,0.39302048,False
93624,36.397745,-120.119911,72,90.8,6511.8,1,0,1,1,1,0,1,1,0,0,0,0,0,0,1,0,0,0,0,0,1,0,1,1,1,0,0,0.17443685,False
93625,36.625792,-119.672483,8,49.55,393.45,1,0,1,0,1,0,0,0,0,0,0,0,1,0,0,0,0,0,0,0,0,0,0,1,0,0,0,0.52674824,False
93626,37.027663,-119.69056,67,106.7,7009.5,0,0,1,1,1,0,1,1,0,0,1,0,0,0,0,0,1,0,1,0,1,0,1,0,1,0,0,0.2602812,False
93628,36.807595,-118.901544,72,94.45,6921.7,0,0,1,0,1,0,1,1,0,0,1,0,1,0,0,0,0,0,0,0,1,0,1,1,1,0,0,0.22138143,False
93630,36.727418,-120.123526,33,19.45,600.25,1,0,1,1,1,0,0,0,1,1,0,1,0,1,0,1,0,1,0,1,0,1,0,1,0,0,0,0.15519892,False
93634,37.290606,-119.216328,70,67.95,4664.15,1,0,1,0,1,0,0,0,0,0,1,0,1,0,0,0,1,0,0,0,1,0,1,0,0,0,1,0.14962319,False
93635,36.995162,-120.955099,22,65.25,1441.8,0,0,0,0,1,0,0,0,0,0,0,0,1,0,1,0,0,0,1,0,0,1,0,0,0,0,0,0.3595606,False
93637,36.902954,-120.194274,59,99.45,5623.7,0,0,0,0,1,0,1,1,0,0,1,0,1,0,1,0,0,0,0,0,1,0,0,1,0,0,0,0.43368658,False
93638,37.004068,-119.930027,36,20.35,695.85,1,0,0,0,1,0,0,0,1,1,0,1,0,1,0,1,0,1,0,1,0,1,0,1,1,0,0,0.1819803,False
93640,36.687292,-120.437354,51,19.95,1028.75,0,0,1,1,1,0,0,0,1,1,0,1,0,1,0,1,0,1,0,1,0,0,1,0,0,0,1,0.13386415,False
93641,36.696759,-119.024051,53,77.4,4155.95,1,0,1,0,1,0,1,0,0,0,1,0,0,0,1,0,1,0,1,0,0,1,0,0,0,0,0,0.2249448,False
93643,37.244307,-119.470256,20,19.7,395.6,0,0,1,1,1,0,0,0,1,1,0,1,0,1,0,1,0,1,0,1,0,1,0,0,0,0,0,0.16738445,False
93644,37.648647,-119.231447,63,99.7,6330.4,1,0,1,0,1,0,0,1,0,0,1,0,0,0,1,0,0,0,1,0,1,0,1,0,1,0,0,0.2583311,False
93645,37.140104,-119.657092,40,74.8,2971.7,0,0,0,0,1,0,0,1,0,0,0,0,1,0,0,0,0,0,0,0,0,0,0,0,1,0,0,0.5174518,False
93646,36.633498,-119.298895,35,19.15,638.0,1,0,0,0,1,0,0,0,1,1,0,1,0,1,0,1,0,1,0,1,0,1,0,1,0,0,1,0.18582813,False
93647,36.600185,-119.175655,26,78.95,2034.25,1,0,1,1,1,0,0,1,0,0,0,0,0,0,0,0,0,0,0,0,1,1,0,0,0,0,0,0.3144031,False
93650,36.841655,-119.797113,53,62.85,3419.5,1,0,0,1,1,0,0,0,0,0,1,0,1,0,0,0,1,0,0,0,0,1,0,0,1,0,0,0.1766135,False
93651,37.007238,-119.505661,34,71.55,2427.35,1,1,1,0,1,0,0,1,0,0,0,0,0,0,0,0,0,0,0,0,0,0,0,0,1,0,0,0.606553,False
93652,36.594542,-119.905245,19,94.95,1760.25,0,1,1,0,1,0,1,1,0,0,0,0,0,0,0,0,0,0,1,0,1,0,0,1,0,1,0,0.77623177,True
93653,37.252057,-119.95783,43,86.1,3551.65,1,0,1,0,1,0,0,1,0,0,1,0,1,0,1,0,0,0,0,0,0,0,0,1,1,0,0,0.522082,False
93654,36.636638,-119.421842,6,19.55,122.9,1,0,1,1,1,0,0,0,1,1,0,1,0,1,0,1,0,1,0,1,0,0,0,0,0,0,1,0.25318673,False
93656,36.452211,-119.94575,56,24.8,1424.2,1,0,0,1,1,0,1,0,1,1,0,1,0,1,0,1,0,1,0,1,0,0,1,1,0,0,1,0.13270007,False
93660,36.600193,-120.153393,34,84.05,2909.95,1,0,1,1,1,0,0,1,0,0,0,0,0,0,1,0,0,0,1,0,0,0,0,1,0,0,1,0.3674478,False
93662,36.545322,-119.642281,10,36.25,374.0,0,0,0,0,0,1,0,0,0,0,0,0,1,0,0,0,1,0,0,0,0,0,0,0,0,1,0,0.56764627,False
93666,36.545353,-119.338535,56,98.6,5581.05,1,0,0,0,1,0,1,1,0,0,0,0,1,0,0,0,0,0,1,0,1,0,0,0,0,1,0,0.62968904,False
93667,36.993666,-119.348267,55,103.65,5676.65,0,0,1,0,1,0,1,1,0,0,0,0,1,0,1,0,0,0,1,0,1,0,0,1,1,0,0,0.6379424,False
93668,36.635661,-120.288644,36,92.9,3379.25,0,0,1,1,1,0,1,0,0,0,1,0,1,0,1,0,1,0,1,0,1,0,1,1,1,0,0,0.13925934,False
93669,37.287758,-119.548156,47,19.9,942.95,1,0,1,0,1,0,0,0,1,1,0,1,0,1,0,1,0,1,0,1,0,1,0,0,0,0,0,0.1819803,False
93673,36.456091,-119.486225,12,20.1,232.4,0,0,1,1,1,0,0,0,1,1,0,1,0,1,0,1,0,1,0,1,0,0,0,1,1,0,0,0.23803255,False
93701,36.749403,-119.787574,24,80.5,2088.45,1,1,0,0,1,0,1,1,0,0,0,0,1,0,0,0,0,0,0,0,0,0,0,1,0,1,0,0.7467514,True
93703,36.768774,-119.762633,35,39.85,1434.6,0,1,0,0,0,1,0,0,0,0,0,0,0,0,1,0,0,0,1,0,0,0,0,1,0,1,0,0.57551867,False
93704,36.799648,-119.801247,67,60.5,3870.0,0,0,0,0,1,0,0,0,0,0,1,0,1,0,0,0,1,0,0,0,0,1,0,0,1,0,0,0.23163839,False
93706,36.654614,-119.903674,21,103.85,2215.0,1,0,0,0,1,0,1,1,0,0,1,0,0,0,1,0,0,0,1,0,1,0,0,0,0,0,1,0.6711512,False
93710,36.822715,-119.761826,13,67.8,842.25,0,0,0,0,1,0,0,0,0,0,1,0,1,0,0,0,1,0,0,0,1,0,0,0,0,0,0,0.36795673,False
93720,36.878709,-119.7645,71,24.85,1901.0,1,1,1,0,1,0,1,0,1,1,0,1,0,1,0,1,0,1,0,1,0,0,1,0,0,0,0,0.14561512,False
93721,36.732694,-119.783786,29,19.35,601.6,0,0,0,0,1,0,0,0,1,1,0,1,0,1,0,1,0,1,0,1,0,0,0,0,1,0,0,0.25086555,False
93725,36.623632,-119.741322,7,89.0,605.45,1,1,1,0,1,0,0,1,0,0,0,0,0,0,0,0,0,0,1,0,1,0,0,1,0,1,0,0.81403226,True
93726,36.793601,-119.761131,57,55.0,3094.05,0,1,0,0,0,1,0,0,0,0,0,0,1,0,1,0,0,0,1,0,1,0,0,1,0,1,0,0.5699592,False
93727,36.751489,-119.68072,65,76.15,4929.55,1,0,1,0,1,0,1,0,0,0,1,0,0,0,1,0,1,0,0,0,1,0,1,0,0,0,0,0.1503247,False
93728,36.757345,-119.818274,27,20.3,595.05,1,0,0,0,1,0,0,0,1,1,0,1,0,1,0,1,0,1,0,1,0,1,0,0,0,0,1,0.18582813,False
93905,36.667794,-121.601306,72,117.35,8436.25,0,1,0,0,1,0,1,1,0,0,1,0,1,0,1,0,1,0,1,0,1,0,1,1,1,0,0,0.19530036,False
93906,36.722898,-121.633648,1,19.75,19.75,1,0,0,0,1,0,0,0,1,1,0,1,0,1,0,1,0,1,0,1,0,0,0,1,0,0,1,0.5639864,False
93907,36.77462,-121.664714,11,45.2,492.0,1,0,0,0,1,0,0,0,0,0,0,0,0,0,0,0,0,0,0,0,0,0,0,0,1,0,0,0.53109837,False
93908,36.624338,-121.615669,39,25.2,987.95,1,0,1,1,1,0,1,0,1,1,0,1,0,1,0,1,0,1,0,1,0,0,1,0,0,0,1,0.13386415,False
93920,36.092975,-121.549826,59,89.75,5496.9,0,1,0,0,1,0,1,1,0,0,1,0,1,0,1,0,0,0,0,0,0,0,0,1,0,1,0,0.43902212,False
93921,36.554618,-121.922239,26,75.0,1908.35,1,0,0,0,1,0,0,0,0,0,1,0,0,0,0,0,1,0,1,0,1,1,0,0,0,0,0,0.3356121,False
93923,36.460611,-121.852507,2,49.95,107.1,1,1,0,0,1,0,0,0,0,0,0,0,0,0,1,0,0,0,0,0,0,0,0,0,0,0,1,0.65514034,False
93924,36.414611,-121.6386,72,65.7,4575.35,0,0,1,1,0,1,0,0,0,0,1,0,1,0,1,0,1,0,1,0,1,0,1,0,0,0,0,0.14643845,False
93925,36.596271,-121.442274,65,67.05,4309.55,1,0,1,0,1,0,1,0,0,0,1,0,1,0,1,0,0,0,0,0,0,1,0,0,1,0,0,0.23231344,False
93926,36.52588,-121.396719,72,110.9,7922.75,1,0,1,1,1,0,1,1,0,0,0,0,1,0,1,0,1,0,1,0,1,0,1,0,1,0,0,0.19168223,False
93927,36.248708,-121.386617,6,87.95,522.35,1,0,0,0,1,0,1,1,0,0,0,0,0,0,0,0,1,0,0,0,1,0,0,1,0,0,0,0.75916034,True
93928,35.930782,-121.189757,32,19.8,587.7,1,1,0,0,1,0,0,0,1,1,0,1,0,1,0,1,0,1,0,1,0,1,0,0,1,0,0,0.18770659,False
93930,36.220761,-120.980777,50,75.7,3876.2,0,0,1,0,1,0,1,0,0,0,0,0,0,0,1,0,0,0,1,0,1,1,0,0,0,0,0,0.30735835,False
93932,35.989792,-121.055933,61,62.15,3778.85,1,0,1,0,0,1,0,0,0,0,1,0,0,0,1,0,1,0,1,0,1,0,1,1,0,0,1,0.1637214,False
93940,36.362741,-121.869685,72,115.15,8349.45,1,0,1,0,1,0,1,1,0,0,1,0,1,0,1,0,1,0,1,0,1,0,1,0,0,0,0,0.18730567,False
93953,36.587497,-121.944815,1,19.5,19.5,0,0,0,0,1,0,0,0,1,1,0,1,0,1,0,1,0,1,0,1,0,0,0,0,0,0,1,0.54221225,False
93954,36.125529,-120.864443,12,86.55,1066.9,0,0,0,0,1,0,1,1,0,0,0,0,0,0,0,0,0,0,0,0,1,0,0,1,0,1,0,0.80301327,True
93960,36.414216,-121.360597,61,20.4,1226.45,1,0,1,1,1,0,0,0,1,1,0,1,0,1,0,1,0,1,0,1,0,1,0,0,0,0,1,0.1542137,False
93962,36.624641,-121.647195,18,19.8,342.3,1,0,1,1,1,0,0,0,1,1,0,1,0,1,0,1,0,1,0,1,0,1,0,0,0,0,0,0.16281214,False
94002,37.509366,-122.306132,21,45.65,985.05,1,0,0,1,1,0,0,0,0,0,0,0,0,0,0,0,0,0,0,0,0,0,0,0,0,0,1,0.3531394,False
94005,37.684694,-122.40712,68,56.4,3948.45,1,0,1,1,0,1,0,0,0,0,1,0,1,0,1,0,1,0,0,0,1,0,1,1,0,0,1,0.13442716,False
94010,37.57028,-122.365778,12,73.3,828.05,1,1,0,0,1,0,1,1,0,0,0,0,0,0,0,0,0,0,0,0,0,0,0,1,1,0,0,0.73221654,True
94015,37.680844,-122.48131,62,101.35,6164.7,0,0,1,0,1,0,1,1,0,0,0,0,0,0,1,0,0,0,1,0,1,0,0,1,0,1,0,0.695126,False
94020,37.285677,-122.224165,1,33.6,33.6,1,0,0,1,0,1,0,0,0,0,0,0,1,0,0,0,1,0,0,0,0,0,0,0,0,0,1,0.4783307,False
94022,37.349546,-122.134356,1,20.7,20.7,0,0,0,0,1,0,0,0,1,1,0,1,0,1,0,1,0,1,0,1,0,0,0,0,0,1,0,0.5600257,False
94024,37.352911,-122.093002,62,104.05,6590.5,1,0,0,1,1,0,1,1,0,0,0,0,0,0,1,0,1,0,1,0,1,0,1,1,0,1,0,0.28242832,False
94025,37.449551,-122.183762,36,20.25,717.95,0,0,1,1,1,0,0,0,1,1,0,1,0,1,0,1,0,1,0,1,0,0,1,0,0,0,0,0.1309193,False
94028,37.369709,-122.215844,69,73.7,4885.85,0,0,1,1,1,0,1,0,0,0,1,0,1,0,0,0,1,0,1,0,0,1,0,0,1,0,0,0.1626843,False
94037,37.540582,-122.509594,63,108.75,6871.7,0,0,1,0,1,0,1,1,0,0,0,0,1,0,1,0,1,0,1,0,1,0,0,1,0,1,0,0.615339,False
94038,37.515556,-122.502311,23,20.15,405.6,1,0,0,0,1,0,0,0,1,1,0,1,0,1,0,1,0,1,0,1,0,1,0,0,0,0,0,0.18211594,False
94040,37.380662,-122.086022,10,19.75,208.25,1,0,0,0,1,0,0,0,1,1,0,1,0,1,0,1,0,1,0,1,0,0,0,0,1,0,0,0.2800369,False
94041,37.388349,-122.075299,71,25.95,1801.9,0,0,1,0,1,0,1,0,1,1,0,1,0,1,0,1,0,1,0,1,0,0,1,1,1,0,0,0.14561512,False
94043,37.419725,-122.062947,45,70.05,3062.45,0,1,0,0,1,0,1,0,0,0,1,0,0,0,0,0,1,0,0,0,1,0,0,1,0,1,0,0.4194931,False
94044,37.573633,-122.455167,70,24.05,1764.75,0,0,1,1,1,0,1,0,1,1,0,1,0,1,0,1,0,1,0,1,0,0,1,0,0,0,1,0.13386415,False
94060,37.22565,-122.297533,22,84.75,1816.75,0,0,0,1,1,0,1,1,0,0,0,0,0,0,0,0,0,0,0,0,1,0,0,1,0,1,0,0.52223694,False
94061,37.461251,-122.235414,52,23.05,1255.1,0,0,1,1,1,0,1,0,1,1,0,1,0,1,0,1,0,1,0,1,0,0,1,0,0,0,1,0.13386415,False
94063,37.499411,-122.196318,65,59.95,3921.1,0,0,0,0,0,1,0,0,0,0,1,0,0,0,1,0,1,0,1,0,1,0,1,0,1,0,0,0.17092116,False
94065,37.527497,-122.230941,72,19.55,1463.45,0,0,1,1,1,0,0,0,1,1,0,1,0,1,0,1,0,1,0,1,0,0,1,0,0,0,0,0.1309193,False
94066,37.624436,-122.430661,10,19.6,189.45,1,0,1,0,1,0,0,0,1,1,0,1,0,1,0,1,0,1,0,1,0,1,0,0,0,0,0,0.20799957,False
94070,37.497915,-122.267361,7,20.05,96.8,0,0,0,1,1,0,0,0,1,1,0,1,0,1,0,1,0,1,0,1,0,1,0,0,0,0,1,0.17991778,False
94074,37.331762,-122.341444,5,85.55,408.5,1,1,0,0,1,0,0,1,0,0,0,0,1,0,0,0,0,0,0,0,1,0,0,1,0,1,0,0.80822563,True
94080,37.654436,-122.426468,24,78.6,1846.65,0,0,1,1,1,0,1,0,0,0,1,0,0,0,1,0,0,0,1,0,1,0,1,0,1,0,0,0.176075,False
94086,37.378541,-122.020456,72,116.8,8456.75,0,0,1,1,1,0,1,1,0,0,1,0,1,0,1,0,1,0,1,0,1,0,1,1,1,0,0,0.15654436,False
94087,37.3511,-122.037311,21,43.55,1011.5,1,0,0,0,0,1,0,0,0,0,1,0,0,0,0,0,1,0,1,0,0,0,0,1,0,0,1,0.43965396,False
94089,37.421633,-122.009613,69,60.8,4263.4,1,0,1,0,0,1,0,0,0,0,0,0,1,0,1,0,1,0,1,0,1,1,0,1,1,0,0,0.3059399,False
94102,37.7795,-122.419233,44,54.9,2549.1,1,0,1,1,1,0,0,0,0,0,0,0,1,0,0,0,1,0,0,0,0,0,0,1,0,0,0,0.24865972,False
94103,37.773147,-122.411287,61,65.2,3965.05,0,1,1,1,1,0,1,0,0,0,0,0,0,0,1,0,0,0,1,0,0,1,0,1,0,1,0,0.21268494,False
94109,37.794487,-122.42227,72,108.2,7840.6,1,0,1,0,1,0,1,1,0,0,0,0,1,0,1,0,1,0,1,0,1,0,1,1,0,1,0,0.33139226,False
94110,37.750021,-122.415201,72,92.0,6632.75,1,0,0,0,1,0,1,0,0,0,1,0,1,0,1,0,1,0,1,0,1,0,1,0,0,0,0,0.15101504,False
94111,37.801776,-122.402293,14,75.1,1013.35,1,1,1,0,1,0,1,1,0,0,0,0,0,0,0,0,0,0,0,0,0,0,0,1,0,1,0,0.79400086,True
94112,37.720498,-122.443119,7,25.05,152.95,1,0,0,0,1,0,1,0,1,1,0,1,0,1,0,1,0,1,0,1,0,0,0,1,0,0,0,0.2800369,False
94114,37.758085,-122.434801,48,75.15,3772.65,0,0,0,0,1,0,0,1,0,0,0,0,1,0,0,0,0,0,0,0,0,1,0,0,0,1,0,0.42037854,False
94115,37.786031,-122.437301,55,19.5,1026.35,1,0,1,1,1,0,0,0,1,1,0,1,0,1,0,1,0,1,0,1,0,1,0,0,0,0,1,0.1542137,False
94116,37.74441,-122.486764,1,19.3,19.3,1,0,0,0,1,0,0,0,1,1,0,1,0,1,0,1,0,1,0,1,0,0,0,0,1,0,0,0.4586694,False
94117,37.770533,-122.445121,45,112.2,5031.85,1,0,0,0,1,0,0,1,0,0,1,0,1,0,1,0,1,0,1,0,1,1,0,0,1,0,0,0.4563536,False
94118,37.781304,-122.461522,3,70.3,220.4,1,0,0,0,1,0,0,1,0,0,0,0,0,0,0,0,0,0,0,0,0,0,0,1,0,0,1,0.76448005,True
94121,37.776718,-122.495781,71,19.6,1416.5,0,0,1,0,1,0,0,0,1,1,0,1,0,1,0,1,0,1,0,1,0,0,1,0,0,0,1,0.14883393,False
94122,37.760412,-122.484966,8,20.25,158.35,1,0,1,0,1,0,0,0,1,1,0,1,0,1,0,1,0,1,0,1,0,0,0,0,0,0,1,0.29547814,False
94124,37.731505,-122.384532,69,80.65,5542.55,1,0,1,1,1,0,0,0,0,0,1,0,1,0,0,0,1,0,1,0,1,0,1,0,0,0,0,0.12877473,False
94129,37.797526,-122.464531,72,115.75,8443.7,0,1,1,0,1,0,1,1,0,0,1,0,1,0,1,0,1,0,1,0,1,0,1,1,1,0,0,0.18730567,False
94131,37.746699,-122.442833,71,80.6,5708.2,1,0,0,0,1,0,1,0,0,0,1,0,1,0,1,0,1,0,0,0,1,0,1,0,0,0,0,0.15101504,False
94133,37.802071,-122.411004,33,59.55,2016.3,0,0,1,0,0,1,0,0,0,0,1,0,0,0,1,0,1,0,1,0,1,0,1,0,0,0,0,0.18057804,False
94134,37.721052,-122.413573,16,19.05,326.65,0,0,0,0,1,0,0,0,1,1,0,1,0,1,0,1,0,1,0,1,0,1,0,0,0,0,1,0.18669528,False
94301,37.444314,-122.149996,56,95.65,5471.75,0,1,1,0,1,0,1,1,0,0,1,0,1,0,1,0,1,0,0,0,0,1,0,0,0,1,0,0.3106664,False
94303,37.45809,-122.115398,1,19.95,19.95,0,0,0,0,1,0,0,0,1,1,0,1,0,1,0,1,0,1,0,1,0,0,0,0,1,0,0,0.49315986,False
94305,37.424342,-122.165641,57,19.4,1061.6,1,0,1,1,1,0,0,0,1,1,0,1,0,1,0,1,0,1,0,1,0,1,0,0,0,0,1,0.1542137,False
94306,37.416159,-122.131337,56,36.1,1971.5,1,0,1,1,0,1,0,0,0,0,0,0,1,0,1,0,0,0,0,0,0,1,0,1,1,0,0,0.24736068,False
94403,37.538309,-122.305109,1,19.75,19.75,0,0,0,0,1,0,0,0,1,1,0,1,0,1,0,1,0,1,0,1,0,0,0,0,0,0,1,0.54221225,False
94404,37.556094,-122.272437,40,64.1,2460.35,0,0,0,1,1,0,0,0,0,0,1,0,0,0,0,0,1,0,1,0,0,0,0,1,1,0,0,0.2348991,False
94501,37.774633,-122.274434,46,19.75,856.5,1,0,1,1,1,0,0,0,1,1,0,1,0,1,0,1,0,1,0,1,0,0,1,0,1,0,0,0.1309193,False
94502,37.724817,-122.224363,63,19.7,1275.85,1,0,1,1,1,0,0,0,1,1,0,1,0,1,0,1,0,1,0,1,0,0,1,0,0,0,1,0.13386415,False
94506,37.791481,-121.903253,68,110.2,7467.5,1,0,1,1,1,0,1,1,0,0,1,0,1,0,1,0,0,0,1,0,1,0,1,1,0,1,0,0.21984453,False
94507,37.855717,-121.994813,69,106.35,7261.75,1,0,1,1,1,0,0,1,0,0,1,0,1,0,0,0,1,0,1,0,1,0,1,1,1,0,0,0.25160047,False
94508,38.542448,-122.419923,56,90.55,5116.6,0,0,1,0,1,0,1,1,0,0,0,0,1,0,1,0,1,0,0,0,0,0,0,0,0,1,0,0.50502616,False
94509,37.980057,-121.801599,10,65.9,660.05,0,0,1,1,1,0,0,0,0,0,0,0,1,0,1,0,0,0,0,0,1,1,0,1,0,0,1,0.2754654,False
94510,38.113533,-122.11926,63,104.5,6590.8,1,0,0,0,1,0,1,1,0,0,1,0,1,0,1,0,1,0,1,0,0,1,0,0,1,0,0,0.37283313,False
94511,38.050558,-121.646924,24,52.5,1208.15,0,0,1,1,0,1,0,0,0,0,1,0,1,0,1,0,1,0,0,0,1,0,1,1,0,0,1,0.17248042,False
94512,38.140719,-121.838298,19,56.1,1033.9,0,0,0,0,1,0,1,0,0,0,0,0,0,0,1,0,0,0,0,0,0,0,0,1,0,0,1,0.48905826,False
94513,37.908242,-121.682472,22,88.75,1885.15,1,0,1,1,1,0,1,1,0,0,0,0,0,0,1,0,0,0,1,0,0,0,0,1,0,1,0,0.50477195,False
94517,37.881842,-121.848111,70,26.0,2006.95,0,0,1,0,1,0,1,0,1,1,0,1,0,1,0,1,0,1,0,1,0,0,1,1,0,0,0,0.15146886,False
94518,37.950248,-122.022455,49,99.4,5025.0,0,0,1,0,1,0,0,1,0,0,0,0,1,0,1,0,0,0,1,0,1,0,0,0,0,1,0,0.64758044,False
94521,37.971421,-121.971504,42,73.15,3088.25,1,0,1,1,1,0,0,0,0,0,0,0,0,0,1,0,1,0,1,0,1,1,0,0,0,1,0,0.2187815,False
94523,37.95338,-122.076886,57,54.65,3134.7,1,0,0,0,1,0,0,0,0,0,0,0,1,0,0,0,1,0,0,0,0,1,0,1,0,0,1,0.32101846,False
94526,37.815459,-121.977203,72,115.55,8312.4,0,0,1,0,1,0,1,1,0,0,1,0,1,0,1,0,1,0,1,0,1,0,1,1,1,0,0,0.18730567,False
94530,37.924838,-122.289145,46,104.45,4863.85,0,1,0,0,1,0,1,1,0,0,0,0,1,0,1,0,0,0,1,0,1,0,0,1,0,1,0,0.7359993,True
94536,37.572273,-121.964583,72,91.15,6637.9,0,0,1,0,1,0,1,0,0,0,1,0,1,0,1,0,1,0,1,0,1,0,1,1,0,0,0,0.14450765,False
94538,37.505768,-121.962472,35,89.7,3165.6,1,0,1,1,1,0,0,1,0,0,0,0,1,0,0,0,1,0,1,0,0,1,0,1,0,1,0,0.25746524,False
94541,37.674002,-122.076796,72,92.4,6786.1,0,0,1,0,1,0,1,0,0,0,1,0,1,0,1,0,1,0,1,0,1,0,1,1,0,1,0,0.19374682,False
94542,37.656695,-122.048361,28,19.9,543.0,0,0,1,1,1,0,0,0,1,1,0,1,0,1,0,1,0,1,0,1,0,1,0,0,0,0,1,0.1542137,False
94546,37.708327,-122.083473,45,18.85,867.3,1,0,0,0,1,0,0,0,1,1,0,1,0,1,0,1,0,1,0,1,0,1,0,0,0,0,0,0.17709412,False
94547,37.991259,-122.214945,1,25.75,25.75,0,0,0,0,1,0,1,0,1,1,0,1,0,1,0,1,0,1,0,1,0,0,0,1,0,0,1,0.5008723,False
94550,37.571748,-121.659562,6,20.95,109.5,0,0,0,0,1,0,0,0,1,1,0,1,0,1,0,1,0,1,0,1,0,0,0,1,0,0,1,0.2912713,False
94552,37.722727,-122.02157,48,97.05,4692.95,0,0,1,0,1,0,0,1,0,0,0,0,1,0,1,0,0,0,1,0,1,1,0,1,0,1,0,0.5083942,False
94553,38.014457,-122.115432,25,25.4,546.85,1,0,1,1,1,0,1,0,1,1,0,1,0,1,0,1,0,1,0,1,0,0,0,1,0,0,0,0.19602434,False
94555,37.555473,-122.080312,64,19.7,1274.05,1,0,1,1,1,0,0,0,1,1,0,1,0,1,0,1,0,1,0,1,0,0,1,1,0,0,0,0.1309193,False
94556,37.827946,-122.107185,50,35.0,1782.4,1,0,0,0,0,1,0,0,0,0,1,0,1,0,0,0,0,0,0,0,0,0,0,1,0,0,1,0.39236796,False
94558,38.489789,-122.27011,52,101.25,5301.1,0,0,1,1,1,0,1,1,0,0,0,0,0,0,1,0,0,0,1,0,1,1,0,0,0,0,0,0.33233202,False
94559,38.232389,-122.324944,4,70.2,280.35,1,1,1,0,1,0,0,1,0,0,0,0,0,0,0,0,0,0,0,0,0,0,0,1,0,1,0,0.7959464,True
94560,37.504133,-122.032347,32,90.95,2897.95,0,1,0,0,1,0,0,1,0,0,0,0,0,0,0,0,0,0,1,0,1,0,0,0,0,1,0,0.6622238,False
94561,37.999406,-121.686241,45,73.85,3371.0,1,0,1,1,1,0,1,0,0,0,1,0,1,0,0,0,1,0,1,0,0,0,1,0,1,0,0,0.13925934,False
94563,37.873916,-122.20522,9,88.05,801.3,1,0,1,0,1,0,1,1,0,0,1,0,0,0,0,0,0,0,0,0,1,0,0,1,0,1,0,0.7156401,True
94566,37.633361,-121.862395,54,20.1,1079.45,0,0,0,0,1,0,0,0,1,1,0,1,0,1,0,1,0,1,0,1,0,0,1,0,0,0,1,0.15556149,False
94568,37.713926,-121.928425,64,110.3,6997.3,0,0,1,1,1,0,1,1,0,0,1,0,1,0,0,0,1,0,1,0,1,0,1,0,0,0,0,0.19082847,False
94572,38.027218,-122.23463,12,85.15,979.05,0,0,0,0,1,0,0,1,0,0,1,0,0,0,0,0,0,0,1,0,0,1,0,1,1,0,0,0.5039329,False
94574,38.581354,-122.296283,67,60.95,4119.4,1,1,1,0,1,0,0,0,0,0,1,0,1,0,0,0,1,0,0,0,0,1,0,1,0,0,0,0.24780612,False
94577,37.717196,-122.159338,45,73.55,3349.1,0,0,0,0,1,0,1,0,0,0,1,0,0,0,0,0,1,0,0,0,1,0,1,0,0,0,1,0.16610125,False
94578,37.704384,-122.126703,10,46.0,492.1,1,0,0,0,1,0,0,0,0,0,0,0,0,0,0,0,0,0,0,0,0,0,0,0,0,0,1,0.51323754,False
94579,37.687264,-122.15728,29,58.55,1718.95,0,1,0,0,1,0,1,0,0,0,1,0,1,0,0,0,0,0,0,0,0,0,0,1,0,0,0,0.3580052,False
94580,37.676249,-122.132415,24,24.6,605.25,0,0,0,0,1,0,1,0,1,1,0,1,0,1,0,1,0,1,0,1,0,1,0,0,0,0,0,0.17709412,False
94583,37.766556,-121.976784,66,19.75,1344.5,1,0,1,1,1,0,0,0,1,1,0,1,0,1,0,1,0,1,0,1,0,0,1,1,0,0,1,0.13386415,False
94585,38.197907,-122.017258,51,86.35,4267.15,1,0,0,0,1,0,0,1,0,0,1,0,0,0,0,0,0,0,1,0,0,1,0,0,0,0,1,0.4043486,False
94586,37.587494,-121.862856,45,25.5,1121.05,0,0,1,0,1,0,1,0,1,1,0,1,0,1,0,1,0,1,0,1,0,0,1,0,0,0,1,0.15556149,False
94587,37.59485,-122.051521,49,19.0,918.7,0,0,1,0,1,0,0,0,1,1,0,1,0,1,0,1,0,1,0,1,0,1,0,0,1,0,0,0.17709412,False
94588,37.685052,-121.912061,29,19.55,521.8,0,0,1,0,1,0,0,0,1,1,0,1,0,1,0,1,0,1,0,1,0,0,1,1,0,0,1,0.15556149,False
94589,38.161321,-122.271588,40,110.1,4469.1,1,0,1,1,1,0,1,1,0,0,1,0,1,0,0,0,1,0,1,0,1,0,0,1,1,0,0,0.31331146,False
94591,38.105733,-122.186338,25,69.75,1729.35,1,0,0,0,1,0,0,1,0,0,0,0,0,0,0,0,0,0,0,0,0,0,0,0,0,1,0,0.64435774,False
94592,38.093701,-122.276589,22,50.6,1073.3,0,0,0,0,0,1,0,0,0,0,0,0,0,0,1,0,0,0,1,0,1,0,0,1,0,1,0,0.6397532,False
94595,37.862128,-122.075197,72,65.6,4566.5,1,0,0,0,0,1,0,0,0,0,1,0,1,0,1,0,1,0,1,0,1,0,1,1,0,0,0,0.16032754,False
94598,37.916648,-122.008483,33,82.1,2603.1,1,0,1,1,1,0,0,0,0,0,0,0,1,0,1,0,1,0,1,0,1,0,1,0,1,0,0,0.15449013,False
94599,38.421458,-122.365048,23,79.1,1783.75,0,0,0,0,1,0,0,1,0,0,0,0,1,0,0,0,1,0,0,0,0,0,0,1,0,0,1,0.59685975,False
94603,37.739113,-122.175602,69,90.65,6322.1,1,0,0,0,1,0,1,0,0,0,1,0,1,0,1,0,1,0,1,0,1,0,1,0,0,0,1,0.1611114,False
94605,37.758019,-122.138678,3,20.55,57.4,0,0,0,1,1,0,0,0,1,1,0,1,0,1,0,1,0,1,0,1,0,1,0,1,1,0,0,0.23502423,False
94606,37.792489,-122.244314,56,75.75,4284.65,1,0,0,0,1,0,0,0,0,0,0,0,1,0,0,0,1,0,1,0,1,1,0,1,0,0,0,0.3014048,False
94607,37.80707,-122.297401,65,110.0,7138.65,1,0,0,0,1,0,1,1,0,0,1,0,0,0,1,0,1,0,1,0,1,1,0,1,1,0,0,0.47088495,False
94608,37.83726,-122.287648,71,20.85,1539.75,1,0,1,0,1,0,0,0,1,1,0,1,0,1,0,1,0,1,0,1,0,1,0,0,0,1,0,0.20709188,False
94609,37.834341,-122.26437,14,80.35,1058.1,0,1,0,0,1,0,1,1,0,0,0,0,0,0,1,0,0,0,0,0,0,0,0,1,0,0,0,0.7511823,True
94610,37.808731,-122.238708,2,70.15,123.8,0,0,0,0,1,0,0,1,0,0,0,0,0,0,0,0,0,0,0,0,0,0,0,1,0,1,0,0.7959464,True
94612,37.809014,-122.269739,40,67.45,2731.0,1,0,0,0,1,0,0,0,0,0,1,0,0,0,1,0,0,0,0,0,1,0,0,0,0,1,0,0.38810265,False
94618,37.84551,-122.235181,1,20.75,20.75,1,0,0,0,1,0,0,0,1,1,0,1,0,1,0,1,0,1,0,1,0,0,0,0,1,0,0,0.5124677,False
94621,37.750553,-122.197175,7,69.9,497.3,0,0,0,0,1,0,0,1,0,0,0,0,0,0,0,0,0,0,0,0,0,0,0,1,0,0,1,0.7591682,True
94702,37.866009,-122.286228,15,51.1,711.15,0,0,1,0,1,0,1,0,0,0,0,0,0,0,0,0,0,0,0,0,0,0,0,1,0,1,0,0.6368909,False
94705,37.858898,-122.240512,71,25.55,1898.1,1,0,0,0,1,0,1,0,1,1,0,1,0,1,0,1,0,1,0,1,0,0,1,0,0,0,0,0.14561512,False
94706,37.890274,-122.295192,54,60.0,3273.95,0,0,1,1,1,0,1,0,0,0,1,0,0,0,0,0,1,0,0,0,0,0,1,0,0,0,0,0.14950351,False
94707,37.897753,-122.279391,31,90.55,2929.75,1,0,1,0,1,0,1,1,0,0,1,0,1,0,0,0,1,0,0,0,0,0,0,1,1,0,0,0.5337063,False
94708,37.897743,-122.263124,11,76.4,838.7,0,0,0,0,1,0,0,1,0,0,1,0,0,0,0,0,0,0,0,0,0,0,0,0,0,1,0,0.6612007,False
94709,37.878554,-122.26609,18,84.95,1443.65,0,1,0,0,1,0,0,1,0,0,0,0,0,0,1,0,0,0,0,0,1,0,0,1,0,1,0,0.72321266,True
94710,37.872902,-122.303708,72,110.1,7746.7,0,1,0,0,1,0,1,1,0,0,1,0,1,0,0,0,1,0,1,0,1,0,1,1,0,0,0,0.19530036,False
94801,37.945288,-122.383941,71,99.65,6951.15,0,1,0,0,1,0,1,1,0,0,0,0,1,0,0,0,0,0,1,0,1,0,0,1,1,0,0,0.5048499,False
94803,37.963995,-122.288296,5,45.4,214.75,1,1,0,0,0,1,0,0,0,0,0,0,0,0,1,0,1,0,1,0,0,0,0,0,1,0,0,0.5744767,False
94804,37.921034,-122.341798,38,69.0,2669.45,1,0,1,0,1,0,1,0,0,0,0,0,0,0,1,0,1,0,0,0,1,1,0,0,1,0,0,0.29403025,False
94805,37.941456,-122.320968,5,48.65,235.2,1,0,0,1,1,0,0,0,0,0,0,0,0,0,0,0,1,0,0,0,0,0,0,1,0,0,0,0.4172164,False
94901,37.972662,-122.491452,52,59.85,3103.25,0,1,0,0,1,0,1,0,0,0,1,0,0,0,1,0,0,0,0,0,0,0,1,0,0,0,0,0.20852038,False
94904,37.946617,-122.563571,68,80.65,5330.2,0,0,0,0,1,0,1,0,0,0,0,0,1,0,1,0,0,0,1,0,1,0,1,1,0,1,0,0.22750771,False
94920,37.885629,-122.46858,69,20.55,1403.1,1,0,1,1,1,0,0,0,1,1,0,1,0,1,0,1,0,1,0,1,0,1,0,1,1,0,0,0.15089916,False
94922,38.343282,-122.9755,42,66.4,2727.8,0,0,1,0,1,0,1,0,0,0,1,0,1,0,0,0,1,0,0,0,0,0,0,1,1,0,0,0.31359896,False
94923,38.377165,-123.037957,50,100.2,5038.45,0,0,0,0,1,0,0,1,0,0,0,0,1,0,0,0,1,0,1,0,1,0,1,1,0,0,1,0.27876356,False
94928,38.34719,-122.697822,33,44.55,1462.6,1,0,1,0,1,0,0,0,0,0,0,0,0,0,0,0,0,0,0,0,0,0,0,1,1,0,0,0.42362007,False
94929,38.24458,-122.956268,7,20.35,150.6,0,0,0,0,1,0,0,0,1,1,0,1,0,1,0,1,0,1,0,1,0,0,0,0,0,0,1,0.2832524,False
94930,37.971751,-122.611873,64,91.8,5960.5,1,0,1,1,1,0,1,1,0,0,1,0,1,0,1,0,0,0,0,0,0,0,0,1,0,1,0,0.26469544,False
94933,38.010092,-122.689442,59,20.2,1192.3,1,0,0,0,1,0,0,0,1,1,0,1,0,1,0,1,0,1,0,1,0,0,1,1,0,0,0,0.1522232,False
94937,38.099323,-122.945723,6,50.35,314.55,0,0,1,0,1,0,1,0,0,0,0,0,0,0,0,0,0,0,0,0,0,0,0,0,0,1,0,0.60891026,False
94938,38.021772,-122.691744,3,18.8,56.0,0,0,0,0,1,0,0,0,1,1,0,1,0,1,0,1,0,1,0,1,0,0,0,0,0,0,1,0.3446619,False
94939,37.937082,-122.532369,15,20.45,330.8,0,0,1,0,1,0,0,0,1,1,0,1,0,1,0,1,0,1,0,1,0,0,0,0,1,0,0,0.2647752,False
94940,38.129308,-122.834815,13,64.75,877.35,1,0,1,1,1,0,0,0,0,0,0,0,0,0,0,0,0,0,1,0,1,1,0,1,0,1,0,0.30292496,False
94941,37.901371,-122.572024,23,98.7,2249.1,0,0,0,0,1,0,1,1,0,0,0,0,1,0,0,0,0,0,1,0,1,0,0,1,1,0,0,0.71593887,True
94945,38.135897,-122.563683,31,89.45,2807.65,1,1,1,0,1,0,1,1,0,0,1,0,0,0,0,0,0,0,1,0,0,0,0,0,0,1,0,0.63227475,False
94946,38.065359,-122.665566,29,58.75,1696.2,1,0,0,0,1,0,0,0,0,0,1,0,1,0,0,0,1,0,0,0,0,1,0,1,0,1,0,0.24440795,False
94947,38.112166,-122.634384,49,20.7,1032.05,0,0,1,0,1,0,0,0,1,1,0,1,0,1,0,1,0,1,0,1,0,1,0,0,1,0,0,0.17709412,False
94949,38.067204,-122.524004,56,85.6,4902.8,0,0,1,0,1,0,1,1,0,0,0,0,0,0,0,0,0,0,1,0,0,0,0,1,0,0,0,0.57062536,False
94950,38.052209,-122.775567,63,80.3,4995.35,0,0,0,0,1,0,1,0,0,0,1,0,1,0,1,0,1,0,0,0,1,0,1,1,1,0,0,0.15704596,False
94951,38.325599,-122.642352,63,79.8,5034.05,1,0,1,0,1,0,1,0,0,0,0,0,0,0,1,0,1,0,1,0,1,0,1,0,1,0,0,0.1619557,False
94952,38.237018,-122.77872,24,79.85,1857.75,1,1,1,1,1,0,1,1,0,0,1,0,0,0,0,0,0,0,0,0,0,0,0,1,0,1,0,0.41792226,False
94954,38.235021,-122.557332,36,54.1,1992.85,1,1,1,0,1,0,0,0,0,0,0,0,0,0,1,0,1,0,0,0,0,1,0,0,1,0,0,0.26246905,False
94963,38.00474,-122.663717,21,80.9,1714.95,0,0,1,0,1,0,0,0,0,0,1,0,0,0,1,0,1,0,1,0,1,1,0,0,0,0,1,0.33901665,False
94964,37.942551,-122.491642,13,24.5,343.6,1,0,1,1,1,0,1,0,1,1,0,1,0,1,0,1,0,1,0,1,0,1,0,0,0,0,0,0.17400399,False
94965,37.848641,-122.515692,1,20.15,20.15,1,0,1,1,1,0,0,0,1,1,0,1,0,1,0,1,0,1,0,1,0,0,0,1,0,0,0,0.5171672,False
94970,37.921137,-122.657562,25,20.05,520.1,0,0,1,1,1,0,0,0,1,1,0,1,0,1,0,1,0,1,0,1,0,1,0,0,0,0,1,0.1542137,False
94971,38.240769,-122.901041,71,19.6,1387.45,1,0,1,1,1,0,0,0,1,1,0,1,0,1,0,1,0,1,0,1,0,0,1,1,0,0,0,0.1309193,False
94972,38.339996,-122.935056,66,114.3,7383.7,1,0,0,0,1,0,1,1,0,0,1,0,1,0,1,0,1,0,1,0,1,1,0,1,0,0,0,0.40786672,False
94973,38.005839,-122.638155,45,100.3,4483.95,0,0,0,0,1,0,0,1,0,0,1,0,1,0,0,0,0,0,1,0,1,1,0,1,0,1,0,0.4656132,False
95002,37.449537,-121.994813,22,80.0,1706.45,0,0,1,0,1,0,0,1,0,0,0,0,0,0,0,0,0,0,1,0,0,0,0,1,1,0,0,0.6734563,False
95003,37.013471,-121.877877,67,20.85,1327.4,0,0,1,0,1,0,0,0,1,1,0,1,0,1,0,1,0,1,0,1,0,1,0,1,0,0,0,0.18513921,False
95004,36.878364,-121.629781,68,89.95,5974.3,0,0,1,0,1,0,1,1,0,0,0,0,0,0,1,0,0,0,1,0,0,0,1,1,0,0,0,0.2569572,False
95005,37.078873,-122.090386,0,20.0,1397.475,0,0,1,1,1,0,0,0,1,1,0,1,0,1,0,1,0,1,0,1,0,0,1,0,0,0,1,0.17937177,False
95007,37.106902,-122.100006,4,48.75,179.85,0,1,0,0,1,0,1,0,0,0,0,0,0,0,0,0,0,0,0,0,0,0,0,0,0,0,1,0.6304513,False
95008,37.279689,-121.954567,63,80.0,5040.2,1,0,1,0,1,0,1,0,0,0,1,0,1,0,1,0,1,0,0,0,1,1,0,0,1,0,0,0.25463098,False
95012,36.784481,-121.759054,21,20.35,422.7,1,0,0,0,1,0,0,0,1,1,0,1,0,1,0,1,0,1,0,1,0,1,0,1,0,0,1,0.1851333,False
95017,37.114335,-122.237162,1,20.25,20.25,1,0,0,1,1,0,0,0,1,1,0,1,0,1,0,1,0,1,0,1,0,0,0,1,0,0,1,0.49609363,False
95018,37.089111,-122.062213,17,19.4,358.05,0,0,0,0,1,0,0,0,1,1,0,1,0,1,0,1,0,1,0,1,0,0,1,0,0,0,1,0.1620312,False
95019,36.936228,-121.785559,30,100.4,2936.25,1,0,0,0,1,0,1,1,0,0,1,0,0,0,0,0,0,0,1,0,1,0,0,1,0,0,0,0.70532876,True
95020,37.03889,-121.528955,22,57.95,1271.8,1,0,1,1,1,0,0,0,0,0,1,0,1,0,0,0,1,0,0,0,0,0,0,1,0,0,1,0.27607623,False
95023,36.875409,-121.279679,9,59.5,530.05,0,0,0,0,1,0,0,0,0,0,0,0,0,0,0,0,1,0,1,0,0,0,0,1,0,0,0,0.48041725,False
95030,37.222842,-121.988727,1,19.2,19.2,1,0,1,1,1,0,0,0,1,1,0,1,0,1,0,1,0,1,0,1,0,0,0,0,0,0,1,0.47962952,False
95033,37.160194,-121.945611,19,59.55,1144.6,1,0,0,0,1,0,1,0,0,0,0,0,0,0,1,0,1,0,0,0,0,0,0,0,0,1,0,0.5285663,False
95039,36.863303,-121.781632,72,103.95,7556.9,0,0,1,0,1,0,1,1,0,0,1,0,1,0,1,0,1,0,1,0,0,0,1,1,0,0,0,0.2608721,False
95041,37.051166,-122.056194,70,68.95,4858.7,1,0,1,1,1,0,1,0,0,0,1,0,0,0,1,0,0,0,1,0,0,0,1,0,1,0,0,0.15605132,False
95043,36.525703,-120.952122,66,103.1,6595.0,0,0,0,0,1,0,1,1,0,0,1,0,1,0,1,0,1,0,0,0,1,0,0,1,0,0,0,0.428016,False
95045,36.810568,-121.503022,7,24.7,149.05,0,0,1,1,0,1,0,0,0,0,0,0,0,0,0,0,0,0,0,0,0,0,0,1,0,1,0,0.45000017,False
95046,37.084697,-121.606417,46,110.2,4972.1,0,1,1,1,1,0,1,1,0,0,1,0,1,0,0,0,1,0,1,0,1,0,0,1,0,1,0,0.35859683,False
95051,37.348129,-121.98469,32,62.45,2045.55,0,0,1,1,1,0,1,0,0,0,0,0,1,0,1,0,0,0,0,0,0,0,0,0,0,0,0,0.25214404,False
95054,37.393554,-121.965114,24,89.55,2187.15,1,0,0,0,1,0,0,1,0,0,0,0,1,0,1,0,0,0,0,0,1,0,0,1,0,1,0,0.7041069,True
95062,36.974575,-121.991149,37,78.9,2976.95,0,0,0,0,1,0,1,0,0,0,1,0,1,0,1,0,1,0,1,0,0,0,0,1,1,0,0,0.35171315,False
95064,37.007882,-122.065975,8,20.35,178.7,1,0,0,1,1,0,0,0,1,1,0,1,0,1,0,1,0,1,0,1,0,0,0,0,0,0,1,0.23770119,False
95065,37.031404,-121.981865,72,71.45,5025.85,0,0,1,1,1,0,1,0,0,0,1,0,0,0,1,0,0,0,1,0,0,0,1,1,0,0,0,0.15605132,False
95066,37.070177,-122.010077,71,46.35,3353.4,1,1,1,0,0,1,0,0,0,0,1,0,1,0,1,0,1,0,0,0,0,0,1,0,1,0,0,0.17832172,False
95070,37.257772,-122.051824,16,94.65,1461.15,0,0,1,0,1,0,0,1,0,0,0,0,1,0,0,0,0,0,1,0,1,0,0,1,0,0,0,0.7044602,True
95073,37.023669,-121.946461,57,49.9,2782.4,0,0,1,0,0,1,0,0,0,0,1,0,0,0,1,0,1,0,0,0,1,0,0,1,0,0,0,0.3534711,False
95076,36.931654,-121.752383,66,25.45,1699.15,1,0,0,0,1,0,1,0,1,1,0,1,0,1,0,1,0,1,0,1,0,1,0,0,0,0,0,0.19685118,False
95111,37.284265,-121.827673,21,20.75,452.2,0,0,0,1,1,0,0,0,1,1,0,1,0,1,0,1,0,1,0,1,0,0,0,0,0,0,1,0.21813676,False
95112,37.343827,-121.883119,66,66.1,4428.45,1,0,1,0,1,0,1,0,0,0,1,0,1,0,1,0,0,0,0,0,0,0,1,1,1,0,0,0.17245175,False
95113,37.333851,-121.891147,17,75.4,1322.55,0,0,1,0,1,0,1,0,0,0,0,0,1,0,0,0,0,0,1,0,1,0,0,1,0,0,0,0.46701393,False
95118,37.255479,-121.889838,8,21.05,139.75,0,0,1,1,1,0,0,0,1,1,0,1,0,1,0,1,0,1,0,1,0,0,0,0,1,0,0,0.23945689,False
95119,37.233226,-121.78809,27,69.35,1927.3,1,0,0,0,1,0,0,0,0,0,1,0,0,0,1,0,1,0,1,0,0,1,0,0,1,0,0,0.27385497,False
95120,37.186141,-121.843554,34,88.85,3000.25,1,0,1,0,1,0,1,1,0,0,0,0,1,0,0,0,0,0,0,0,1,0,0,0,0,0,1,0.59406394,False
95121,37.304681,-121.809955,30,97.0,3021.3,1,0,0,0,1,0,0,1,0,0,0,0,1,0,0,0,0,0,1,0,1,1,0,1,0,0,0,0.53875786,False
95122,37.32886,-121.834567,33,66.4,2245.4,1,0,0,0,1,0,0,0,0,0,0,0,1,0,1,0,0,0,1,0,0,0,0,1,1,0,0,0.39228362,False
95124,37.257063,-121.923037,14,69.2,944.65,1,0,1,1,1,0,1,0,0,0,1,0,1,0,0,0,0,0,0,0,1,0,0,0,0,0,1,0.3008966,False
95125,37.294926,-121.894763,16,79.5,1264.2,0,0,0,1,1,0,1,1,0,0,0,0,0,0,0,0,1,0,0,0,0,1,0,1,1,0,0,0.2733308,False
95126,37.327069,-121.916819,49,100.65,4917.75,0,0,0,0,1,0,0,1,0,0,0,0,0,0,1,0,1,0,1,0,1,0,1,0,1,0,0,0.27227476,False
95128,37.316146,-121.936285,70,79.7,5743.3,0,0,1,1,1,0,1,0,0,0,1,0,1,0,1,0,1,0,1,0,0,0,1,0,0,0,0,0.12877473,False
95129,37.305622,-122.000887,32,61.4,1864.65,0,0,1,1,1,0,0,0,0,0,1,0,1,0,0,0,1,0,0,0,0,0,0,0,0,0,0,0.22490864,False
95130,37.277592,-121.986477,18,69.8,1221.65,0,0,0,0,1,0,0,1,0,0,0,0,0,0,0,0,0,0,0,0,0,0,0,1,0,1,0,0.7074263,True
95131,37.387027,-121.897775,37,40.55,1390.85,1,0,0,0,0,1,0,0,0,0,1,0,1,0,0,0,1,0,0,0,0,0,1,1,0,0,1,0.17864981,False
95132,37.424655,-121.74841,4,75.65,302.35,0,0,0,0,1,0,1,1,0,0,0,0,0,0,0,0,0,0,0,0,0,0,0,1,0,1,0,0.80793536,True
95133,37.371862,-121.860349,16,90.7,1374.9,0,0,1,0,1,0,1,1,0,0,1,0,1,0,1,0,0,0,0,0,0,0,0,0,0,1,0,0.58508,False
95134,37.42765,-121.945416,17,80.5,1336.9,1,0,1,0,1,0,1,1,0,0,0,0,1,0,0,0,0,0,0,0,0,0,0,1,0,0,0,0.69379634,False
95135,37.28682,-121.723877,19,60.6,1297.8,0,0,0,1,1,0,0,0,0,0,1,0,1,0,1,0,0,0,0,0,0,0,0,1,0,1,0,0.3251687,False
95136,37.270938,-121.851046,60,101.15,6067.4,1,0,1,0,1,0,1,1,0,0,0,0,0,0,1,0,0,0,1,0,1,0,1,0,1,0,0,0.32555777,False
95138,37.246064,-121.749494,51,24.95,1222.25,1,0,1,1,1,0,1,0,1,1,0,1,0,1,0,1,0,1,0,1,0,0,1,1,0,0,1,0.13386415,False
95139,37.218705,-121.762429,28,20.3,487.95,1,0,1,1,1,0,0,0,1,1,0,1,0,1,0,1,0,1,0,1,0,0,1,1,1,0,0,0.1309193,False
95140,37.382909,-121.634151,43,60.0,2548.55,1,0,0,0,1,0,0,0,0,0,0,0,1,0,0,0,0,0,0,0,1,0,1,1,0,1,0,0.25629643,False
95148,37.339533,-121.777179,42,20.25,835.5,1,0,1,0,1,0,0,0,1,1,0,1,0,1,0,1,0,1,0,1,0,0,1,0,0,1,0,0.18896982,False
95203,37.954089,-121.329761,1,44.75,44.75,0,0,0,0,1,0,0,0,0,0,0,0,0,0,0,0,0,0,0,0,0,0,0,0,0,0,1,0.70083046,True
95205,37.965695,-121.260051,63,98.0,6218.45,0,0,0,0,1,0,1,1,0,0,1,0,1,0,1,0,0,0,1,0,0,0,1,0,1,0,0,0.23159309,False
95207,38.002125,-121.324979,68,107.7,7320.9,1,0,1,0,1,0,1,1,0,0,1,0,1,0,0,0,1,0,1,0,1,0,0,1,0,1,0,0.52868223,False
95210,38.033219,-121.297433,60,104.7,6333.8,0,0,0,0,1,0,1,1,0,0,0,0,1,0,1,0,0,0,1,0,1,0,1,0,0,1,0,0.48667938,False
95215,37.946282,-121.139499,45,93.9,4200.25,1,1,0,0,1,0,1,1,0,0,0,0,0,0,0,0,0,0,1,0,1,0,0,1,0,0,0,0.663939,False
95219,38.029729,-121.387999,70,86.45,5950.2,0,0,1,0,1,0,0,0,0,0,1,0,1,0,1,0,1,0,1,0,1,0,1,0,1,0,0,0.154248,False
95222,38.071327,-120.632221,4,19.4,93.4,1,0,0,0,1,0,0,0,1,1,0,1,0,1,0,1,0,1,0,1,0,0,0,0,0,0,1,0.30743986,False
95224,38.208336,-120.339938,68,24.95,1614.9,0,0,1,0,1,0,1,0,1,1,0,1,0,1,0,1,0,1,0,1,0,0,1,1,1,0,0,0.15146886,False
95225,38.183918,-120.898817,22,75.0,1573.95,1,0,1,1,1,0,0,1,0,0,1,0,0,0,0,0,0,0,0,0,0,0,0,0,0,0,0,0.3981472,False
95228,37.943954,-120.67108,18,78.2,1468.75,1,0,1,0,1,0,0,1,0,0,0,0,0,0,1,0,1,0,0,0,0,0,0,0,0,1,0,0.6349405,False
95230,37.956963,-120.863055,29,94.2,2607.6,1,0,0,0,1,0,0,1,0,0,0,0,0,0,0,0,1,0,1,0,1,0,0,1,0,1,0,0.6999223,False
95236,38.047746,-121.030499,31,50.05,1523.4,1,0,0,0,0,1,0,0,0,0,0,0,0,0,1,0,0,0,1,0,1,1,0,1,0,1,0,0.47737905,False
95240,38.123544,-121.159078,48,69.55,3435.6,0,0,1,0,1,0,1,0,0,0,0,0,0,0,1,0,1,0,0,0,1,1,0,1,0,0,1,0.2700506,False
95245,38.304194,-120.592431,50,90.1,4549.45,1,0,0,0,1,0,0,1,0,0,1,0,1,0,1,0,1,0,0,0,0,1,0,1,1,0,0,0.34117734,False
95246,38.264262,-120.515133,7,44.65,322.5,1,0,0,0,1,0,0,0,0,0,0,0,0,0,0,0,0,0,0,0,0,0,0,1,0,0,0,0.5744925,False
95249,38.196497,-120.61689,68,80.35,5375.15,1,0,1,1,1,0,0,1,0,0,1,0,0,0,1,0,0,0,0,0,0,0,1,0,1,0,0,0.16610244,False
95250,38.244806,-120.417301,26,98.1,2510.7,0,1,1,0,1,0,1,1,0,0,0,0,0,0,1,0,0,0,1,0,1,0,0,1,0,0,0,0.7306411,True
95251,38.055562,-120.456298,57,53.35,3090.05,1,0,0,0,0,1,0,0,0,0,0,0,0,0,1,0,1,0,1,0,1,0,1,0,1,0,0,0.22423023,False
95252,38.156971,-120.849231,3,19.55,61.05,0,0,0,0,1,0,0,0,1,1,0,1,0,1,0,1,0,1,0,1,0,0,0,0,0,1,0,0.39280298,False
95255,38.41935,-120.469545,19,48.95,955.6,1,0,1,1,1,0,0,0,0,0,1,0,0,0,0,0,0,0,0,0,0,1,0,1,0,0,0,0.25164515,False
95257,38.392686,-120.415951,3,54.2,140.4,0,0,0,0,1,0,0,0,0,0,0,0,0,0,0,0,0,0,1,0,0,0,0,1,0,1,0,0.7318151,True
95258,38.169605,-121.310964,59,24.45,1493.1,0,0,0,0,1,0,1,0,1,1,0,1,0,1,0,1,0,1,0,1,0,0,1,0,0,1,0,0.18438046,False
95303,37.4695,-120.672724,42,40.15,1626.05,1,0,1,0,0,1,0,0,0,0,1,0,0,0,0,0,0,0,1,0,0,0,0,1,0,0,0,0.4302671,False
95306,37.394411,-120.127262,67,25.6,1784.9,1,0,1,0,1,0,1,0,1,1,0,1,0,1,0,1,0,1,0,1,0,0,1,0,1,0,0,0.15146886,False
95307,37.553469,-120.952825,1,70.35,70.35,1,0,0,0,1,0,0,1,0,0,0,0,0,0,0,0,0,0,0,0,0,0,0,1,0,1,0,0.8332858,True
95310,38.085839,-120.37855,66,91.7,6075.9,1,0,1,0,1,0,1,0,0,0,1,0,1,0,1,0,1,0,1,0,1,0,1,0,0,0,0,0.154248,False
95311,37.722127,-120.110174,61,89.2,5500.6,0,0,0,0,1,0,1,1,0,0,0,0,0,0,1,0,0,0,0,0,1,0,0,0,0,0,1,0.45557657,False
95312,37.420273,-120.66527,4,24.1,73.1,1,0,1,1,1,0,1,0,1,1,0,1,0,1,0,1,0,1,0,1,0,1,0,0,1,0,0,0.21869417,False
95315,37.422961,-120.765493,64,53.85,3399.85,0,0,1,1,1,0,1,0,0,0,0,0,1,0,0,0,0,0,0,0,0,1,0,1,0,0,0,0.18425451,False
95316,37.524721,-120.757977,54,115.6,6431.05,0,1,1,0,1,0,1,1,0,0,1,0,1,0,1,0,1,0,1,0,1,1,0,1,0,0,0,0.410046,False
95317,37.127386,-120.506422,1,19.75,19.75,1,0,0,0,1,0,0,0,1,1,0,1,0,1,0,1,0,1,0,1,0,0,0,1,1,0,0,0.5240875,False
95318,37.654551,-119.822984,54,24.05,1230.9,1,0,1,1,1,0,1,0,1,1,0,1,0,1,0,1,0,1,0,1,0,0,1,1,0,0,0,0.1309193,False
95320,37.818543,-121.006907,18,25.3,454.65,0,0,0,1,1,0,1,0,1,1,0,1,0,1,0,1,0,1,0,1,0,0,1,0,1,0,0,0.13457264,False
95321,37.902968,-119.667544,3,84.3,235.05,1,0,0,0,1,0,0,1,0,0,0,0,1,0,0,0,0,0,0,0,1,0,0,0,0,1,0,0.7810451,True
95323,37.605926,-120.69955,72,89.75,6595.9,0,0,1,1,1,0,1,0,0,0,1,0,1,0,1,0,1,0,1,0,1,0,1,0,1,0,0,0.12877473,False
95324,37.394536,-120.890747,60,97.95,5867.0,1,1,1,0,1,0,0,1,0,0,0,0,1,0,1,0,0,0,1,0,1,1,0,1,0,1,0,0.51972234,False
95325,37.479926,-120.230424,11,20.0,196.35,0,0,1,1,1,0,0,0,1,1,0,1,0,1,0,1,0,1,0,1,0,1,0,1,0,0,1,0.18945754,False
95327,37.84771,-120.486589,61,103.9,6449.15,1,0,1,1,1,0,0,1,0,0,0,0,1,0,1,0,1,0,1,0,1,1,0,0,1,0,0,0.2816935,False
95328,37.555631,-120.911653,39,20.7,762.45,0,0,0,0,1,0,0,0,1,1,0,1,0,1,0,1,0,1,0,1,0,0,1,0,1,0,0,0.1522232,False
95333,37.249377,-120.249581,37,20.15,785.75,1,0,0,0,1,0,0,0,1,1,0,1,0,1,0,1,0,1,0,1,0,1,0,0,1,0,0,0.1819803,False
95334,37.361987,-120.748394,72,26.0,1776.0,0,0,1,0,1,0,1,0,1,1,0,1,0,1,0,1,0,1,0,1,0,0,1,1,0,0,1,0.14883393,False
95335,38.109125,-120.078597,72,77.35,5396.25,1,1,1,0,1,0,1,0,0,0,0,0,1,0,1,0,1,0,1,0,0,0,1,0,1,0,0,0.151816,False
95336,37.830267,-121.201018,8,66.05,574.5,0,0,0,0,1,0,0,0,0,0,1,0,0,0,0,0,1,0,0,0,1,0,0,0,0,0,0,0.41548032,False
95337,37.750822,-121.238423,22,19.9,400.3,0,0,1,1,1,0,0,0,1,1,0,1,0,1,0,1,0,1,0,1,0,0,0,0,0,0,1,0.24174234,False
95340,37.255637,-120.493537,38,68.15,2656.3,0,0,0,0,1,0,1,0,0,0,0,0,1,0,0,0,1,0,0,0,1,0,0,0,1,0,0,0.3453409,False
95345,37.581496,-119.972762,17,80.85,1445.95,1,0,0,1,1,0,0,0,0,0,0,0,1,0,1,0,1,0,1,0,1,1,0,0,0,1,0,0.27625376,False
95346,38.121601,-120.133915,70,75.5,5212.65,0,1,0,0,1,0,1,0,0,0,0,0,1,0,1,0,1,0,1,0,0,0,1,1,0,0,0,0.1690935,False
95350,37.671806,-121.007575,28,80.6,2244.95,0,0,0,0,1,0,0,1,0,0,0,0,0,0,0,0,0,0,0,0,1,0,0,1,0,1,0,0.6987265,False
95351,37.621458,-121.012295,15,83.2,1130.0,0,0,0,0,1,0,0,1,0,0,0,0,1,0,0,0,0,0,1,0,0,0,0,1,0,0,0,0.7395727,True
95354,37.639029,-120.964772,72,87.55,6463.15,1,0,1,1,1,0,1,0,0,0,1,0,1,0,1,0,1,0,1,0,1,0,1,1,0,0,0,0.12877473,False
95357,37.670526,-120.877572,57,109.4,6252.7,0,0,1,0,1,0,1,1,0,0,0,0,1,0,1,0,1,0,1,0,1,1,0,1,0,0,0,0.4785229,False
95360,37.343846,-121.039391,46,45.55,2062.15,0,0,1,0,0,1,0,0,0,0,1,0,1,0,0,0,0,0,1,0,0,0,0,0,0,1,0,0.4338689,False
95361,37.785033,-120.776141,30,20.7,587.1,1,0,1,0,1,0,0,0,1,1,0,1,0,1,0,1,0,1,0,1,0,1,0,0,1,0,0,0.1819803,False
95363,37.410236,-121.320337,10,75.3,720.45,1,1,1,0,1,0,0,1,0,0,1,0,0,0,0,0,0,0,0,0,0,0,0,0,0,1,0,0.680261,False
95365,37.329725,-120.306399,32,93.4,2979.3,1,0,0,0,1,0,0,1,0,0,1,0,1,0,1,0,0,0,0,0,1,0,0,1,1,0,0,0.53030604,False
95366,37.750778,-121.13238,13,73.75,956.65,1,0,0,0,1,0,0,1,0,0,1,0,0,0,0,0,0,0,0,0,0,0,0,1,1,0,0,0.66028655,False
95368,37.713152,-121.08739,44,88.15,3973.2,0,0,0,0,1,0,0,1,0,0,0,0,1,0,1,0,0,0,1,0,0,0,0,1,1,0,0,0.5545395,False
95369,37.521708,-120.426843,9,49.2,447.9,1,1,0,0,1,0,0,0,0,0,0,0,0,0,0,0,1,0,0,0,0,0,0,0,0,0,1,0.47632965,False
95370,37.982716,-120.343732,67,19.65,1335.2,0,0,1,0,1,0,0,0,1,1,0,1,0,1,0,1,0,1,0,1,0,0,1,0,0,0,1,0.15479362,False
95376,37.680968,-121.446049,71,105.15,7555.0,0,0,1,0,1,0,1,1,0,0,0,0,1,0,1,0,0,0,1,0,1,0,1,1,0,0,0,0.34050733,False
95379,37.939768,-120.188002,1,49.0,49.0,1,0,0,0,1,0,0,0,0,0,0,0,0,0,0,0,1,0,0,0,0,0,0,0,1,0,0,0.6282888,False
95383,38.107441,-120.230625,17,49.8,836.35,1,0,1,0,0,1,0,0,0,0,0,0,1,0,0,0,0,0,1,0,1,0,0,1,0,0,1,0.53357416,False
95387,37.546007,-121.28257,1,20.95,20.95,1,0,0,0,1,0,0,0,1,1,0,1,0,1,0,1,0,1,0,1,0,0,0,0,0,0,0,0.5382209,False
95389,37.704267,-119.607001,32,79.3,2570.0,0,1,1,0,1,0,1,1,0,0,0,0,0,0,1,0,0,0,0,0,0,0,0,0,0,0,1,0.60591567,False
95401,38.460517,-122.790335,41,19.5,798.2,1,0,1,1,1,0,0,0,1,1,0,1,0,1,0,1,0,1,0,1,0,1,0,0,0,0,0,0.15089916,False
95404,38.526941,-122.709096,1,44.15,44.15,0,0,0,0,1,0,0,0,0,0,0,0,0,0,0,0,0,0,0,0,0,0,0,0,0,0,0,0.70083046,True
95407,38.394091,-122.739814,62,105.5,6487.2,1,0,1,1,1,0,1,1,0,0,1,0,1,0,0,0,0,0,1,0,1,0,0,1,0,1,0,0.30796334,False
95410,39.225694,-123.717354,17,92.7,1556.85,0,0,0,1,1,0,1,1,0,0,0,0,1,0,1,0,1,0,0,0,0,0,0,1,1,0,0,0.43177372,False
95412,38.731055,-123.316553,72,26.25,1988.05,0,0,1,1,1,0,1,0,1,1,0,1,0,1,0,1,0,1,0,1,0,0,1,1,0,0,0,0.1309193,False
95415,39.025867,-123.381544,56,96.95,5432.2,1,0,1,1,1,0,1,1,0,0,0,0,1,0,0,0,1,0,1,0,0,0,0,1,1,0,0,0.28393832,False
95417,39.710591,-123.682799,9,20.45,147.55,0,0,0,0,1,0,0,0,1,1,0,1,0,1,0,1,0,1,0,1,0,0,0,1,1,0,0,0.30453116,False
95420,39.361283,-123.784599,72,115.8,8424.9,1,0,1,0,1,0,1,1,0,0,1,0,1,0,1,0,1,0,1,0,1,0,1,1,0,0,0,0.21389335,False
95421,38.578807,-123.19338,20,108.2,2203.7,1,0,0,0,1,0,0,1,0,0,1,0,1,0,1,0,1,0,1,0,1,0,0,1,0,0,0,0.61306494,False
95422,38.965804,-122.631779,19,20.2,387.4,1,0,1,1,1,0,0,0,1,1,0,1,0,1,0,1,0,1,0,1,0,0,1,0,0,0,1,0.14291102,False
95425,38.801936,-122.938935,53,54.9,3045.75,1,0,0,0,0,1,0,0,0,0,0,0,0,0,1,0,1,0,1,0,1,1,0,0,1,0,0,0.39487085,False
95427,39.239818,-123.565432,6,20.15,130.5,1,0,0,0,1,0,0,0,1,1,0,1,0,1,0,1,0,1,0,1,0,0,0,0,0,0,0,0.30453116,False
95428,39.83307,-123.178765,9,90.35,767.9,1,0,1,1,1,0,1,1,0,0,0,0,0,0,1,0,0,0,1,0,0,1,0,1,0,1,0,0.3950897,False
95429,39.756049,-123.358701,8,55.75,446.8,0,0,1,1,1,0,1,0,0,0,0,0,1,0,0,0,0,0,0,0,0,0,0,0,0,1,0,0.31604084,False
95430,38.445603,-123.063756,71,114.6,8100.25,0,0,1,1,1,0,1,1,0,0,1,0,1,0,1,0,1,0,1,0,1,0,1,0,0,0,0,0.16073269,False
95436,38.499302,-122.92444,71,66.8,4689.15,0,0,1,0,0,1,0,0,0,0,1,0,1,0,1,0,1,0,1,0,1,1,0,0,0,0,0,0.25639433,False
95437,39.455555,-123.683979,68,100.3,6754.35,1,0,1,0,1,0,0,1,0,0,0,0,1,0,0,0,1,0,1,0,1,1,0,1,0,1,0,0.5987818,False
95439,38.493888,-122.777141,34,105.35,3540.65,1,0,0,0,1,0,1,1,0,0,0,0,1,0,0,0,1,0,1,0,1,0,0,1,0,1,0,0.73570395,True
95441,38.731771,-123.064272,26,85.2,2184.6,1,0,0,0,1,0,0,1,0,0,0,0,1,0,1,0,1,0,0,0,0,1,0,1,0,1,0,0.43102512,False
95443,39.045246,-122.743181,7,18.95,130.55,1,0,0,0,1,0,0,0,1,1,0,1,0,1,0,1,0,1,0,1,0,0,0,1,0,0,1,0.2912713,False
95444,38.434362,-122.86891,20,69.8,1540.35,0,0,1,0,1,0,0,1,0,0,0,0,0,0,0,0,0,0,0,0,0,0,0,1,0,0,0,0.6750673,False
95445,38.848082,-123.50608,60,106.15,6411.25,0,0,1,0,1,0,1,1,0,0,0,0,1,0,1,0,0,0,1,0,1,0,0,1,0,1,0,0.703393,True
95446,38.52576,-123.013347,72,20.55,1432.55,1,0,1,1,1,0,0,0,1,1,0,1,0,1,0,1,0,1,0,1,0,0,1,0,0,1,0,0.1510257,False
95448,38.618347,-122.908422,72,105.75,7629.85,0,1,1,0,1,0,1,1,0,0,0,0,1,0,1,0,0,0,1,0,1,1,0,1,1,0,0,0.49640575,False
95449,38.93706,-123.118111,4,25.25,101.9,1,0,0,0,1,0,1,0,1,1,0,1,0,1,0,1,0,1,0,1,0,0,0,0,0,0,1,0.31659353,False
95450,38.505995,-123.187019,16,19.75,313.4,1,0,1,1,1,0,0,0,1,1,0,1,0,1,0,1,0,1,0,1,0,0,0,0,0,1,0,0.28380653,False
95451,38.93496,-122.792243,62,104.85,6312.9,0,1,1,0,1,0,1,1,0,0,1,0,0,0,1,0,0,0,1,0,1,1,0,1,0,1,0,0.5393667,False
95452,38.419525,-122.521585,10,60.95,629.55,0,0,0,0,1,0,0,0,0,0,0,0,0,0,0,0,1,0,0,0,1,0,0,1,0,0,1,0.4664949,False
95453,39.080469,-122.955176,31,81.15,2640.55,1,0,0,0,1,0,1,1,0,0,0,0,1,0,0,0,0,0,0,0,0,0,0,1,0,1,0,0.7339804,True
95454,39.806141,-123.531098,71,19.1,1372.45,0,0,1,0,1,0,0,0,1,1,0,1,0,1,0,1,0,1,0,1,0,0,1,0,1,0,0,0.14561512,False
95456,39.245911,-123.77214,58,20.8,1212.25,1,0,0,0,1,0,0,0,1,1,0,1,0,1,0,1,0,1,0,1,0,0,1,0,0,0,1,0.16270934,False
95457,38.925545,-122.549083,70,90.15,6237.05,1,0,1,1,1,0,1,0,0,0,1,0,1,0,1,0,1,0,1,0,1,0,1,1,1,0,0,0.12877473,False
95458,39.141934,-122.770679,71,90.1,6310.9,0,0,1,0,1,0,1,0,0,0,1,0,1,0,1,0,1,0,1,0,1,0,1,0,0,1,0,0.19374682,False
95459,38.966713,-123.586412,69,74.1,5031.0,1,1,0,0,1,0,1,0,0,0,1,0,0,0,1,0,1,0,0,0,1,0,1,0,1,0,0,0.16214317,False
95461,38.787446,-122.58675,72,118.75,8672.45,0,0,1,1,1,0,1,1,0,0,1,0,1,0,1,0,1,0,1,0,1,0,1,1,0,0,0,0.16073269,False
95462,38.471049,-123.015549,26,85.9,2196.45,0,0,1,0,1,0,0,1,0,0,0,0,0,0,0,0,1,0,0,0,1,0,0,0,1,0,0,0.5647404,False
95463,39.182916,-123.552571,33,95.0,3008.15,0,0,1,0,1,0,1,1,0,0,0,0,0,0,1,0,1,0,0,0,1,0,0,1,1,0,0,0.6461554,False
95464,39.12334,-122.838198,10,20.15,220.8,0,0,1,1,1,0,0,0,1,1,0,1,0,1,0,1,0,1,0,1,0,0,1,0,0,0,1,0.15262365,False
95465,38.415003,-122.998726,57,101.3,5779.6,0,1,0,0,1,0,1,1,0,0,1,0,0,0,1,0,1,0,0,0,1,0,1,0,1,0,0,0.26037523,False
95466,39.094102,-123.500853,10,21.2,222.65,0,0,0,0,1,0,0,0,1,1,0,1,0,1,0,1,0,1,0,1,0,0,0,1,0,1,0,0.3277092,False
95468,38.911299,-123.609588,39,24.2,914.6,0,0,1,1,1,0,1,0,1,1,0,1,0,1,0,1,0,1,0,1,0,1,0,1,0,0,1,0.1542137,False
95469,39.408634,-123.045516,11,20.3,246.3,0,0,0,0,1,0,0,0,1,1,0,1,0,1,0,1,0,1,0,1,0,0,0,0,0,0,0,0.3169259,False
95471,38.522328,-122.97932,68,85.3,5560.0,0,0,1,1,1,0,1,0,0,0,0,0,1,0,1,0,1,0,1,0,1,0,1,0,0,0,0,0.13049406,False
95472,38.398815,-122.861923,18,89.6,1633.0,1,0,0,0,1,0,1,1,0,0,0,0,0,0,1,0,0,0,1,0,0,1,0,1,1,0,0,0.5181346,False
95482,39.134075,-123.23422,18,56.25,969.85,1,0,0,0,1,0,1,0,0,0,1,0,0,0,0,0,0,0,0,0,0,0,0,0,0,0,1,0.42289644,False
95485,39.220368,-122.907693,52,50.95,2610.65,0,0,1,1,1,0,0,0,0,0,0,0,0,0,1,0,0,0,0,0,0,1,0,1,0,0,0,0.23626198,False
95488,39.724433,-123.767578,56,115.85,6567.9,1,0,1,1,1,0,1,1,0,0,1,0,1,0,1,0,1,0,1,0,1,0,1,0,0,0,1,0.22755033,False
95490,39.492046,-123.375818,45,103.65,4747.85,1,0,0,0,1,0,1,1,0,0,0,0,0,0,1,0,1,0,1,0,1,0,0,1,0,0,0,0.6527562,False
95492,38.527297,-122.810044,67,26.1,1759.55,0,0,0,0,1,0,1,0,1,1,0,1,0,1,0,1,0,1,0,1,0,0,1,1,0,0,1,0.15479362,False
95493,39.222323,-122.985488,3,35.1,101.1,1,0,1,0,0,1,0,0,0,0,1,0,0,0,0,0,1,0,0,0,0,0,0,0,0,0,1,0.5283076,False
95494,38.888351,-123.239647,65,99.1,6496.15,1,1,0,0,1,0,0,1,0,0,0,0,1,0,1,0,0,0,1,0,1,0,0,1,0,0,0,0.57461625,False
95497,38.696659,-123.436861,63,67.25,4234.15,1,0,1,0,1,0,1,0,0,0,0,0,1,0,0,0,1,0,0,0,1,0,1,0,0,0,1,0.16910596,False
95501,40.796621,-124.15428,11,25.0,300.7,0,0,1,1,1,0,1,0,1,1,0,1,0,1,0,1,0,1,0,1,0,0,1,0,0,0,1,0.22783937,False
95503,40.737431,-124.108897,1,59.55,59.55,1,0,0,1,1,0,0,0,0,0,0,0,0,0,0,0,1,0,0,0,1,0,0,1,0,0,1,0.4616533,False
95511,40.166028,-123.584144,55,77.8,4323.35,1,0,0,0,1,0,1,0,0,0,0,0,0,0,1,0,0,0,1,0,1,0,1,1,0,0,0,0.21239774,False
95514,40.309088,-123.668201,25,55.1,1466.1,1,0,1,1,1,0,1,0,0,0,0,0,0,0,0,0,1,0,0,0,0,1,0,1,0,0,1,0.16682346,False
95521,40.839958,-124.003757,72,24.15,1776.45,0,0,1,0,1,0,1,0,1,1,0,1,0,1,0,1,0,1,0,1,0,0,1,1,1,0,0,0.16713575,False
95524,40.825486,-124.049485,65,45.25,2933.95,0,0,0,1,0,1,0,0,0,0,0,0,1,0,0,0,1,0,1,0,0,0,1,0,0,0,1,0.20335981,False
95526,40.372532,-123.525626,7,20.25,144.35,1,0,1,1,1,0,0,0,1,1,0,1,0,1,0,1,0,1,0,1,0,0,0,0,0,0,1,0.2344984,False
95527,40.854512,-123.450097,72,64.75,4804.75,0,0,1,0,1,0,1,0,0,0,1,0,1,0,0,0,1,0,0,0,0,0,1,0,0,0,0,0.14382868,False
95528,40.497283,-123.93037,21,54.6,1125.2,1,0,1,0,1,0,0,0,0,0,0,0,0,0,0,0,0,0,1,0,0,0,0,0,0,0,0,0.4996325,False
95531,41.701223,-124.003393,2,20.7,39.85,0,0,0,0,1,0,0,0,1,1,0,1,0,1,0,1,0,1,0,1,0,0,0,1,0,0,0,0.43972126,False
95536,40.4785,-124.301372,4,94.75,422.4,1,1,0,0,1,0,0,1,0,0,0,0,0,0,1,0,0,0,1,0,1,0,0,1,0,1,0,0.8110306,True
95540,40.584991,-124.121504,72,115.8,8332.15,1,0,1,0,1,0,1,1,0,0,1,0,1,0,1,0,1,0,1,0,1,0,1,0,1,0,0,0.3868883,False
95542,40.057784,-123.679461,6,49.45,314.6,0,0,0,0,1,0,0,0,0,0,1,0,0,0,0,0,0,0,0,0,0,0,0,1,0,1,0,0.58058023,False
95543,41.867908,-123.794144,52,83.8,4331.4,1,0,0,0,1,0,0,1,0,0,0,0,0,0,1,0,0,0,0,0,1,0,0,1,1,0,0,0.5893357,False
95545,40.342928,-124.063329,69,95.35,6382.0,1,1,1,0,1,0,1,1,0,0,0,0,1,0,1,0,0,0,0,0,1,0,0,1,0,0,0,0.57611895,False
95547,40.557314,-124.081662,8,74.05,600.15,0,1,0,0,1,0,0,1,0,0,0,0,0,0,1,0,0,0,0,0,0,0,0,1,0,0,0,0.7468893,True
95548,41.572813,-124.035011,63,89.6,5538.8,0,1,0,0,1,0,1,1,0,0,0,0,0,0,1,0,0,0,0,0,1,0,0,1,0,0,0,0.57918215,False
95549,40.664483,-123.865325,60,116.6,7049.5,1,0,0,0,1,0,1,1,0,0,1,0,1,0,1,0,1,0,1,0,1,1,0,1,1,0,0,0.4674413,False
95550,40.7666,-123.80458,12,54.2,690.5,0,0,1,0,1,0,0,0,0,0,1,0,0,0,0,0,1,0,0,0,0,0,0,0,0,0,0,0.39976025,False
95551,40.665952,-124.240051,13,19.3,279.3,0,0,0,0,1,0,0,0,1,1,0,1,0,1,0,1,0,1,0,1,0,0,0,1,0,0,1,0.31632534,False
95552,40.390301,-123.412327,22,65.05,1427.55,1,0,0,0,1,0,1,0,0,0,1,0,1,0,1,0,0,0,0,0,0,0,0,0,0,0,1,0.37870398,False
95555,41.336354,-124.044354,72,24.05,1709.15,0,0,1,1,1,0,1,0,1,1,0,1,0,1,0,1,0,1,0,1,0,0,1,1,0,0,0,0.18053786,False
95556,41.269521,-123.546958,2,18.75,53.15,0,0,0,0,1,0,0,0,1,1,0,1,0,1,0,1,0,1,0,1,0,0,0,0,0,0,0,0.368853,False
95558,40.274302,-124.210902,40,20.15,777.35,0,0,1,1,1,0,0,0,1,1,0,1,0,1,0,1,0,1,0,1,0,0,1,0,0,0,0,0.17849615,False
95559,40.184094,-123.745487,44,20.0,860.85,1,0,1,1,1,0,0,0,1,1,0,1,0,1,0,1,0,1,0,1,0,1,0,0,0,0,0,0.15089916,False
95560,40.142256,-123.852927,71,71.0,5012.1,1,1,1,0,1,0,0,0,0,0,1,0,1,0,0,0,1,0,1,0,0,1,0,1,0,0,0,0.21647865,False
95563,40.89866,-123.539754,26,93.6,2404.1,1,1,0,0,1,0,1,1,0,0,0,0,0,0,0,0,0,0,1,0,1,0,0,1,0,1,0,0.7676842,True
95565,40.440636,-124.098739,1,24.4,24.4,0,0,0,0,0,1,0,0,0,0,0,0,0,0,0,0,0,0,0,0,0,0,0,0,0,0,1,0.65038216,False
95568,41.444606,-123.471895,3,65.25,209.9,1,0,0,0,1,0,1,0,0,0,0,0,0,0,0,0,1,0,1,0,0,0,0,1,0,0,1,0.5299146,False
95569,40.363446,-123.835041,13,50.55,610.75,1,0,0,0,1,0,0,0,0,0,0,0,0,0,0,0,1,0,0,0,0,0,0,1,0,0,1,0.4677801,False
95571,40.310119,-123.909449,1,70.7,70.7,0,0,0,0,1,0,0,1,0,0,0,0,0,0,0,0,0,0,0,0,0,0,0,1,0,0,1,0.79097193,True
95573,40.949012,-123.655847,4,45.25,155.35,1,0,1,1,1,0,0,0,0,0,0,0,0,0,0,0,0,0,0,0,0,0,0,0,0,0,1,0.5108144,False
95585,39.873371,-123.741474,2,70.3,144.0,1,0,0,0,1,0,0,1,0,0,0,0,0,0,0,0,0,0,0,0,0,0,0,1,0,1,0,0.7959464,True
95587,39.955587,-123.681175,72,108.95,7875.0,1,0,1,0,1,0,1,1,0,0,1,0,1,0,0,0,1,0,1,0,1,0,1,1,1,0,0,0.24025767,False
95589,40.053159,-123.995867,37,26.45,911.6,0,0,1,1,1,0,1,0,1,1,0,1,0,1,0,1,0,1,0,1,0,0,0,0,0,0,1,0.21074927,False
95601,38.431407,-120.8421,23,19.65,478.1,0,0,0,0,1,0,0,0,1,1,0,1,0,1,0,1,0,1,0,1,0,1,0,1,1,0,0,0.1819803,False
95603,38.912881,-121.082766,42,19.05,761.85,0,0,1,1,1,0,0,0,1,1,0,1,0,1,0,1,0,1,0,1,0,1,0,1,0,1,0,0.169974,False
95605,38.592745,-121.540036,32,74.75,2282.95,0,0,0,0,1,0,1,0,0,0,1,0,0,0,0,0,0,0,1,0,1,1,0,0,0,0,1,0.34277618,False
95606,38.809804,-122.241383,22,75.8,1615.1,0,0,1,1,1,0,1,1,0,0,0,0,0,0,0,0,0,0,0,0,0,0,0,1,0,0,0,0.46697894,False
95607,38.681651,-122.130569,42,25.1,1097.15,1,0,1,0,0,1,0,0,0,0,0,0,0,0,0,0,0,0,0,0,0,0,0,1,1,0,0,0.53067166,False
95608,38.626128,-121.328011,8,44.45,369.3,0,0,0,0,1,0,0,0,0,0,0,0,0,0,0,0,0,0,0,0,0,0,0,0,0,0,1,0.5254175,False
95610,38.69508,-121.271616,65,104.3,6725.3,0,0,1,1,1,0,1,1,0,0,1,0,0,0,1,0,0,0,1,0,1,0,1,1,1,0,0,0.25926337,False
95614,38.880622,-120.973865,70,89.0,6293.2,0,0,1,1,1,0,1,0,0,0,1,0,1,0,1,0,1,0,1,0,1,0,1,1,0,0,0,0.1331389,False
95615,38.311609,-121.554034,22,20.15,432.5,1,0,0,1,1,0,0,0,1,1,0,1,0,1,0,1,0,1,0,1,0,0,0,0,1,0,0,0.22823797,False
95619,38.683605,-120.811852,67,36.15,2434.45,0,0,1,1,0,1,0,0,0,0,1,0,1,0,0,0,0,0,0,0,0,0,1,0,0,0,0,0.18954745,False
95620,38.392821,-121.799917,25,19.2,532.1,0,0,0,0,1,0,0,0,1,1,0,1,0,1,0,1,0,1,0,1,0,0,0,1,1,0,0,0.256902,False
95621,38.69549,-121.307864,20,19.25,375.25,0,0,1,0,1,0,0,0,1,1,0,1,0,1,0,1,0,1,0,1,0,0,0,0,0,0,0,0.2880057,False
95623,38.63153,-120.842609,2,61.2,125.95,0,0,0,1,1,0,0,0,0,0,1,0,0,0,0,0,0,0,0,0,1,0,0,1,1,0,0,0.39727837,False
95624,38.434138,-121.30587,51,20.45,1042.65,1,0,0,0,1,0,0,0,1,1,0,1,0,1,0,1,0,1,0,1,0,0,1,0,0,0,1,0.15556149,False
95625,38.349195,-121.902943,46,35.05,1620.25,0,0,1,1,0,1,0,0,0,0,1,0,1,0,0,0,0,0,0,0,0,0,0,0,0,0,0,0.29441923,False
95627,38.834469,-122.127193,13,44.0,659.35,1,0,0,1,1,0,0,0,0,0,0,0,0,0,0,0,0,0,0,0,0,0,0,0,0,0,1,0.364364,False
95629,38.513484,-120.704613,26,50.35,1285.8,1,0,1,1,1,0,0,0,0,0,0,0,0,0,1,0,0,0,0,0,0,1,0,0,0,0,1,0.2142803,False
95631,39.031876,-120.811141,19,20.0,377.55,1,0,0,1,1,0,0,0,1,1,0,1,0,1,0,1,0,1,0,1,0,0,0,1,0,1,0,0.25836864,False
95634,38.9386,-120.785514,72,86.4,6058.95,0,0,1,0,1,0,1,0,0,0,1,0,1,0,0,0,1,0,1,0,1,0,1,1,0,0,0,0.14931363,False
95635,38.921333,-120.897718,18,58.4,964.9,1,1,0,0,1,0,1,0,0,0,1,0,1,0,0,0,0,0,0,0,0,0,0,1,1,0,0,0.45973653,False
95638,38.313447,-121.123886,24,94.1,2322.85,1,0,0,0,1,0,1,1,0,0,0,0,0,0,0,0,0,0,1,0,1,0,0,1,0,1,0,0.77935386,True
95640,38.33788,-120.954202,46,108.9,4854.3,0,0,1,0,1,0,1,1,0,0,0,0,1,0,1,0,1,0,1,0,1,0,1,1,1,0,0,0.38492712,False
95641,38.154823,-121.601358,72,107.4,7748.75,0,1,0,0,1,0,1,1,0,0,1,0,1,0,1,0,1,0,0,0,1,0,1,1,0,0,0,0.23059893,False
95645,38.875508,-121.765866,70,90.85,6470.1,0,1,1,0,1,0,1,1,0,0,1,0,0,0,0,0,0,0,0,0,1,0,0,1,0,1,0,0.4608393,False
95646,38.631489,-120.015167,2,19.9,57.4,0,0,0,0,1,0,0,0,1,1,0,1,0,1,0,1,0,1,0,1,0,0,0,0,0,1,0,0.39280298,False
95648,38.922812,-121.312005,31,66.4,2019.8,1,0,1,0,1,0,0,0,0,0,0,0,0,0,1,0,1,0,0,0,1,0,0,1,1,0,0,0.34555355,False
95651,38.815515,-120.916997,16,100.7,1522.7,0,0,1,1,1,0,0,1,0,0,1,0,0,0,1,0,0,0,1,0,1,0,0,0,0,0,0,0.46431148,False
95653,38.674276,-121.961866,52,25.6,1334.5,1,0,0,1,1,0,1,0,1,1,0,1,0,1,0,1,0,1,0,1,0,0,1,0,1,0,0,0.12977697,False
95655,38.549822,-121.266725,13,19.85,252.0,1,0,1,1,1,0,0,0,1,1,0,1,0,1,0,1,0,1,0,1,0,0,0,1,0,0,1,0.21674351,False
95658,38.883224,-121.15918,35,20.75,700.45,0,0,0,0,1,0,0,0,1,1,0,1,0,1,0,1,0,1,0,1,0,1,0,0,0,0,1,0.18582813,False
95659,38.788898,-121.608624,59,95.8,5655.45,0,0,0,0,1,0,0,1,0,0,0,0,0,0,1,0,0,0,1,0,1,0,1,0,0,1,0,0.37359706,False
95660,38.671295,-121.388251,72,94.65,6747.35,1,0,1,0,1,0,0,1,0,0,0,0,0,0,1,0,0,0,1,0,1,0,0,1,0,1,0,0.63870275,False
95662,38.689174,-121.218435,49,106.65,5174.35,0,0,1,0,1,0,1,1,0,0,1,0,1,0,1,0,1,0,0,0,1,0,1,0,1,0,0,0.29934937,False
95663,38.859093,-121.182872,2,45.85,105.6,0,0,0,0,1,0,0,0,0,0,0,0,0,0,0,0,0,0,0,0,0,0,0,1,0,0,1,0.70599437,True
95664,38.803731,-121.043799,21,104.35,2271.85,1,1,0,0,1,0,1,1,0,0,0,0,1,0,1,0,0,0,1,0,1,0,0,1,0,1,0,0.7849373,True
95665,38.400264,-120.641274,54,55.45,2966.95,1,1,0,0,0,1,0,0,0,0,0,0,1,0,1,0,0,0,1,0,1,1,0,1,0,1,0,0.4904071,False
95667,38.733714,-120.795213,1,61.15,61.15,1,0,0,0,1,0,1,0,0,0,1,0,1,0,0,0,0,0,0,0,0,0,0,0,0,1,0,0.56351703,False
95668,38.833554,-121.498102,6,78.95,494.95,1,0,0,0,1,0,0,1,0,0,1,0,1,0,0,0,0,0,0,0,0,0,0,1,0,1,0,0.6885542,False
95670,38.602723,-121.279913,49,109.2,5290.45,1,0,0,1,1,0,1,1,0,0,1,0,1,0,1,0,0,0,1,0,1,1,0,1,1,0,0,0.32349208,False
95672,38.724322,-120.991237,56,61.3,3346.8,0,0,1,1,1,0,0,0,0,0,1,0,1,0,1,0,0,0,0,0,0,0,1,1,1,0,0,0.16339497,False
95673,38.688764,-121.457596,56,96.85,5219.65,0,1,0,0,1,0,1,1,0,0,1,0,1,0,0,0,0,0,0,0,1,0,0,1,0,1,0,0.51718503,False
95674,38.954144,-121.482536,6,40.55,217.5,0,0,1,1,0,1,0,0,0,0,0,0,1,0,1,0,1,0,0,0,0,0,1,0,0,0,1,0.21463773,False
95675,38.545775,-120.743325,32,19.8,607.7,1,0,0,0,1,0,0,0,1,1,0,1,0,1,0,1,0,1,0,1,0,1,0,0,0,0,1,0.18582813,False
95677,38.7904,-121.236973,50,108.25,5431.4,1,0,1,1,1,0,1,1,0,0,1,0,1,0,1,0,0,0,1,0,1,1,0,1,0,1,0,0.31091374,False
95678,38.759751,-121.288545,58,105.05,6004.85,1,0,1,1,1,0,1,1,0,0,0,0,0,0,1,0,1,0,1,0,1,1,0,1,0,0,0,0.3422682,False
95681,38.984756,-121.345074,65,90.45,5957.9,0,0,1,1,1,0,1,0,0,0,1,0,1,0,1,0,1,0,1,0,1,0,1,1,0,0,1,0.1331389,False
95682,38.598936,-120.963092,64,86.4,5442.05,0,0,0,0,1,0,1,0,0,0,1,0,1,0,1,0,1,0,1,0,1,0,1,1,1,0,0,0.16636221,False
95683,38.470423,-121.114897,66,66.9,4370.25,0,0,1,0,1,0,1,0,0,0,1,0,1,0,1,0,0,0,0,0,0,0,1,0,0,0,0,0.17245175,False
95684,38.606703,-120.586659,38,110.7,4428.6,1,0,1,0,1,0,1,1,0,0,1,0,0,0,1,0,1,0,1,0,1,1,0,1,0,1,0,0.5842211,False
95685,38.432145,-120.77069,20,20.0,416.45,0,0,1,0,1,0,0,0,1,1,0,1,0,1,0,1,0,1,0,1,0,1,0,1,0,0,1,0.19549501,False
95687,38.333133,-121.920151,64,102.1,6688.1,1,1,0,0,1,0,1,1,0,0,0,0,0,0,1,0,1,0,1,0,1,1,0,0,0,1,0,0.5508924,False
95689,38.481902,-120.603668,60,70.15,4224.7,0,0,0,0,1,0,0,0,0,0,0,0,1,0,1,0,1,0,1,0,0,1,0,1,1,0,0,0.2712643,False
95691,38.627951,-121.593287,50,80.05,4042.2,0,0,1,1,1,0,1,0,0,0,1,0,1,0,1,0,1,0,0,0,1,1,0,1,0,0,0,0.1691411,False
95693,38.392559,-121.225093,72,49.2,3580.95,0,0,1,0,0,1,0,0,0,0,1,0,1,0,1,0,0,0,0,0,1,0,1,1,0,1,0,0.29576352,False
95694,38.578604,-122.024579,60,20.5,1198.8,1,0,1,0,1,0,0,0,1,1,0,1,0,1,0,1,0,1,0,1,0,0,1,1,0,0,0,0.1522232,False
95695,38.71967,-121.862416,46,38.25,1755.35,1,0,0,0,0,1,0,0,0,0,1,0,0,0,1,0,1,0,0,0,0,0,1,0,0,0,1,0.18592234,False
95701,39.218096,-120.79153,69,54.95,3772.5,0,0,1,1,0,1,0,0,0,0,0,0,1,0,1,0,0,0,1,0,1,0,1,1,1,0,0,0.17995152,False
95703,38.983388,-120.988814,31,96.6,2877.95,1,1,0,0,1,0,1,1,0,0,0,0,0,0,1,0,1,0,1,0,0,0,0,1,0,0,0,0.6644387,False
95709,38.748316,-120.675512,19,19.9,357.7,1,0,1,1,1,0,0,0,1,1,0,1,0,1,0,1,0,1,0,1,0,1,0,0,0,0,1,0.17098816,False
95713,39.084645,-120.894014,71,19.9,1397.3,0,0,1,1,1,0,0,0,1,1,0,1,0,1,0,1,0,1,0,1,0,0,1,0,1,0,0,0.1309193,False
95714,39.197215,-120.83679,12,84.6,959.9,1,0,1,0,1,0,0,1,0,0,1,0,1,0,1,0,0,0,0,0,0,0,0,1,0,1,0,0.71686125,True
95717,39.170376,-120.838404,44,85.25,3704.15,1,0,0,0,1,0,1,0,0,0,0,0,1,0,1,0,1,0,1,0,1,1,0,1,0,0,0,0.346294,False
95720,38.766036,-120.209673,56,81.25,4620.4,0,0,1,1,1,0,1,0,0,0,1,0,1,0,1,0,1,0,1,0,0,0,1,0,1,0,0,0.1331389,False
95721,38.851842,-120.076204,72,115.5,8312.75,0,0,1,0,1,0,1,1,0,0,1,0,1,0,1,0,1,0,1,0,1,0,1,1,0,0,0,0.205274,False
95726,38.733908,-120.453416,11,79.0,929.3,0,0,0,0,1,0,1,1,0,0,1,0,0,0,0,0,0,0,0,0,0,0,0,1,0,0,0,0.68536675,False
95735,38.805481,-120.13287,15,94.65,1285.05,0,1,1,0,1,0,0,1,0,0,0,0,1,0,0,0,0,0,1,0,1,0,0,1,0,1,0,0.76670897,True
95736,39.00978,-120.978273,72,20.8,1521.2,1,0,0,0,1,0,0,0,1,1,0,1,0,1,0,1,0,1,0,1,0,0,1,1,0,0,1,0.14883393,False
95742,38.591134,-121.161585,56,59.5,3389.25,1,0,1,0,1,0,1,0,0,0,0,0,1,0,1,0,0,0,0,0,0,0,1,0,1,0,0,0.18293485,False
95746,38.749466,-121.184196,64,20.05,1198.05,1,1,0,0,1,0,0,0,1,1,0,1,0,1,0,1,0,1,0,1,0,0,1,1,0,0,0,0.15719306,False
95747,38.784329,-121.373245,34,100.45,3414.65,0,0,1,0,1,0,1,1,0,0,0,0,0,0,1,0,0,0,1,0,1,0,0,1,0,1,0,0.7476828,True
95762,38.684437,-121.055634,35,20.6,754.0,1,0,0,0,1,0,0,0,1,1,0,1,0,1,0,1,0,1,0,1,0,1,0,0,0,0,0,0.1819803,False
95765,38.823278,-121.281856,22,20.3,467.15,1,0,0,0,1,0,0,0,1,1,0,1,0,1,0,1,0,1,0,1,0,1,0,0,1,0,0,0.18627255,False
95814,38.584505,-121.491956,9,39.55,373.0,1,0,0,0,0,1,0,0,0,0,1,0,1,0,1,0,0,0,0,0,0,1,0,0,0,0,1,0.30062145,False
95816,38.574856,-121.46504,23,20.45,481.1,1,0,0,0,1,0,0,0,1,1,0,1,0,1,0,1,0,1,0,1,0,1,0,0,0,0,1,0.18086147,False
95818,38.556306,-121.495817,68,25.25,1728.2,1,0,1,0,1,0,1,0,1,1,0,1,0,1,0,1,0,1,0,1,0,0,1,0,0,0,0,0.15146886,False
95819,38.567594,-121.437507,33,91.25,2964.05,1,0,1,0,1,0,0,1,0,0,0,0,0,0,0,0,0,0,1,0,1,0,0,0,0,1,0,0.65581465,False
95820,38.53508,-121.444144,31,72.45,2156.25,1,0,0,0,1,0,0,0,0,0,1,0,1,0,1,0,1,0,1,0,0,0,0,1,0,0,0,0.34906456,False
95822,38.512569,-121.495184,56,19.7,1051.9,0,0,0,0,1,0,0,0,1,1,0,1,0,1,0,1,0,1,0,1,0,0,1,0,0,0,0,0.1522232,False
95824,38.517295,-121.439819,66,75.1,5013.0,1,0,1,1,1,0,0,0,0,0,1,0,1,0,1,0,1,0,1,0,0,1,0,1,0,1,0,0.17687145,False
95825,38.590035,-121.412455,72,25.0,1738.9,1,0,1,1,1,0,1,0,1,1,0,1,0,1,0,1,0,1,0,1,0,0,1,0,0,0,0,0.1309193,False
95826,38.542532,-121.378826,34,69.15,2275.1,1,1,0,0,1,0,0,1,0,0,0,0,0,0,0,0,0,0,0,0,0,0,0,0,1,0,0,0.56112796,False
95827,38.549185,-121.328386,58,91.55,5511.65,0,0,1,1,1,0,0,1,0,0,0,0,1,0,1,0,0,0,1,0,0,0,0,1,0,1,0,0.34025913,False
95829,38.486502,-121.334051,37,35.8,1316.9,1,0,0,0,0,1,0,0,0,0,0,0,0,0,0,0,0,0,1,0,0,0,1,0,1,0,0,0.27544448,False
95830,38.490508,-121.284171,71,113.15,7993.3,0,0,0,0,1,0,1,1,0,0,1,0,1,0,1,0,1,0,1,0,1,0,1,1,1,0,0,0.22582589,False
95831,38.494832,-121.529447,1,19.85,19.85,1,0,1,1,1,0,0,0,1,1,0,1,0,1,0,1,0,1,0,1,0,1,0,0,1,0,0,0.33698756,False
95832,38.445939,-121.496855,71,19.8,1388.45,1,1,1,1,1,0,0,0,1,1,0,1,0,1,0,1,0,1,0,1,0,0,1,0,1,0,0,0.1309193,False
95833,38.619049,-121.517552,35,19.9,666.0,1,0,1,1,1,0,0,0,1,1,0,1,0,1,0,1,0,1,0,1,0,1,0,0,0,1,0,0.169974,False
95834,38.646209,-121.52446,6,19.7,94.45,0,0,1,1,1,0,0,0,1,1,0,1,0,1,0,1,0,1,0,1,0,1,0,0,0,0,1,0.19654506,False
95837,38.691607,-121.602284,69,59.1,4134.7,0,0,1,1,1,0,0,0,0,0,0,0,1,0,1,0,1,0,0,0,0,1,0,0,0,0,0,0.17709503,False
95841,38.660442,-121.346321,53,91.15,4862.5,0,0,1,0,1,0,1,1,0,0,0,0,0,0,0,0,1,0,0,0,1,1,0,1,0,1,0,0.4668643,False
95843,38.715498,-121.363411,5,68.95,351.5,0,0,1,0,1,0,0,1,0,0,0,0,0,0,0,0,0,0,0,0,0,0,0,1,0,1,0,0.7959464,True
95864,38.585826,-121.376263,2,51.55,106.2,0,0,0,1,1,0,0,0,0,0,0,0,1,0,0,0,0,0,0,0,0,0,0,0,0,0,1,0.49089935,False
95901,39.19514,-121.503883,62,24.4,1413.0,1,0,0,1,1,0,1,0,1,1,0,1,0,1,0,1,0,1,0,1,0,0,1,1,0,0,1,0.13270007,False
95903,39.125311,-121.392283,19,96.8,1743.05,0,0,1,0,1,0,0,1,0,0,0,0,0,0,1,0,0,0,1,0,1,0,0,1,0,1,0,0.75482625,True
95910,39.467828,-120.841386,9,70.05,657.5,1,0,0,0,1,0,0,1,0,0,0,0,0,0,0,0,0,0,0,0,0,0,0,0,0,0,1,0.70109457,True
95912,38.982373,-122.047751,53,19.5,1050.5,1,0,0,0,1,0,0,0,1,1,0,1,0,1,0,1,0,1,0,1,0,0,1,0,1,0,0,0.1522232,False
95914,39.396585,-121.38029,5,78.75,426.35,1,0,0,0,1,0,0,1,0,0,0,0,0,0,0,0,0,0,0,0,1,0,0,0,0,0,1,0.7623084,True
95916,39.657228,-121.37778,71,69.2,4982.5,0,1,1,1,1,0,1,0,0,0,1,0,1,0,0,0,0,0,1,0,0,1,0,0,0,1,0,0.1800192,False
95917,39.457388,-121.818201,1,19.55,19.55,0,0,0,0,1,0,0,0,1,1,0,1,0,1,0,1,0,1,0,1,0,0,0,1,0,0,1,0.5476184,False
95919,39.440687,-121.263583,72,103.65,7634.8,1,0,0,0,1,0,1,1,0,0,0,0,1,0,1,0,0,0,1,0,1,0,1,1,0,1,0,0.49459103,False
95920,39.449794,-121.936372,4,54.7,235.05,0,0,1,0,1,0,0,0,0,0,1,0,1,0,0,0,0,0,0,0,0,0,0,0,0,0,1,0.48620367,False
95922,39.432127,-121.099287,59,54.15,3116.15,1,0,0,0,1,0,1,0,0,0,0,0,0,0,1,0,0,0,0,0,0,0,1,0,1,0,0,0.21811734,False
95925,39.461768,-121.195825,31,84.85,2633.4,0,1,1,0,1,0,1,1,0,0,0,0,0,0,0,0,0,0,0,0,1,0,0,1,0,1,0,0.7483851,True
95926,39.745712,-121.84333,3,20.0,49.65,1,0,1,0,1,0,0,0,1,1,0,1,0,1,0,1,0,1,0,1,0,0,0,0,0,0,0,0.38527903,False
95930,39.562239,-121.14836,49,99.25,4920.8,1,0,1,0,1,0,0,1,0,0,0,0,0,0,1,0,1,0,1,0,1,1,0,1,1,0,0,0.5059774,False
95932,39.273096,-122.050763,2,19.35,46.35,1,0,0,0,1,0,0,0,1,1,0,1,0,1,0,1,0,1,0,1,0,0,0,0,0,0,1,0.3446619,False
95935,39.381174,-121.21191,55,94.75,5276.1,0,0,1,0,1,0,0,1,0,0,1,0,0,0,0,0,0,0,1,0,1,1,0,1,0,1,0,0.51023734,False
95936,39.578792,-120.780786,72,114.05,8289.2,1,0,1,1,1,0,1,1,0,0,1,0,1,0,1,0,1,0,1,0,1,0,1,1,1,0,0,0.172187,False
95937,38.931425,-121.946081,36,74.9,2659.45,0,1,0,0,1,0,1,1,0,0,0,0,0,0,0,0,0,0,0,0,0,0,0,1,0,0,0,0.6722099,False
95938,39.607831,-121.777959,10,19.8,196.75,0,0,1,1,1,0,0,0,1,1,0,1,0,1,0,1,0,1,0,1,0,0,0,1,0,0,0,0.23820896,False
95941,39.531028,-121.24807,72,80.85,5824.75,0,0,1,1,1,0,1,0,0,0,1,0,1,0,1,0,1,0,0,0,1,0,1,0,0,0,0,0.1331389,False
95942,40.077028,-121.494168,28,54.65,1517.5,0,0,0,0,1,0,0,0,0,0,0,0,1,0,0,0,1,0,0,0,0,0,0,0,0,0,0,0.36090887,False
95943,39.597975,-122.032248,38,91.7,3479.05,1,0,1,0,1,0,1,1,0,0,1,0,0,0,0,0,0,0,1,0,0,0,0,0,0,0,0,0.592658,False
95944,39.564113,-120.868836,61,118.6,7365.7,0,0,0,0,1,0,1,1,0,0,1,0,1,0,1,0,1,0,1,0,1,1,0,1,0,1,0,0.45213515,False
95945,39.194539,-120.988066,52,24.55,1331.05,1,0,1,1,1,0,1,0,1,1,0,1,0,1,0,1,0,1,0,1,0,0,1,0,0,0,1,0.13386415,False
95946,39.203817,-121.19584,67,19.45,1195.95,1,0,0,0,1,0,0,0,1,1,0,1,0,1,0,1,0,1,0,1,0,1,0,1,0,0,1,0.19509448,False
95947,40.160386,-120.835428,34,116.15,3946.9,0,0,0,1,1,0,1,1,0,0,1,0,1,0,1,0,1,0,1,0,1,0,1,1,1,0,0,0.26674154,False
95948,39.346898,-121.759537,54,80.6,4299.95,0,0,0,0,1,0,0,0,0,0,1,0,0,0,1,0,1,0,1,0,1,0,1,0,0,1,0,0.21523875,False
95949,39.099204,-121.137962,1,20.3,20.3,0,0,1,0,1,0,0,0,1,1,0,1,0,1,0,1,0,1,0,1,0,0,0,1,0,0,0,0.5337294,False
95954,39.933852,-121.584371,46,99.8,4391.25,0,0,0,1,1,0,0,1,0,0,0,0,1,0,1,0,0,0,1,0,1,0,0,1,0,1,0,0.42468736,False
95957,39.068071,-121.832638,55,75.0,4213.9,0,0,1,1,1,0,1,0,0,0,1,0,1,0,0,0,1,0,1,0,0,1,0,1,1,0,0,0.16874662,False
95959,39.333737,-120.858667,1,19.9,19.9,0,0,0,0,1,0,0,0,1,1,0,1,0,1,0,1,0,1,0,1,0,0,0,0,0,0,1,0.5443326,False
95960,39.423046,-120.984472,64,80.3,5017.7,1,1,1,0,1,0,0,1,0,0,1,0,0,0,1,0,0,0,0,0,0,1,0,0,1,0,0,0.31183478,False
95962,39.342587,-121.249833,58,84.3,4916.4,0,0,1,0,1,0,1,0,0,0,1,0,0,0,1,0,1,0,1,0,1,0,1,1,0,1,0,0.2055845,False
95963,39.748037,-122.302169,56,54.05,2959.8,1,0,1,0,0,1,0,0,0,0,0,0,0,0,1,0,1,0,1,0,1,1,0,1,0,0,0,0.35582456,False
95965,39.624561,-121.552866,72,104.9,7559.55,1,0,1,1,1,0,0,1,0,0,1,0,0,0,1,0,1,0,1,0,1,0,1,1,1,0,0,0.23677517,False
95968,39.435756,-121.552071,72,97.25,7133.1,1,1,1,0,1,0,1,1,0,0,0,0,1,0,0,0,0,0,1,0,1,1,0,1,1,0,0,0.5046421,False
95969,39.69676,-121.644379,22,83.05,1799.3,1,0,0,0,1,0,1,1,0,0,0,0,0,0,0,0,0,0,0,0,1,0,0,0,0,1,0,0.7029899,True
95973,39.903272,-121.843567,39,41.1,1597.05,0,0,0,0,0,1,0,0,0,0,0,0,1,0,1,0,1,0,0,0,0,0,0,0,0,0,0,0.3981386,False
95974,39.495768,-121.747472,12,45.0,524.35,0,0,0,0,1,0,0,0,0,0,0,0,0,0,0,0,0,0,0,0,0,0,0,1,0,0,0,0.5474814,False
95975,39.225634,-121.156163,54,74.55,4191.45,1,0,1,0,1,0,0,0,0,0,1,0,1,0,0,0,0,0,1,0,1,0,1,1,0,0,0,0.19422242,False
95977,39.176595,-121.291692,18,40.2,711.95,0,0,0,0,0,1,0,0,0,0,1,0,1,0,0,0,1,0,0,0,0,1,0,1,0,0,1,0.31014392,False
95978,39.904002,-121.527823,32,70.5,2201.75,1,0,1,0,1,0,0,0,0,0,1,0,1,0,0,0,1,0,0,0,1,1,0,0,0,0,1,0.2490555,False
95979,39.288127,-122.415841,41,19.75,806.95,0,0,0,0,1,0,0,0,1,1,0,1,0,1,0,1,0,1,0,1,0,1,0,1,0,0,1,0.18086147,False
95981,39.58458,-121.093256,67,24.65,1620.45,1,0,1,1,1,0,1,0,1,1,0,1,0,1,0,1,0,1,0,1,0,0,1,0,0,0,0,0.1309193,False
95982,39.172777,-121.805845,65,104.25,6812.95,1,0,1,0,1,0,1,1,0,0,1,0,0,0,1,0,0,0,1,0,1,0,0,1,0,1,0,0.6080273,False
95983,40.053684,-120.743116,25,78.35,1837.9,0,0,0,0,1,0,1,0,0,0,1,0,1,0,1,0,1,0,1,0,0,0,0,1,0,0,0,0.36842588,False
95986,39.34128,-120.786867,67,109.7,7344.45,0,0,1,0,1,0,1,1,0,0,0,0,1,0,1,0,1,0,1,0,1,1,0,1,1,0,0,0.47149894,False
95988,39.493991,-122.286363,43,33.45,1500.25,0,1,0,0,0,1,0,0,0,0,1,0,1,0,0,0,0,0,0,0,0,0,0,1,1,0,0,0.4187093,False
95991,39.02741,-121.614982,24,94.6,2283.15,0,0,0,0,1,0,0,1,0,0,1,0,0,0,0,0,0,0,1,0,1,0,0,1,0,1,0,0.703244,True
96001,40.587919,-122.464732,69,20.2,1376.5,1,0,1,1,1,0,0,0,1,1,0,1,0,1,0,1,0,1,0,1,0,0,1,0,0,0,0,0.1309193,False
96002,40.527834,-122.318749,37,20.3,755.4,0,0,0,1,1,0,0,0,1,1,0,1,0,1,0,1,0,1,0,1,0,1,0,0,0,0,0,0.15318865,False
96003,40.677649,-122.29467,20,39.4,825.4,1,0,1,1,0,1,0,0,0,0,1,0,0,0,1,0,1,0,0,0,0,0,1,1,1,0,0,0.16746728,False
96006,41.171578,-120.913161,7,69.15,488.65,1,0,0,0,1,0,0,1,0,0,0,0,0,0,0,0,0,0,0,0,0,0,0,0,0,0,0,0.6979161,False
96009,41.083464,-121.107929,41,51.35,2075.1,1,0,0,0,0,1,0,0,0,0,0,0,0,0,1,0,0,0,1,0,1,1,0,1,0,1,0,0.4791334,False
96010,40.775272,-123.287414,54,100.05,5299.65,0,0,0,0,1,0,0,1,0,0,1,0,1,0,0,0,0,0,1,0,1,1,0,1,1,0,0,0.4805542,False
96013,40.946785,-121.719489,69,20.3,1356.3,1,1,0,0,1,0,0,0,1,1,0,1,0,1,0,1,0,1,0,1,0,0,1,0,1,0,0,0.15641865,False
96014,41.388397,-122.794636,53,94.45,5042.75,0,0,0,0,1,0,0,1,0,0,0,0,1,0,1,0,1,0,0,0,1,1,0,1,1,0,0,0.444334,False
96015,41.486953,-120.913975,18,46.4,812.4,1,0,1,1,0,1,0,0,0,0,0,0,1,0,1,0,0,0,1,0,0,1,0,0,1,0,0,0.24316667,False
96016,40.936285,-121.572692,64,104.05,6605.55,1,0,1,0,1,0,0,1,0,0,1,0,1,0,0,0,1,0,1,0,1,0,1,1,1,0,0,0.32825223,False
96019,40.692523,-122.369876,20,24.9,505.95,0,0,0,0,0,1,0,0,0,0,0,0,0,0,0,0,0,0,0,0,0,0,0,0,1,0,0,0.4276147,False
96020,40.243494,-121.154733,57,59.6,3509.4,1,0,1,1,1,0,0,0,0,0,1,0,1,0,0,0,1,0,0,0,0,1,0,0,0,0,1,0.15017702,False
96021,39.913777,-122.289984,63,108.5,6991.9,1,1,1,0,1,0,1,1,0,0,1,0,1,0,1,0,0,0,1,0,1,0,1,0,1,0,0,0.3114763,False
96022,40.336392,-122.448533,13,40.55,590.35,1,0,1,1,0,1,0,0,0,0,1,0,1,0,0,0,1,0,0,0,0,0,1,0,0,0,1,0.15563281,False
96023,41.949216,-122.050062,48,58.95,2789.7,0,1,1,0,1,0,0,0,0,0,0,0,1,0,0,0,0,0,0,0,1,1,0,1,0,0,0,0.40118137,False
96025,41.212695,-122.392067,57,20.75,1123.15,1,0,1,1,1,0,0,0,1,1,0,1,0,1,0,1,0,1,0,1,0,0,1,0,0,0,1,0.14462027,False
96027,41.405193,-123.008567,71,113.15,7953.25,1,0,1,0,1,0,1,1,0,0,0,0,1,0,1,0,1,0,1,0,1,1,0,1,0,0,0,0.48333636,False
96028,41.017282,-121.468945,7,48.8,349.8,0,0,1,1,1,0,1,0,0,0,0,0,0,0,0,0,0,0,0,0,0,0,0,0,0,1,0,0.41631207,False
96029,39.84784,-122.544556,16,63.05,1067.05,0,0,0,0,1,0,1,0,0,0,0,0,0,0,0,0,0,0,0,0,1,0,0,1,0,0,0,0.5237209,False
96031,41.232128,-123.194748,34,100.85,3527.3,1,0,1,0,1,0,1,1,0,0,0,0,0,0,1,0,0,0,1,0,1,0,0,0,0,1,0,0.71056235,True
96033,40.740138,-122.587476,16,80.55,1248.9,1,0,0,0,1,0,1,1,0,0,0,0,1,0,0,0,0,0,0,0,0,0,0,1,0,0,1,0.6908307,False
96034,41.411315,-122.697236,48,64.4,3035.35,1,0,0,1,1,0,1,0,0,0,1,0,1,0,1,0,0,0,0,0,0,1,0,1,0,0,0,0.2528409,False
96035,40.03194,-122.176023,58,75.2,4300.8,1,0,1,1,1,0,0,0,0,0,0,0,1,0,0,0,1,0,1,0,1,1,0,1,1,0,0,0.17618735,False
96037,41.528541,-122.955018,72,84.9,6065.3,0,0,1,0,1,0,1,0,0,0,1,0,0,0,1,0,1,0,1,0,1,0,1,1,0,0,0,0.16184509,False
96038,41.599978,-122.539381,7,19.3,144.95,0,0,0,0,1,0,0,0,1,1,0,1,0,1,0,1,0,1,0,1,0,0,0,0,0,0,1,0.29525974,False
96044,41.962127,-122.527696,30,74.65,2308.6,0,0,0,0,1,0,0,0,0,0,1,0,1,0,1,0,1,0,1,0,0,1,0,0,1,0,0,0.3938474,False
96046,40.648024,-123.465088,31,59.05,1882.8,1,0,1,0,1,0,1,0,0,0,0,0,0,0,0,0,0,0,1,0,0,0,0,1,1,0,0,0.40170312,False
96047,40.524535,-122.647172,46,69.1,3255.35,0,1,0,0,1,0,1,0,0,0,0,0,0,0,1,0,1,0,0,0,1,1,0,1,1,0,0,0.38317248,False
96048,40.913192,-123.06597,50,20.55,1067.65,1,0,1,0,1,0,0,0,1,1,0,1,0,1,0,1,0,1,0,1,0,0,1,0,0,0,1,0.15556149,False
96050,41.816595,-122.948287,28,76.55,2065.4,1,0,1,0,1,0,0,1,0,0,0,0,0,0,0,0,1,0,0,0,0,0,0,0,0,0,0,0.53824687,False
96051,40.883853,-122.418258,66,62.5,4136.4,0,0,0,0,0,1,0,0,0,0,1,0,1,0,1,0,1,0,1,0,1,0,1,1,0,0,0,0.18106088,False
96054,41.280478,-121.160249,41,94.9,3848.0,0,0,1,1,1,0,0,1,0,0,0,0,0,0,1,0,0,0,1,0,1,0,0,1,0,0,0,0.36147124,False
96055,40.059385,-122.091481,72,111.65,8022.85,1,1,1,0,1,0,1,1,0,0,0,0,1,0,1,0,1,0,1,0,1,0,1,1,0,0,0,0.27932805,False
96056,41.10831,-121.360362,7,19.9,173.15,0,0,0,0,1,0,0,0,1,1,0,1,0,1,0,1,0,1,0,1,0,1,0,0,0,0,1,0.20334813,False
96057,41.251322,-122.105209,38,20.45,781.25,0,0,1,1,1,0,0,0,1,1,0,1,0,1,0,1,0,1,0,1,0,0,0,0,0,0,1,0.22406167,False
96058,41.769709,-121.92063,44,106.05,4510.8,1,0,0,0,1,0,0,1,0,0,1,0,1,0,1,0,0,0,1,0,1,1,0,1,0,1,0,0.47828466,False
96059,40.426679,-121.850421,47,113.45,5317.8,1,0,1,1,1,0,1,1,0,0,1,0,1,0,1,0,1,0,1,0,1,1,0,1,0,0,0,0.28983617,False
96061,40.331975,-121.460674,53,92.55,4779.45,1,0,1,1,1,0,0,1,0,0,0,0,1,0,0,0,1,0,1,0,0,0,0,1,0,1,0,0.34273115,False
96062,40.531257,-122.148139,4,65.6,250.1,1,0,1,0,1,0,1,0,0,0,0,0,0,0,1,0,0,0,1,0,0,0,0,0,0,1,0,0.6450067,False
96063,40.408796,-121.579609,20,84.35,1745.2,1,1,0,0,1,0,1,1,0,0,0,0,0,0,0,0,0,0,1,0,0,0,0,1,0,1,0,0.7745777,True
96065,40.877552,-121.885884,57,71.1,4140.1,1,1,1,0,1,0,1,0,0,0,0,0,1,0,1,0,0,0,1,0,0,1,0,1,1,0,0,0.25950232,False
96067,41.33832,-122.290756,44,85.15,3670.5,0,1,1,0,1,0,0,1,0,0,1,0,1,0,0,0,1,0,0,0,0,0,0,1,0,1,0,0.54003745,False
96068,41.082472,-121.195215,24,49.7,1167.8,1,0,0,0,1,0,0,0,0,0,0,0,0,0,1,0,0,0,0,0,0,0,0,1,0,0,1,0.4190883,False
96069,40.689243,-122.037023,15,30.2,469.65,1,0,1,1,0,1,0,0,0,0,1,0,0,0,0,0,0,0,0,0,0,0,0,1,0,0,0,0.32260588,False
96076,40.367964,-122.937379,24,56.35,1381.2,0,0,0,0,1,0,0,0,0,0,1,0,0,0,0,0,1,0,0,0,0,0,0,0,1,0,0,0.30002543,False
96084,40.923558,-122.059933,33,107.55,3645.5,0,0,0,0,1,0,1,1,0,0,0,0,1,0,1,0,0,0,1,0,1,0,0,0,0,1,0,0.6886006,False
96085,41.737962,-123.07557,58,19.85,1158.85,0,0,1,1,1,0,0,0,1,1,0,1,0,1,0,1,0,1,0,1,0,0,1,1,0,0,1,0.16334501,False
96086,41.924174,-123.260788,72,95.9,6954.15,0,0,1,1,1,0,1,1,0,0,1,0,1,0,0,0,0,0,1,0,0,0,1,1,0,0,0,0.30213073,False
96087,40.617614,-122.512861,71,23.85,1672.1,0,0,1,0,1,0,1,0,1,1,0,1,0,1,0,1,0,1,0,1,0,0,1,0,0,0,1,0.14883393,False
96090,40.021787,-122.127576,51,83.85,4307.1,1,0,1,0,1,0,0,0,0,0,1,0,1,0,1,0,1,0,1,0,1,0,1,1,1,0,0,0.16231135,False
96092,39.955164,-122.018567,72,84.8,6141.65,1,1,1,0,1,0,0,1,0,0,1,0,1,0,0,0,1,0,0,0,0,0,1,1,1,0,0,0.19323055,False
96094,41.465121,-122.380947,14,76.1,1054.8,1,0,0,1,1,0,0,0,0,0,1,0,1,0,1,0,1,0,0,0,1,0,1,0,0,0,0,0.23016338,False
96096,40.637105,-121.906949,72,74.55,5430.65,0,0,1,1,1,0,1,0,0,0,1,0,1,0,0,0,1,0,1,0,0,0,1,0,0,0,1,0.1331389,False
96097,41.764869,-122.671316,22,39.2,849.9,0,0,1,1,0,1,0,0,0,0,0,0,1,0,0,0,0,0,1,0,0,0,0,0,0,1,0,0.34436312,False
96101,41.468877,-120.54229,2,79.55,151.75,0,0,0,0,1,0,1,1,0,0,0,0,1,0,0,0,0,0,0,0,0,0,0,0,0,1,0,0.7738913,True
96103,39.783747,-120.661032,15,19.6,299.4,0,0,0,0,1,0,0,0,1,1,0,1,0,1,0,1,0,1,0,1,0,0,0,0,0,0,1,0.28667724,False
96104,41.505916,-120.152505,51,19.55,1086.75,1,0,1,1,1,0,0,0,1,1,0,1,0,1,0,1,0,1,0,1,0,0,1,0,1,0,0,0.14147744,False
96105,39.872961,-120.198876,70,39.15,2692.75,1,0,1,0,0,1,0,0,0,0,1,0,0,0,1,0,1,0,0,0,0,0,1,1,1,0,0,0.16966793,False
96106,39.745805,-120.580882,71,20.1,1389.6,0,0,1,1,1,0,0,0,1,1,0,1,0,1,0,1,0,1,0,1,0,0,1,0,0,0,0,0.1309193,False
96107,38.42528,-119.475741,39,99.95,3767.4,0,0,1,1,1,0,1,1,0,0,0,0,0,0,0,0,1,0,1,0,1,0,0,1,1,0,0,0.3877225,False
96108,41.750354,-120.403885,61,59.8,3641.5,0,0,1,1,1,0,1,0,0,0,1,0,1,0,0,0,0,0,0,0,0,0,0,0,0,1,0,0.25392833,False
96109,40.012675,-120.101857,52,49.75,2535.55,0,0,0,0,1,0,0,0,0,0,1,0,0,0,0,0,0,0,0,0,0,0,0,1,0,0,0,0.33946276,False
96112,41.932207,-120.135941,64,108.5,6880.85,1,0,1,0,1,0,1,1,0,0,1,0,0,0,1,0,1,0,1,0,1,1,0,1,0,0,1,0.47737157,False
96113,40.198234,-120.18089,62,60.15,3753.2,1,0,1,0,1,0,0,0,0,0,0,0,1,0,1,0,1,0,0,0,0,0,1,1,1,0,0,0.17600103,False
96114,40.294034,-120.512622,30,19.05,637.55,1,0,1,0,1,0,0,0,1,1,0,1,0,1,0,1,0,1,0,1,0,0,1,0,0,0,1,0.15556149,False
96116,41.266008,-120.490731,63,84.0,5329.55,1,1,1,0,1,0,0,0,0,0,1,0,1,0,1,0,1,0,1,0,1,1,0,1,0,0,0,0.30468658,False
96117,40.507272,-120.338228,1,44.55,44.55,0,0,0,0,1,0,0,0,0,0,0,0,0,0,0,0,0,0,0,0,0,0,0,1,1,0,0,0.72208637,True
96118,39.637471,-120.226338,15,103.45,1539.8,1,0,1,0,1,0,1,1,0,0,0,0,0,0,1,0,1,0,1,0,1,0,0,1,0,1,0,0.7587169,True
96119,41.042003,-120.506086,27,80.65,2209.75,1,0,1,1,1,0,0,1,0,0,1,0,1,0,0,0,0,0,0,0,0,1,0,1,1,0,0,0.28426304,False
96120,38.735789,-119.85798,4,57.2,223.75,0,0,0,1,0,1,0,0,0,0,1,0,1,0,1,0,0,0,1,0,1,0,0,1,0,0,1,0.4007535,False
96121,40.181279,-120.392967,72,110.75,7751.7,0,0,1,0,1,0,1,1,0,0,1,0,1,0,1,0,0,0,1,0,1,0,1,1,0,1,0,0.34007058,False
96122,39.786755,-120.445626,45,24.7,1174.35,1,1,1,0,1,0,1,0,1,1,0,1,0,1,0,1,0,1,0,1,0,1,0,0,1,0,0,0.18770659,False
96123,40.845738,-120.322219,45,97.05,4385.05,0,1,0,0,1,0,1,1,0,0,1,0,1,0,0,0,1,0,1,0,0,0,0,1,0,1,0,0.598108,False
96124,39.672813,-120.456699,36,76.35,2606.35,0,0,0,0,1,0,0,0,0,0,1,0,1,0,1,0,1,0,1,0,0,1,0,1,0,0,1,0.32922453,False
96126,39.559709,-120.345639,1,18.9,18.9,1,0,0,0,1,0,0,0,1,1,0,1,0,1,0,1,0,1,0,1,0,0,0,0,0,0,1,0.5098635,False
96128,40.346634,-120.386422,16,74.45,1261.35,1,1,0,0,1,0,1,1,0,0,0,0,0,0,0,0,0,0,0,0,0,0,0,1,0,0,0,0.71254545,True
96133,38.636052,-119.489162,71,84.4,5969.3,0,0,1,0,1,0,0,0,0,0,1,0,1,0,1,0,1,0,1,0,1,0,1,1,1,0,0,0.14931363,False
96134,41.813521,-121.492666,10,24.4,253.9,1,0,1,1,1,0,1,0,1,1,0,1,0,1,0,1,0,1,0,1,0,0,0,1,0,0,1,0.33320224,False
96136,40.345949,-120.081187,20,20.05,400.0,1,0,1,1,1,0,0,0,1,1,0,1,0,1,0,1,0,1,0,1,0,0,1,0,0,0,1,0.1510963,False
96141,39.117018,-120.212535,4,55.5,227.35,0,0,0,0,1,0,0,0,0,0,0,0,0,0,0,0,0,0,1,0,0,0,0,0,1,0,0,0.5579685,False
96145,39.178337,-120.162806,29,84.3,2357.75,1,1,1,0,1,0,1,1,0,0,0,0,0,0,0,0,0,0,0,0,1,0,0,1,0,1,0,0.7483851,True
96146,39.191797,-120.212401,2,100.2,198.5,1,0,0,0,1,0,0,1,0,0,1,0,1,0,0,0,0,0,1,0,1,0,0,0,0,1,0,0.64359343,False
96148,39.24124,-120.054765,29,19.4,554.25,0,0,0,0,1,0,0,0,1,1,0,1,0,1,0,1,0,1,0,1,0,0,1,0,0,0,1,0.15556149,False
90002,33.949255,-118.246978,13,20.4,251.65,1,0,0,0,1,0,0,0,1,1,0,1,0,1,0,1,0,1,0,1,0,0,0,1,0,1,0,0.33196765,False
90003,33.964131,-118.272783,59,94.75,5597.65,0,0,1,0,1,0,1,1,0,0,1,0,1,0,0,0,0,0,1,0,0,0,0,1,0,1,0,0.46652922,False
90006,34.048013,-118.293953,18,44.35,768.05,1,0,1,0,1,0,0,0,0,0,0,0,0,0,0,0,0,0,0,0,0,0,0,1,0,0,0,0.56008875,False
90007,34.027337,-118.28515,17,74.55,1215.8,0,0,1,1,1,0,0,0,0,0,1,0,1,0,0,0,0,0,1,0,1,0,0,0,0,0,1,0.38301885,False
90008,34.008293,-118.346766,47,73.6,3522.65,1,0,1,0,1,0,0,0,0,0,0,0,1,0,1,0,0,0,1,0,1,0,1,0,0,1,0,0.25034466,False
90012,34.065875,-118.238728,19,50.1,910.45,1,0,1,1,1,0,1,0,0,0,0,0,0,0,0,0,0,0,0,0,0,0,0,0,1,0,0,0.40615907,False
90014,34.043144,-118.251977,68,53.0,3656.25,0,1,1,1,0,1,0,0,0,0,0,0,1,0,1,0,0,0,1,0,1,0,1,1,0,1,0,0.23721524,False
90015,34.039224,-118.266293,2,19.85,52.0,0,0,1,0,1,0,0,0,1,1,0,1,0,1,0,1,0,1,0,1,0,0,0,0,0,0,0,0.3769751,False
90016,34.028331,-118.354338,7,24.35,150.85,1,0,0,0,0,1,0,0,0,0,0,0,0,0,0,0,0,0,0,0,0,1,0,1,1,0,0,0.37778828,False
90017,34.052842,-118.264495,18,19.55,389.25,0,0,0,0,1,0,0,0,1,1,0,1,0,1,0,1,0,1,0,1,0,0,0,1,0,0,1,0.29331967,False
90018,34.028735,-118.317236,71,25.05,1873.7,0,0,1,0,1,0,1,0,1,1,0,1,0,1,0,1,0,1,0,1,0,0,1,0,1,0,0,0.14561512,False
90019,34.049841,-118.33846,13,93.8,1261.0,1,1,1,0,1,0,1,1,0,0,1,0,1,0,0,0,0,0,0,0,1,0,0,0,1,0,0,0.6157018,False
90021,34.029043,-118.239504,72,103.75,7346.2,1,0,1,0,1,0,1,1,0,0,0,0,1,0,1,0,0,0,1,0,1,0,1,1,0,0,0,0.32504347,False
90022,34.02381,-118.156582,66,56.75,3708.4,1,0,1,1,0,1,0,0,0,0,0,0,1,0,1,0,0,0,1,0,1,0,1,1,1,0,0,0.18737723,False
90023,34.017697,-118.200577,24,20.8,469.65,1,0,1,1,1,0,0,0,1,1,0,1,0,1,0,1,0,1,0,1,0,1,0,1,1,0,0,0.15519892,False
90025,34.046174,-118.446333,56,24.45,1385.85,0,0,1,1,1,0,1,0,1,1,0,1,0,1,0,1,0,1,0,1,0,0,1,1,0,0,1,0.13386415,False
90026,34.078991,-118.263804,22,25.6,548.8,0,1,1,0,1,0,1,0,1,1,0,1,0,1,0,1,0,1,0,1,0,1,0,0,0,0,0,0.20359264,False
90031,34.085807,-118.206617,42,59.65,2536.55,0,0,0,0,1,0,0,0,0,0,1,0,1,0,1,0,0,0,0,0,0,0,0,0,0,0,0,0.3220785,False
90032,34.078821,-118.177576,72,83.3,6042.7,0,0,1,1,1,0,1,0,0,0,1,0,0,0,1,0,1,0,1,0,1,0,1,1,0,0,0,0.12877473,False
90033,34.050198,-118.210946,12,79.55,958.25,0,0,0,0,1,0,1,1,0,0,0,0,0,0,0,0,1,0,0,0,0,0,0,1,1,0,0,0.7243221,True
90034,34.030578,-118.399613,71,24.45,1730.65,1,0,1,0,1,0,1,0,1,1,0,1,0,1,0,1,0,1,0,1,0,0,1,0,0,0,0,0.14561512,False
90035,34.051809,-118.383843,26,19.2,459.6,0,0,1,0,1,0,0,0,1,1,0,1,0,1,0,1,0,1,0,1,0,1,0,0,0,0,1,0.18582813,False
90036,34.070291,-118.349191,7,29.8,201.95,0,0,0,1,0,1,0,0,0,0,1,0,0,0,0,0,0,0,0,0,0,0,0,0,0,0,1,0.5087144,False
90037,34.002642,-118.287596,6,45.5,285.2,0,0,1,1,1,0,0,0,0,0,0,0,0,0,0,0,0,0,0,0,0,0,0,0,0,0,1,0.4829414,False
90039,34.110845,-118.259595,51,30.05,1529.45,1,0,1,0,0,1,0,0,0,0,0,0,1,0,0,0,0,0,0,0,0,0,0,1,1,0,0,0.5213182,False
90040,33.994524,-118.149953,72,65.65,4664.5,1,0,1,1,0,1,0,0,0,0,1,0,1,0,1,0,1,0,1,0,1,0,1,1,0,0,0,0.1568512,False
90043,33.988543,-118.334081,47,74.05,3496.3,0,0,0,0,1,0,1,0,0,0,1,0,1,0,0,0,1,0,0,0,1,0,1,0,0,0,1,0.1838612,False
90045,33.954017,-118.402447,62,110.75,7053.35,1,1,0,0,1,0,1,1,0,0,0,0,1,0,1,0,1,0,1,0,1,1,0,1,0,0,0,0.38868228,False
90046,34.108455,-118.362081,16,19.7,301.55,0,0,1,1,1,0,0,0,1,1,0,1,0,1,0,1,0,1,0,1,0,0,1,0,0,0,1,0.16226414,False
90047,33.958149,-118.308441,6,49.5,312.7,1,0,0,0,1,0,0,0,0,0,0,0,0,0,0,0,1,0,0,0,0,0,0,1,1,0,0,0.59190315,False
90049,34.091829,-118.491244,69,43.95,2960.1,0,0,1,1,0,1,0,0,0,0,1,0,0,0,1,0,0,0,0,0,1,0,1,1,1,0,0,0.18460417,False
90057,34.061918,-118.277939,64,111.15,6953.4,0,0,1,0,1,0,1,1,0,0,0,0,1,0,1,0,1,0,1,0,1,0,0,1,0,1,0,0.5362962,False
90061,33.92128,-118.274186,25,20.6,541.5,1,0,0,0,1,0,0,0,1,1,0,1,0,1,0,1,0,1,0,1,0,0,0,0,0,0,1,0.27266562,False
90062,34.003553,-118.308933,6,19.65,116.85,0,0,0,0,1,0,0,0,1,1,0,1,0,1,0,1,0,1,0,1,0,0,1,0,1,0,0,0.19525522,False
90063,34.044271,-118.185237,66,115.8,7942.15,1,0,1,0,1,0,1,1,0,0,1,0,1,0,1,0,1,0,1,0,1,1,0,0,0,0,0,0.30934668,False
90064,34.037251,-118.423573,61,88.65,5321.25,0,0,0,0,1,0,1,0,0,0,0,0,1,0,1,0,1,0,1,0,1,0,1,0,1,0,0,0.1690935,False
90065,34.108833,-118.229715,43,94.5,4156.8,0,1,1,0,1,0,1,1,0,0,1,0,1,0,0,0,0,0,1,0,0,0,0,1,0,1,0,0.62127787,False
90066,34.002028,-118.430656,12,20.1,223.6,0,0,0,0,1,0,0,0,1,1,0,1,0,1,0,1,0,1,0,1,0,0,0,0,0,0,1,0.30958217,False
90067,34.057496,-118.413959,23,34.65,768.45,1,1,0,0,0,1,0,0,0,0,0,0,0,0,0,0,0,0,0,0,1,0,0,1,0,0,0,0.58321756,False
90068,34.137411,-118.328915,71,52.3,3765.05,1,1,1,0,0,1,0,0,0,0,0,0,1,0,1,0,0,0,1,0,1,0,0,1,0,0,0,0.50393564,False
90069,34.093781,-118.381061,34,65.0,2157.5,0,0,0,0,1,0,1,0,0,0,0,0,0,0,0,0,1,0,1,0,0,0,0,0,0,0,1,0.35720313,False
90077,34.102084,-118.451629,41,35.45,1391.65,0,0,1,0,0,1,0,0,0,0,0,0,1,0,0,0,1,0,0,0,0,1,0,0,0,0,1,0.27839562,False
90201,33.970343,-118.171368,72,19.7,1379.8,0,0,1,1,1,0,0,0,1,1,0,1,0,1,0,1,0,1,0,1,0,0,1,0,1,0,0,0.1309193,False
90210,34.099891,-118.414338,14,95.6,1273.3,1,1,0,0,1,0,1,1,0,0,0,0,0,0,0,0,0,0,1,0,1,0,0,1,0,1,0,0.7831672,True
90211,34.063947,-118.383001,41,19.85,810.45,0,0,0,0,1,0,0,0,1,1,0,1,0,1,0,1,0,1,0,1,0,0,1,1,0,0,1,0.15556149,False
90212,34.062095,-118.401508,23,81.85,1810.85,0,0,1,1,1,0,1,1,0,0,1,0,0,0,0,0,0,0,0,0,0,1,0,0,1,0,0,0.24000669,False
90220,33.88151,-118.234451,71,109.3,7782.85,1,0,1,1,1,0,0,1,0,0,1,0,1,0,1,0,1,0,1,0,1,0,1,0,1,0,0,0.18517052,False
90222,33.912246,-118.236773,72,25.4,1797.1,1,0,1,0,1,0,1,0,1,1,0,1,0,1,0,1,0,1,0,1,0,0,1,0,0,0,1,0.14883393,False
90230,33.993991,-118.39704,6,69.8,377.85,1,0,1,1,1,0,0,1,0,0,0,0,0,0,0,0,0,0,0,0,0,0,0,1,0,1,0,0.6843447,False
90232,34.019323,-118.391902,23,20.0,445.3,1,0,1,1,1,0,0,0,1,1,0,1,0,1,0,1,0,1,0,1,0,1,0,1,1,0,0,0.15519892,False
90241,33.940884,-118.128628,72,109.9,7624.2,0,0,0,0,1,0,0,1,0,0,1,0,1,0,1,0,1,0,1,0,1,0,1,1,0,1,0,0.30159855,False
90242,33.921793,-118.140588,7,50.3,355.1,0,0,1,0,1,0,0,0,0,0,1,0,0,0,0,0,0,0,0,0,0,0,0,1,0,0,0,0.5356692,False
90247,33.890853,-118.297967,9,101.5,906.85,1,0,1,1,1,0,0,1,0,0,0,0,1,0,0,0,1,0,1,0,1,0,0,1,0,1,0,0.611178,False
90248,33.876482,-118.284077,12,89.15,1057.55,0,0,0,0,1,0,1,1,0,0,0,0,1,0,0,0,0,0,0,0,1,0,0,1,0,1,0,0.76874644,True
90249,33.90139,-118.315697,1,19.4,19.4,0,0,0,0,1,0,0,0,1,1,0,1,0,1,0,1,0,1,0,1,0,0,0,1,0,0,1,0.50725216,False
90250,33.914775,-118.348083,48,29.9,1388.75,0,1,1,1,0,1,0,0,0,0,0,0,1,0,0,0,0,0,0,0,0,1,0,0,0,0,0,0.22671603,False
90254,33.86532,-118.396336,20,78.8,1641.3,1,0,0,0,1,0,0,1,0,0,0,0,0,0,0,0,0,0,1,0,0,0,0,0,0,1,0,0.6446956,False
90262,33.923573,-118.200669,10,19.3,185.2,0,0,0,0,1,0,0,0,1,1,0,1,0,1,0,1,0,1,0,1,0,1,0,1,0,0,1,0.26377687,False
90265,34.074572,-118.831181,20,96.8,1826.7,1,0,1,1,1,0,1,1,0,0,0,0,1,0,0,0,1,0,1,0,0,0,0,0,0,0,1,0.45665148,False
90266,33.889632,-118.39737,20,20.65,417.5,1,0,1,0,1,0,0,0,1,1,0,1,0,1,0,1,0,1,0,1,0,1,0,0,0,0,1,0.19019003,False
90270,33.988572,-118.186565,19,19.8,344.5,1,0,1,1,1,0,0,0,1,1,0,1,0,1,0,1,0,1,0,1,0,1,0,0,0,0,1,0.18375243,False
90274,33.788208,-118.404955,22,104.6,2180.55,1,0,1,0,1,0,0,1,0,0,1,0,1,0,0,0,1,0,1,0,1,0,0,1,0,1,0,0.6321787,False
90275,33.753146,-118.367459,35,80.05,2835.9,0,0,0,0,1,0,1,1,0,0,0,0,0,0,0,0,1,0,0,0,0,0,0,0,1,0,0,0.540812,False
90277,33.830453,-118.384565,1,45.15,45.15,0,0,0,0,1,0,0,0,0,0,0,0,0,0,0,0,0,0,0,0,0,0,0,0,0,0,1,0.6823102,False
90278,33.873395,-118.37019,39,73.15,2730.85,1,0,0,0,1,0,1,1,0,0,0,0,0,0,0,0,0,0,0,0,0,0,0,1,1,0,0,0.6171653,False
90280,33.944624,-118.192615,54,99.1,5437.1,0,1,1,0,1,0,0,1,0,0,0,0,0,0,1,0,1,0,1,0,1,1,0,1,0,1,0,0.4558073,False
90292,33.977468,-118.445475,56,105.35,5794.45,1,0,0,0,1,0,1,1,0,0,1,0,0,0,0,0,1,0,1,0,1,0,0,1,0,0,1,0.5942714,False
90293,33.947305,-118.439841,18,45.65,747.2,1,0,0,1,1,0,0,0,0,0,0,0,0,0,0,0,0,0,0,0,0,0,0,1,1,0,0,0.45751262,False
90301,33.956445,-118.358634,16,79.95,1267.95,0,0,1,1,1,0,1,1,0,0,0,0,1,0,0,0,0,0,0,0,0,0,0,1,1,0,0,0.59155434,False
90302,33.975332,-118.355252,68,54.45,3674.95,0,0,0,0,1,0,0,0,0,0,1,0,0,0,1,0,0,0,0,0,0,1,0,1,1,0,0,0.21019325,False
90303,33.936291,-118.332639,53,25.1,1275.6,0,1,1,0,1,0,1,0,1,1,0,1,0,1,0,1,0,1,0,1,0,0,1,0,1,0,0,0.15641865,False
90304,33.936827,-118.359824,72,84.7,5893.9,0,0,1,1,1,0,1,0,0,0,1,0,0,0,1,0,1,0,1,0,1,0,1,0,1,0,0,0.12877473,False
90305,33.958134,-118.330905,9,75.85,724.65,1,0,0,0,1,0,1,1,0,0,0,0,0,0,0,0,0,0,0,0,0,0,0,1,0,1,0,0.79117554,True
90401,34.015481,-118.493231,30,48.8,1536.75,0,0,0,0,1,0,0,0,0,0,1,0,0,0,0,0,0,0,0,0,0,0,0,1,0,0,1,0.35582384,False
90403,34.031529,-118.491156,18,35.2,607.3,0,0,0,0,0,1,0,0,0,0,0,0,0,0,1,0,1,0,0,0,0,0,0,1,0,1,0,0.57642823,False
90404,34.026334,-118.474222,55,76.25,4154.55,0,1,1,1,1,0,1,0,0,0,1,0,0,0,1,0,1,0,1,0,0,1,0,0,0,1,0,0.20437533,False
90503,33.840399,-118.353714,33,24.9,847.8,1,1,0,0,1,0,1,0,1,1,0,1,0,1,0,1,0,1,0,1,0,1,0,1,0,0,0,0.18770659,False
90504,33.867257,-118.330794,44,54.3,2390.45,1,0,1,0,0,1,0,0,0,0,0,0,1,0,1,0,0,0,1,0,1,0,1,0,0,0,0,0.27220783,False
90505,33.807882,-118.347957,30,66.3,1923.5,0,0,1,1,1,0,0,0,0,0,1,0,0,0,0,0,1,0,0,0,1,0,0,0,0,0,0,0.24150148,False
90601,34.007353,-118.033683,71,20.9,1493.2,0,0,1,0,1,0,0,0,1,1,0,1,0,1,0,1,0,1,0,1,0,0,1,1,0,0,0,0.14561512,False
90604,33.929704,-118.01208,1,75.35,75.35,1,0,1,0,1,0,0,1,0,0,0,0,0,0,1,0,0,0,0,0,0,0,0,0,1,0,0,0.75625616,True
90605,33.960891,-118.032222,23,104.45,2184.85,1,1,1,0,1,0,1,1,0,0,0,0,1,0,1,0,0,0,1,0,1,0,0,1,0,1,0,0.7467067,True
90606,33.976678,-118.065875,22,49.45,1031.4,0,0,0,1,0,1,0,0,0,0,0,0,0,0,1,0,0,0,1,0,1,1,0,1,1,0,0,0.36211404,False
90620,33.845706,-118.012204,49,19.45,921.3,0,0,0,1,1,0,0,0,1,1,0,1,0,1,0,1,0,1,0,1,0,1,0,0,1,0,0,0.17885,False
90621,33.874224,-117.993368,42,92.15,3875.4,0,0,1,1,1,0,0,1,0,0,0,0,0,0,1,0,0,0,1,0,1,0,0,1,0,1,0,0.42051068,False
90630,33.818477,-118.038307,7,19.85,144.15,0,0,1,1,1,0,0,0,1,1,0,1,0,1,0,1,0,1,0,1,0,0,1,0,0,0,1,0.23965019,False
90631,33.940619,-117.9513,67,100.25,6689.0,0,0,1,1,1,0,1,1,0,0,1,0,0,0,1,0,1,0,0,0,1,1,0,1,0,0,0,0.25277656,False
90638,33.902045,-118.008961,15,95.7,1451.1,1,0,0,0,1,0,1,1,0,0,0,0,1,0,0,0,1,0,0,0,1,0,0,0,0,1,0,0.65346503,False
90640,34.015217,-118.109962,67,93.15,6368.2,1,0,1,0,1,0,1,1,0,0,0,0,1,0,1,0,0,0,0,0,1,0,1,1,0,1,0,0.2549797,False
90650,33.905963,-118.08263,53,69.7,3729.6,1,0,1,1,1,0,0,0,0,0,1,0,1,0,0,0,1,0,1,0,0,0,1,1,0,0,1,0.13748085,False
90660,33.989524,-118.089299,21,19.8,350.1,1,0,1,1,1,0,0,0,1,1,0,1,0,1,0,1,0,1,0,1,0,1,0,0,0,0,1,0.18375243,False
90670,33.933565,-118.062611,40,71.35,2847.2,0,0,1,1,1,0,0,0,0,0,1,0,1,0,0,0,1,0,0,0,1,0,0,1,0,0,1,0.25512055,False
90680,33.801869,-117.995068,22,20.75,452.35,0,0,1,1,1,0,0,0,1,1,0,1,0,1,0,1,0,1,0,1,0,1,0,0,0,0,0,0.17749684,False
90701,33.867593,-118.080637,39,40.6,1494.5,1,0,0,0,0,1,0,0,0,0,0,0,0,0,0,0,1,0,0,0,1,0,0,1,0,1,0,0.46725675,False
90704,33.391181,-118.421305,2,20.35,41.85,0,0,1,0,1,0,0,0,1,1,0,1,0,1,0,1,0,1,0,1,0,0,0,0,0,0,1,0.3993432,False
90706,33.887676,-118.127289,57,19.75,1272.05,0,0,1,1,1,0,0,0,1,1,0,1,0,1,0,1,0,1,0,1,0,0,1,0,0,0,0,0.1309193,False
90710,33.798266,-118.300237,8,54.4,475.1,1,0,1,1,1,0,0,0,0,0,0,0,0,0,0,0,0,0,1,0,0,0,0,1,0,1,0,0.4516547,False
90715,33.841027,-118.078097,7,20.45,150.75,0,0,1,1,1,0,0,0,1,1,0,1,0,1,0,1,0,1,0,1,0,0,0,0,0,0,1,0.37613398,False
90716,33.830431,-118.074071,49,66.15,3199.0,1,0,0,0,1,0,1,0,0,0,0,0,0,0,0,0,1,0,1,0,0,0,1,1,0,0,0,0.19169399,False
90717,33.794209,-118.317354,65,89.85,5844.65,0,0,0,0,1,0,1,1,0,0,1,0,1,0,0,0,1,0,0,0,0,1,0,1,0,1,0,0.28983957,False
90720,33.79499,-118.065591,55,45.05,2462.6,0,0,0,0,1,0,0,0,0,0,0,0,0,0,0,0,0,0,0,0,0,1,0,0,0,0,0,0.29316646,False
90723,33.897122,-118.164432,71,86.85,6263.8,1,0,1,1,1,0,1,0,0,0,1,0,1,0,1,0,1,0,1,0,1,0,1,0,0,0,0,0.12877473,False
90731,33.736387,-118.284363,35,96.75,3403.4,1,0,0,0,1,0,1,1,0,0,1,0,1,0,1,0,1,0,0,0,0,0,0,1,0,0,1,0.5232343,False
90743,33.728273,-118.085304,17,106.65,1672.1,1,0,0,0,1,0,1,1,0,0,1,0,1,0,1,0,1,0,1,0,0,0,0,1,0,0,0,0.5889806,False
90744,33.782068,-118.262263,72,110.15,7881.2,0,0,1,0,1,0,1,1,0,0,1,0,0,0,1,0,1,0,1,0,1,0,1,1,1,0,0,0.28044918,False
90745,33.822295,-118.26411,28,82.85,2320.8,0,0,1,1,1,0,0,1,0,0,1,0,0,0,0,0,0,0,0,0,1,1,0,1,0,0,0,0.2785517,False
90746,33.859171,-118.252272,18,20.1,370.5,0,0,1,0,1,0,0,0,1,1,0,1,0,1,0,1,0,1,0,1,0,0,1,0,0,0,1,0.17157948,False
90803,33.760458,-118.129725,52,59.45,3043.7,0,0,0,0,1,0,0,0,0,0,0,0,0,0,1,0,0,0,0,0,1,0,0,1,0,1,0,0.4569297,False
90804,33.783047,-118.1486,47,58.6,2723.4,0,0,1,0,1,0,0,0,0,0,0,0,1,0,0,0,0,0,1,0,0,0,0,1,0,0,0,0.42924693,False
90805,33.864622,-118.179626,23,49.7,1081.25,0,0,0,0,1,0,0,0,0,0,0,0,0,0,1,0,0,0,0,0,0,0,0,0,1,0,0,0.4716833,False
90806,33.802664,-118.179971,66,65.85,4097.05,1,0,1,1,1,0,0,0,0,0,1,0,1,0,1,0,1,0,0,0,0,0,1,0,0,0,1,0.15522026,False
90807,33.830099,-118.182239,8,73.5,632.2,0,0,0,0,1,0,1,1,0,0,0,0,0,0,0,0,0,0,0,0,0,0,0,1,0,1,0,0.78450215,True
90813,33.781086,-118.199049,71,113.65,8166.8,0,0,1,1,1,0,1,1,0,0,1,0,1,0,1,0,1,0,1,0,1,0,1,0,1,0,0,0.17839384,False
90814,33.771612,-118.143866,50,83.4,4113.7,0,1,0,0,1,0,1,1,0,0,1,0,1,0,0,0,0,0,0,0,0,0,0,1,0,1,0,0.59973896,False
90815,33.797638,-118.11662,46,65.65,3047.15,1,0,1,0,1,0,0,0,0,0,1,0,1,0,1,0,1,0,0,0,0,0,1,0,0,0,1,0.17941149,False
91001,34.196837,-118.142236,66,61.35,4193.4,0,0,0,0,0,1,0,0,0,0,1,0,0,0,1,0,1,0,1,0,1,0,1,1,0,0,0,0.18270212,False
91006,34.137319,-118.029837,42,85.9,3729.75,0,0,1,0,1,0,1,1,0,0,0,0,0,0,1,0,1,0,0,0,0,0,0,1,1,0,0,0.61274594,False
91007,34.128284,-118.047732,5,75.65,399.45,0,0,0,0,1,0,0,1,0,0,0,0,0,0,0,0,1,0,0,0,0,0,0,1,0,0,1,0.73212886,True
91011,34.234912,-118.153729,29,70.9,1964.6,1,0,0,0,1,0,1,0,0,0,0,0,1,0,1,0,0,0,0,0,1,1,0,0,1,0,0,0.27462238,False
91016,34.1528,-118.000482,27,49.85,1336.15,0,0,1,1,1,0,0,0,0,0,0,0,1,0,0,0,0,0,0,0,0,0,0,0,0,0,1,0.2739207,False
91024,34.168686,-118.057505,25,20.1,486.05,0,0,1,1,1,0,0,0,1,1,0,1,0,1,0,1,0,1,0,1,0,0,1,0,0,0,1,0.13386415,False
91040,34.282704,-118.312929,57,103.05,5925.75,1,0,1,0,1,0,1,1,0,0,1,0,1,0,1,0,1,0,1,0,0,0,0,1,0,1,0,0.53322655,False
91101,34.146635,-118.139225,47,99.7,4747.2,0,1,1,0,1,0,1,1,0,0,0,0,0,0,1,0,0,0,1,0,1,0,0,0,0,1,0,0.69873047,False
91103,34.167465,-118.165327,13,81.9,1028.9,0,0,0,0,1,0,0,1,0,0,0,0,0,0,0,0,0,0,1,0,0,0,0,1,0,0,1,0.76361483,True
91106,34.139402,-118.128658,71,66.2,4692.55,1,0,1,1,1,0,1,0,0,0,1,0,0,0,0,0,0,0,1,0,0,1,0,1,0,1,0,0.21269627,False
91201,34.17051,-118.289463,1,19.75,19.75,0,0,0,0,1,0,0,0,1,1,0,1,0,1,0,1,0,1,0,1,0,0,0,0,0,1,0,0.56064034,False
91202,34.167926,-118.267539,2,72.6,154.3,1,1,0,0,1,0,1,1,0,0,0,0,0,0,0,0,0,0,0,0,0,0,0,1,0,0,1,0.77140385,True
91203,34.153338,-118.262974,55,116.5,6382.55,1,1,0,0,1,0,1,1,0,0,1,0,1,0,1,0,1,0,1,0,1,0,0,1,0,1,0,0.50615835,False
91204,34.136306,-118.26036,71,106.8,7623.2,1,1,0,0,1,0,1,1,0,0,0,0,1,0,0,0,1,0,1,0,1,0,1,1,0,1,0,0.36089,False
91205,34.13658,-118.245839,50,24.95,1261.45,1,0,1,1,1,0,1,0,1,1,0,1,0,1,0,1,0,1,0,1,0,0,1,0,0,0,1,0.13386415,False
91206,34.162515,-118.203869,1,89.25,89.25,1,0,0,0,1,0,0,1,0,0,0,0,0,0,0,0,0,0,1,0,1,0,0,1,0,1,0,0.8254377,True
91207,34.182378,-118.262922,5,19.25,86.05,1,0,0,0,1,0,0,0,1,1,0,1,0,1,0,1,0,1,0,1,0,0,0,1,0,0,1,0.3378474,False
91208,34.195386,-118.238508,66,104.55,6779.05,0,0,0,0,1,0,1,1,0,0,1,0,1,0,1,0,1,0,1,0,0,1,0,1,0,0,0,0.3675688,False
91214,34.239636,-118.245259,49,87.2,4345.0,0,0,1,1,1,0,0,0,0,0,1,0,1,0,1,0,1,0,1,0,1,1,0,1,0,0,1,0.18507405,False
91301,34.129058,-118.759788,3,30.75,82.85,0,1,1,0,0,1,0,0,0,0,0,0,1,0,0,0,0,0,0,0,0,0,0,1,0,1,0,0.7219388,True
91302,34.130861,-118.68346,66,25.7,1714.55,1,0,1,1,1,0,1,0,1,1,0,1,0,1,0,1,0,1,0,1,0,1,0,1,1,0,0,0.15477452,False
91303,34.19829,-118.602203,11,86.2,893.2,1,0,0,1,1,0,1,1,0,0,0,0,0,0,0,0,0,0,0,0,1,0,0,0,0,1,0,0.7044118,True
91304,34.224377,-118.632656,28,30.1,810.85,1,0,0,0,0,1,0,0,0,0,0,0,0,0,0,0,1,0,0,0,0,0,0,1,1,0,0,0.4769141,False
91306,34.209532,-118.577563,65,99.35,6347.55,1,0,1,0,1,0,1,1,0,0,1,0,1,0,1,0,0,0,1,0,0,0,1,1,0,1,0,0.28099048,False
91307,34.199787,-118.68493,62,19.2,1123.65,0,0,0,0,1,0,0,0,1,1,0,1,0,1,0,1,0,1,0,1,0,0,1,1,1,0,0,0.1522232,False
91311,34.294142,-118.603883,2,20.1,43.15,0,0,1,0,1,0,0,0,1,1,0,1,0,1,0,1,0,1,0,1,0,0,0,0,0,0,0,0.36420777,False
91316,34.150354,-118.518292,2,20.35,35.1,0,0,0,0,1,0,0,0,1,1,0,1,0,1,0,1,0,1,0,1,0,0,0,0,1,0,0,0.37447965,False
91320,34.172071,-118.946262,55,25.65,1388.0,0,0,1,1,1,0,1,0,1,1,0,1,0,1,0,1,0,1,0,1,0,0,1,1,1,0,0,0.1309193,False
91321,34.370378,-118.504118,41,94.55,3851.45,1,1,1,0,1,0,0,1,0,0,0,0,1,0,0,0,0,0,1,0,1,0,0,1,0,1,0,0.60813224,False
91325,34.236683,-118.517588,30,94.4,2638.1,0,0,0,0,1,0,0,1,0,0,0,0,0,0,0,0,1,0,1,0,1,1,0,1,0,0,0,0.4626919,False
91326,34.281911,-118.556218,17,56.1,946.95,1,0,0,0,1,0,0,0,0,0,1,0,1,0,0,0,0,0,0,0,0,1,0,0,0,0,1,0.27399617,False
91331,34.255442,-118.421314,16,68.25,1114.85,0,0,1,1,1,0,0,0,0,0,1,0,1,0,0,0,1,0,0,0,1,0,1,0,0,0,0,0.17738855,False
91335,34.200175,-118.540958,72,24.75,1777.6,1,0,0,0,1,0,1,0,1,1,0,1,0,1,0,1,0,1,0,1,0,0,1,0,0,0,0,0.14561512,False
91340,34.286131,-118.435969,9,76.25,684.85,1,0,0,0,1,0,1,1,0,0,0,0,0,0,0,0,0,0,0,0,0,0,0,1,0,1,0,0.79117554,True
91342,34.321621,-118.399841,1,74.35,74.35,0,0,0,0,1,0,0,1,0,0,0,0,1,0,0,0,0,0,0,0,0,0,0,0,0,1,0,0.78772676,True
91343,34.238802,-118.482296,23,54.15,1312.45,1,0,0,1,1,0,0,0,0,0,0,0,1,0,0,0,1,0,0,0,0,0,0,0,0,1,0,0.31702268,False
91344,34.291273,-118.505104,8,19.45,159.2,1,0,0,1,1,0,0,0,1,1,0,1,0,1,0,1,0,1,0,1,0,0,0,0,0,0,0,0.31769058,False
91345,34.266389,-118.459744,19,34.95,610.2,1,0,1,1,0,1,0,0,0,0,1,0,1,0,0,0,0,0,0,0,0,0,0,1,0,0,1,0.3396208,False
91350,34.502432,-118.41459,7,53.65,404.35,0,0,0,0,1,0,1,0,0,0,1,0,0,0,0,0,0,0,0,0,0,0,0,1,0,1,0,0.6314476,False
91352,34.231053,-118.338307,61,104.0,6363.45,1,0,0,0,1,0,1,1,0,0,1,0,0,0,1,0,0,0,1,0,1,1,0,0,0,1,0,0.49697453,False
91354,34.457005,-118.573726,57,70.35,4124.65,0,0,1,0,1,0,0,0,0,0,1,0,1,0,0,0,1,0,1,0,0,0,1,1,1,0,0,0.15353146,False
91356,34.157137,-118.548511,15,64.85,950.75,1,0,0,1,1,0,0,0,0,0,1,0,0,0,1,0,0,0,0,0,1,1,0,0,0,0,1,0.26619184,False
91360,34.214054,-118.88109,1,19.65,19.65,0,0,0,0,1,0,0,0,1,1,0,1,0,1,0,1,0,1,0,1,0,0,0,0,0,0,1,0.5510429,False
91361,34.130992,-118.894673,12,45.9,505.95,0,0,1,0,1,0,0,0,0,0,0,0,0,0,0,0,0,0,0,0,0,0,0,0,0,0,0,0.5306055,False
91362,34.191842,-118.822796,54,20.0,1149.65,1,0,0,0,1,0,0,0,1,1,0,1,0,1,0,1,0,1,0,1,0,0,1,0,0,0,1,0.15556149,False
91364,34.153733,-118.593408,4,44.8,169.65,1,0,1,1,1,0,0,0,0,0,0,0,0,0,0,0,0,0,0,0,0,0,0,0,0,1,0,0.60271513,False
91377,34.19225,-118.776874,20,20.35,393.15,0,0,1,0,1,0,0,0,1,1,0,1,0,1,0,1,0,1,0,1,0,1,0,0,0,0,1,0.19549501,False
91381,34.364153,-118.615583,26,45.8,1147.0,0,0,0,1,0,1,0,0,0,0,1,0,0,0,0,0,1,0,0,0,1,0,0,0,0,0,1,0.33573762,False
91401,34.178483,-118.431791,53,108.95,5718.2,0,0,1,0,1,0,1,1,0,0,0,0,1,0,1,0,1,0,1,0,1,1,0,1,0,0,0,0.41868523,False
91403,34.147149,-118.463365,68,64.35,4539.6,0,0,0,0,0,1,0,0,0,0,1,0,1,0,1,0,1,0,1,0,1,0,1,0,1,0,0,0.17092116,False
91405,34.202494,-118.448048,72,90.8,6397.6,1,0,1,1,1,0,1,0,0,0,1,0,1,0,1,0,1,0,1,0,1,0,1,1,1,0,0,0.12877473,False
91406,34.195685,-118.490752,12,24.95,280.4,1,0,0,0,1,0,1,0,1,1,0,1,0,1,0,1,0,1,0,1,0,1,0,0,1,0,0,0.20954213,False
91423,34.146957,-118.432138,68,84.7,5711.05,0,0,1,0,1,0,1,1,0,0,1,0,1,0,0,0,0,0,0,0,0,0,1,1,0,0,0,0.24155077,False
91436,34.152875,-118.486056,50,70.8,3478.15,0,0,0,1,1,0,0,0,0,0,1,0,0,0,1,0,1,0,1,0,0,1,0,1,1,0,0,0.17811261,False
91502,34.177267,-118.31003,41,104.4,4133.95,0,1,0,0,1,0,1,1,0,0,0,0,1,0,1,0,0,0,1,0,1,0,0,1,0,1,0,0.70788956,True
91504,34.213049,-118.317651,30,101.5,2917.65,1,1,1,0,1,0,1,1,0,0,0,0,0,0,0,0,1,0,1,0,1,0,0,1,0,1,0,0.73385227,True
91505,34.174215,-118.345928,1,54.3,54.3,1,0,0,0,1,0,1,0,0,0,0,0,1,0,0,0,0,0,0,0,0,0,0,0,0,1,0,0.6923916,False
91506,34.169706,-118.323548,29,103.95,2964.8,1,1,1,1,1,0,1,1,0,0,0,0,0,0,1,0,0,0,1,0,1,0,0,1,0,1,0,0.5540229,False
91601,34.1692,-118.372498,23,91.1,2198.3,0,0,1,1,1,0,1,0,0,0,1,0,1,0,1,0,1,0,1,0,1,0,1,1,1,0,0,0.14963429,False
91602,34.15136,-118.364786,60,19.95,1189.9,1,0,0,1,1,0,0,0,1,1,0,1,0,1,0,1,0,1,0,1,0,0,1,0,0,0,1,0.13795304,False
91604,34.139082,-118.39275,72,26.45,1914.5,0,0,1,0,1,0,1,0,1,1,0,1,0,1,0,1,0,1,0,1,0,0,1,0,1,0,0,0.14561512,False
91606,34.187599,-118.387125,72,75.1,5336.35,1,0,0,0,1,0,0,0,0,0,1,0,1,0,1,0,1,0,1,0,0,0,1,1,0,0,0,0.15101504,False
91607,34.165783,-118.399795,66,108.1,7238.6,0,1,0,0,1,0,1,1,0,0,0,0,1,0,1,0,0,0,1,0,1,1,0,0,0,0,0,0.3890643,False
91701,34.132275,-117.611478,72,110.15,7998.8,0,0,1,0,1,0,1,1,0,0,0,0,1,0,1,0,1,0,1,0,1,0,1,1,0,1,0,0.22559138,False
91706,34.098275,-117.967399,51,111.5,5703.25,0,0,0,0,1,0,1,1,0,0,0,0,1,0,1,0,1,0,1,0,1,1,0,1,0,1,0,0.49136737,False
91709,33.942895,-117.725644,70,106.5,7397.0,0,0,1,1,1,0,1,1,0,0,0,0,1,0,1,0,0,0,1,0,1,1,0,1,0,1,0,0.2841177,False
91710,33.990646,-117.663025,9,19.9,164.6,1,0,0,0,1,0,0,0,1,1,0,1,0,1,0,1,0,1,0,1,0,1,0,1,0,1,0,0.266687,False
91711,34.127621,-117.717863,59,111.1,6555.2,1,0,1,1,1,0,1,1,0,0,1,0,1,0,0,0,1,0,1,0,1,0,1,1,0,0,1,0.20011213,False
91722,34.097345,-117.906736,3,70.7,225.65,1,0,0,1,1,0,0,0,0,0,0,0,0,0,0,0,1,0,1,0,1,0,0,0,0,0,1,0.4727363,False
91723,34.084747,-117.886844,38,24.85,955.75,1,1,1,0,0,1,0,0,0,0,0,0,0,0,0,0,0,0,0,0,0,0,0,1,0,1,0,0.5836024,False
91724,34.08111,-117.853935,37,91.2,3382.3,0,0,0,0,1,0,1,1,0,0,1,0,1,0,1,0,0,0,0,0,0,0,0,0,0,0,0,0.51602507,False
91730,34.10097,-117.57882,37,65.6,2313.8,1,0,0,0,1,0,0,0,0,0,1,0,1,0,1,0,1,0,0,0,0,0,1,0,0,0,0,0.17514065,False
91732,34.074492,-118.01462,14,59.45,780.85,0,0,1,1,1,0,0,0,0,0,1,0,1,0,0,0,1,0,0,0,0,0,0,0,0,0,0,0.27121428,False
91733,34.04622,-118.053753,72,109.95,7852.4,1,0,1,0,1,0,1,1,0,0,1,0,1,0,0,0,1,0,1,0,1,0,1,1,1,0,0,0.21217434,False
91740,34.119363,-117.855059,72,38.5,2763.0,1,0,1,1,0,1,0,0,0,0,1,0,1,0,1,0,0,0,0,0,0,0,1,0,1,0,0,0.17780404,False
91741,34.14649,-117.849815,17,92.55,1614.7,0,1,1,0,1,0,1,1,0,0,0,0,0,0,0,0,0,0,1,0,1,0,0,1,0,1,0,0.7644469,True
91748,33.976753,-117.897367,10,24.5,270.15,0,0,0,0,1,0,1,0,1,1,0,1,0,1,0,1,0,1,0,1,0,0,0,1,0,0,1,0.33133793,False
91750,34.144703,-117.770299,0,19.7,1397.475,1,0,1,1,1,0,0,0,1,1,0,1,0,1,0,1,0,1,0,1,0,1,0,1,0,0,1,0.2640162,False
91752,33.999992,-117.535395,1,20.6,20.6,1,0,0,0,1,0,0,0,1,1,0,1,0,1,0,1,0,1,0,1,0,0,0,0,0,0,1,0.5103951,False
91754,34.050322,-118.147037,29,58.0,1734.5,0,0,0,0,1,0,0,0,0,0,1,0,0,0,1,0,1,0,0,0,0,1,0,0,1,0,0,0.20672582,False
91755,34.049172,-118.115022,65,107.45,7047.5,0,1,1,1,1,0,1,1,0,0,0,0,1,0,1,0,0,0,1,0,1,1,0,1,0,1,0,0.29204518,False
91759,34.231318,-117.662032,8,65.5,573.15,0,0,0,0,1,0,1,0,0,0,1,0,1,0,1,0,0,0,0,0,0,0,0,1,0,0,0,0.44645524,False
91761,34.035602,-117.591528,61,25.45,1538.6,1,0,1,0,1,0,1,0,1,1,0,1,0,1,0,1,0,1,0,1,0,0,1,0,0,0,0,0.15146886,False
91762,34.057256,-117.667677,45,100.15,4459.8,0,1,0,0,1,0,1,1,0,0,0,0,0,0,1,0,0,0,1,0,1,1,0,1,0,0,0,0.4666781,False
91763,34.072121,-117.698319,72,104.45,7459.0,1,0,1,1,1,0,1,1,0,0,0,0,1,0,1,0,0,0,1,0,1,1,0,1,1,0,0,0.24459681,False
91764,34.074087,-117.605618,12,21.15,306.05,1,0,1,1,1,0,0,0,1,1,0,1,0,1,0,1,0,1,0,1,0,0,0,1,0,1,0,0.28489473,False
91765,33.992416,-117.807874,7,96.2,639.7,1,0,0,0,1,0,1,1,0,0,0,0,0,0,0,0,0,0,1,0,1,0,0,0,0,1,0,0.8164673,True
91766,34.042286,-117.756106,9,44.4,348.15,1,0,0,0,1,0,0,0,0,0,0,0,0,0,0,0,0,0,0,0,0,0,0,1,0,0,1,0.5892128,False
91768,34.067932,-117.785168,58,94.35,5563.65,1,0,1,1,1,0,1,1,0,0,0,0,0,0,1,0,1,0,0,0,1,0,1,0,0,0,0,0.16446464,False
91773,34.102119,-117.815532,2,20.3,40.25,1,0,1,1,1,0,0,0,1,1,0,1,0,1,0,1,0,1,0,1,0,0,0,0,0,0,1,0.34663916,False
91776,34.089927,-118.095645,40,105.75,4228.55,0,0,1,0,1,0,1,1,0,0,1,0,0,0,1,0,0,0,1,0,1,1,0,0,0,0,0,0.5019803,False
91780,34.101608,-118.055848,9,81.15,784.45,1,0,0,0,1,0,1,1,0,0,1,0,0,0,0,0,0,0,0,0,0,0,0,1,0,1,0,0.7045662,True
91784,34.141146,-117.655583,41,89.55,3729.75,1,0,0,0,1,0,0,1,0,0,0,0,1,0,0,0,1,0,1,0,0,1,0,1,0,1,0,0.43745932,False
91786,34.105493,-117.660934,26,54.75,1406.9,0,0,0,0,1,0,0,0,0,0,0,0,1,0,1,0,0,0,0,0,0,0,0,1,1,0,0,0.3929385,False
91789,34.018354,-117.85492,33,53.75,1857.3,0,0,1,0,1,0,0,0,0,0,0,0,1,0,0,0,1,0,0,0,0,1,0,1,1,0,0,0.25283816,False
91790,34.066964,-117.937007,68,105.75,7322.5,1,0,1,1,1,0,0,1,0,0,0,0,1,0,1,0,1,0,1,0,1,1,0,0,1,0,0,0.26910934,False
91791,34.061634,-117.893169,65,105.85,6725.5,0,1,1,0,1,0,0,1,0,0,0,0,1,0,1,0,1,0,1,0,1,0,1,1,1,0,0,0.35483623,False
91792,34.024405,-117.898722,55,64.2,3627.3,1,0,0,0,1,0,0,0,0,0,0,0,1,0,0,0,1,0,0,0,1,1,0,1,0,1,0,0.2737591,False
91803,34.074736,-118.145959,19,87.7,1725.95,1,0,0,0,1,0,0,1,0,0,0,0,0,0,0,0,1,0,0,0,1,1,0,1,1,0,0,0.43823117,False
91901,32.827184,-116.703729,45,89.3,4192.15,0,0,0,0,1,0,1,1,0,0,0,0,0,0,1,0,0,0,0,0,1,0,0,1,1,0,0,0.6120063,False
91902,32.67117,-117.00232,70,20.15,1411.2,0,0,1,1,1,0,0,0,1,1,0,1,0,1,0,1,0,1,0,1,0,0,1,1,1,0,0,0.1309193,False
91910,32.636792,-117.054989,12,20.05,264.55,0,0,1,0,1,0,0,0,1,1,0,1,0,1,0,1,0,1,0,1,0,0,1,1,0,1,0,0.24113855,False
91911,32.607964,-117.059459,72,67.2,4671.7,1,0,0,1,0,1,0,0,0,0,1,0,1,0,1,0,1,0,1,0,1,0,1,0,1,0,0,0.14880744,False
91913,32.64164,-116.985026,12,94.55,1173.55,1,0,0,0,1,0,1,1,0,0,0,0,0,0,0,0,0,0,1,0,1,0,0,0,0,1,0,0.7909452,True
91915,32.605012,-116.97595,71,107.5,7713.55,1,1,1,0,1,0,1,1,0,0,1,0,1,0,1,0,0,0,1,0,1,0,0,1,0,1,0,0.46993655,False
91916,32.912664,-116.635387,35,73.0,2471.25,1,1,0,0,1,0,0,0,0,0,0,0,0,0,1,0,1,0,1,0,1,1,0,1,0,1,0,0.39837626,False
91917,32.622999,-116.687855,70,114.75,7842.3,1,0,1,1,1,0,1,1,0,0,1,0,1,0,1,0,1,0,1,0,1,0,1,0,1,0,0,0.18251465,False
91931,32.857946,-116.561917,31,76.05,2227.8,0,0,0,0,1,0,1,1,0,0,0,0,0,0,0,0,0,0,0,0,0,0,0,1,0,1,0,0.7168153,True
91941,32.759327,-116.99726,30,77.9,2351.45,1,1,1,0,1,0,1,1,0,0,0,0,0,0,0,0,0,0,0,0,0,0,0,0,0,0,1,0.61294866,False
91942,32.782501,-117.01611,33,90.65,2989.6,0,0,0,0,1,0,1,1,0,0,1,0,0,0,0,0,0,0,0,0,1,0,0,1,0,1,0,0.63050485,False
91945,32.733564,-117.033713,54,110.45,6077.75,1,1,1,0,1,0,1,1,0,0,0,0,1,0,1,0,1,0,1,0,1,0,1,1,0,1,0,0.43798375,False
91948,32.830852,-116.444601,59,68.7,4070.95,0,0,0,0,1,0,1,0,0,0,1,0,0,0,0,0,1,0,0,0,1,1,0,0,0,0,0,0.2808519,False
91950,32.67102,-117.095235,55,44.85,2479.05,1,1,0,0,0,1,0,0,0,0,1,0,1,0,0,0,0,0,1,0,0,0,0,1,0,1,0,0.50844467,False
91962,32.800671,-116.483363,69,29.8,2134.3,1,1,1,0,0,1,0,0,0,0,0,0,0,0,1,0,0,0,0,0,0,1,0,1,1,0,0,0.34594634,False
91963,32.619465,-116.593605,66,88.9,6000.1,0,0,0,0,1,0,1,1,0,0,0,0,1,0,0,0,0,0,1,0,0,1,0,1,0,0,0,0.33792326,False
91977,32.726627,-116.994608,37,58.75,2203.1,1,0,1,1,1,0,0,0,0,0,1,0,0,0,1,0,1,0,0,0,0,1,0,1,0,0,1,0.1732467,False
91978,32.730264,-116.950963,9,19.85,183.15,1,1,1,0,1,0,0,0,1,1,0,1,0,1,0,1,0,1,0,1,0,1,0,0,1,0,0,0.26765087,False
91980,32.587557,-116.636816,69,86.9,6194.1,1,0,1,1,1,0,1,0,0,0,1,0,0,0,1,0,1,0,1,0,1,0,1,0,0,0,0,0.27689192,False
92003,33.290907,-117.202895,10,59.65,638.95,1,0,0,0,1,0,0,0,0,0,0,0,1,0,0,0,0,0,1,0,0,0,0,1,0,0,1,0.51300794,False
92007,33.015866,-117.272254,13,66.4,831.75,1,0,0,1,1,0,0,0,0,0,0,0,0,0,0,0,0,0,1,0,1,0,0,0,1,0,0,0.38772386,False
92009,33.098018,-117.258203,69,20.15,1337.5,0,0,1,1,1,0,0,0,1,1,0,1,0,1,0,1,0,1,0,1,0,0,1,0,0,0,0,0.1309193,False
92014,32.948262,-117.256086,66,108.1,7181.95,0,1,1,0,1,0,1,1,0,0,0,0,1,0,1,0,1,0,1,0,1,1,0,1,1,0,0,0.3985493,False
92020,32.79697,-116.969082,46,56.9,2560.1,1,0,1,1,1,0,0,0,0,0,1,0,0,0,1,0,1,0,0,0,0,1,0,0,0,0,1,0.19204783,False
92024,33.054579,-117.25665,56,109.6,5953.0,0,0,1,1,1,0,1,1,0,0,1,0,0,0,1,0,1,0,1,0,1,0,0,1,0,0,1,0.35001343,False
92025,33.081478,-117.033814,70,25.15,1790.15,1,0,1,1,1,0,1,0,1,1,0,1,0,1,0,1,0,1,0,1,0,0,1,0,1,0,0,0.1309193,False
92026,33.21846,-117.116916,33,79.15,2531.4,0,0,1,1,1,0,1,0,0,0,0,0,0,0,1,0,1,0,1,0,1,1,0,1,0,1,0,0.2708585,False
92027,33.141265,-116.967221,72,66.75,4760.3,0,0,1,1,1,0,1,0,0,0,1,0,1,0,0,0,1,0,0,0,0,0,1,0,1,0,0,0.14654706,False
92029,33.079834,-117.134275,19,48.8,953.65,0,0,0,1,1,0,0,0,0,0,0,0,0,0,0,0,1,0,0,0,0,0,0,0,0,0,1,0.393681,False
92037,32.853743,-117.25034,71,80.7,5705.05,0,0,1,0,1,0,0,0,0,0,0,0,1,0,1,0,1,0,1,0,1,0,1,1,1,0,0,0.17292564,False
92054,33.351059,-117.420557,1,20.55,20.55,1,0,0,0,1,0,0,0,1,1,0,1,0,1,0,1,0,1,0,1,0,0,0,0,1,0,0,0.40809646,False
92057,33.254497,-117.285879,61,115.1,6993.65,0,0,0,0,1,0,1,1,0,0,1,0,1,0,1,0,1,0,1,0,1,1,0,1,0,0,1,0.33624312,False
92059,33.384345,-117.072619,71,59.7,4122.65,0,0,1,1,0,1,0,0,0,0,1,0,1,0,0,0,1,0,1,0,1,0,1,0,0,0,0,0.14384049,False
92060,33.309852,-116.823091,68,86.45,5762.95,0,0,1,0,1,0,1,1,0,0,0,0,1,0,1,0,0,0,0,0,0,1,0,0,1,0,0,0.3154008,False
92061,33.313828,-116.940501,46,33.7,1537.85,1,0,0,0,0,1,0,0,0,0,0,0,0,0,1,0,1,0,0,0,0,1,0,0,1,0,0,0.29431453,False
92064,32.984395,-117.013454,33,80.1,2603.3,1,0,0,0,1,0,1,1,0,0,1,0,0,0,0,0,0,0,0,0,0,1,0,0,0,0,0,0.33246145,False
92065,33.044541,-116.833922,53,104.05,5566.4,0,0,1,1,1,0,1,1,0,0,1,0,1,0,1,0,1,0,0,0,1,0,1,1,0,0,0,0.27716246,False
92066,33.215251,-116.53633,50,108.75,5431.9,0,1,1,0,1,0,1,1,0,0,1,0,1,0,1,0,0,0,1,0,1,0,0,0,0,0,0,0.55666745,False
92067,33.012751,-117.200617,57,41.1,2258.25,0,0,0,0,0,1,0,0,0,0,1,0,0,0,1,0,1,0,0,0,0,1,0,1,1,0,0,0.2551382,False
92069,33.162624,-117.170863,54,20.35,1092.35,0,0,1,1,1,0,0,0,1,1,0,1,0,1,0,1,0,1,0,1,0,0,1,1,0,0,0,0.1309193,False
92070,33.174725,-116.743329,60,105.9,6401.25,0,1,1,0,1,0,1,1,0,0,0,0,1,0,1,0,0,0,1,0,1,0,0,1,0,1,0,0.6572114,False
92082,33.25283,-116.986079,10,65.5,616.9,0,0,1,1,1,0,0,0,0,0,0,0,1,0,0,0,1,0,0,0,1,0,0,1,0,1,0,0.3925594,False
92083,33.17494,-117.242761,43,40.45,1912.85,1,0,0,1,0,1,0,0,0,0,1,0,1,0,1,0,0,0,0,0,0,0,0,1,0,1,0,0.34567752,False
92084,33.22784,-117.200024,13,70.45,849.1,1,1,1,0,1,0,0,1,0,0,0,0,0,0,0,0,0,0,0,0,0,0,0,0,0,0,0,0.68595403,False
92086,33.323705,-116.626907,43,78.8,3460.3,0,0,1,0,1,0,0,0,0,0,1,0,0,0,1,0,1,0,1,0,1,0,1,1,0,1,0,0.2158014,False
92101,32.72523,-117.171346,1,90.1,90.1,1,0,1,1,1,0,0,1,0,0,0,0,0,0,0,0,0,0,1,0,1,0,0,1,0,1,0,0.7160374,True
92102,32.716007,-117.117462,69,82.45,5555.3,0,0,0,0,1,0,0,0,0,0,1,0,0,0,1,0,1,0,1,0,1,0,1,1,1,0,0,0.1780786,False
92103,32.747484,-117.166877,61,20.25,1278.8,0,0,1,0,1,0,0,0,1,1,0,1,0,1,0,1,0,1,0,1,0,0,1,0,1,0,0,0.15146886,False
92104,32.741499,-117.127409,43,66.25,2907.35,1,0,1,0,1,0,1,0,0,0,1,0,1,0,0,0,1,0,0,0,0,0,0,0,0,0,0,0.3111059,False
92107,32.741852,-117.243453,56,89.7,4952.95,1,0,1,0,1,0,0,1,0,0,0,0,0,0,0,0,0,0,1,0,1,0,0,0,0,0,1,0.531608,False
92108,32.774046,-117.142454,70,64.55,4504.9,0,0,1,0,0,1,0,0,0,0,1,0,1,0,1,0,1,0,1,0,1,0,1,0,0,0,0,0.2038354,False
92110,32.76501,-117.19938,49,93.65,4520.15,1,0,1,1,1,0,1,1,0,0,0,0,1,0,1,0,0,0,1,0,0,1,0,1,0,1,0,0.32153127,False
92113,32.697098,-117.116587,32,73.6,2316.85,0,0,1,1,1,0,0,0,0,0,1,0,1,0,1,0,1,0,0,0,1,0,1,0,0,0,1,0.15414318,False
92114,32.707892,-117.05512,72,109.75,8075.35,0,1,1,0,1,0,1,1,0,0,1,0,0,0,1,0,1,0,1,0,1,0,1,1,0,0,1,0.28942582,False
92115,32.762506,-117.07245,37,61.45,2302.35,1,0,0,1,1,0,0,0,0,0,1,0,1,0,0,0,1,0,0,0,0,0,1,0,1,0,0,0.15487126,False
92116,32.765299,-117.122565,69,106.4,7251.9,0,0,1,0,1,0,0,1,0,0,1,0,1,0,0,0,1,0,1,0,1,1,0,1,1,0,0,0.39476886,False
92117,32.825086,-117.199424,26,81.9,2078.55,0,0,1,0,1,0,0,0,0,0,0,0,1,0,1,0,1,0,1,0,1,0,0,0,0,0,0,0.3576125,False
92118,32.68674,-117.186612,58,105.2,6225.4,0,0,1,1,1,0,1,1,0,0,0,0,1,0,1,0,0,0,1,0,1,1,0,1,1,0,0,0.3109428,False
92119,32.802959,-117.027095,24,54.6,1242.25,1,0,0,0,1,0,1,0,0,0,0,0,0,0,0,0,1,0,0,0,0,1,0,0,0,0,0,0.3102135,False
92120,32.807867,-117.060993,5,20.55,99.45,1,0,1,1,1,0,0,0,1,1,0,1,0,1,0,1,0,1,0,1,0,1,0,0,0,1,0,0.26135615,False
92122,32.85723,-117.209774,30,19.7,599.25,0,0,1,1,1,0,0,0,1,1,0,1,0,1,0,1,0,1,0,1,0,0,1,0,0,0,1,0.13386415,False
92123,32.808814,-117.134694,55,66.05,3462.1,0,0,1,0,1,0,1,0,0,0,1,0,1,0,0,0,1,0,0,0,0,1,0,1,1,0,0,0.24446796,False
92127,33.017518,-117.118456,44,54.05,2375.2,1,0,1,1,0,1,0,0,0,0,1,0,1,0,1,0,1,0,0,0,1,0,1,1,1,0,0,0.16144738,False
92128,33.000269,-117.072093,47,58.9,2813.05,0,0,0,0,1,0,0,0,0,0,1,0,1,0,0,0,1,0,0,0,0,1,0,1,0,0,1,0.2486478,False
92131,32.89325,-117.087091,64,96.9,6314.35,0,0,1,0,1,0,0,1,0,0,1,0,0,0,0,0,1,0,1,0,1,1,0,1,0,0,1,0.40191787,False
92139,32.677716,-117.047666,1,19.1,19.1,1,0,0,0,1,0,0,0,1,1,0,1,0,1,0,1,0,1,0,1,0,0,0,0,0,0,1,0.4710644,False
92154,32.578103,-117.012975,20,50.0,1003.05,1,0,0,0,1,0,0,0,0,0,0,0,0,0,0,0,1,0,0,0,0,0,0,0,0,0,1,0.5103659,False
92173,32.555828,-117.040073,37,45.4,1593.1,0,0,1,0,0,1,0,0,0,0,1,0,0,0,0,0,1,0,1,0,0,0,1,0,0,1,0,0.38555133,False
92201,33.713891,-116.237257,30,85.45,2509.95,1,0,1,1,1,0,1,1,0,0,0,0,0,0,0,0,0,0,1,0,0,0,0,0,0,1,0,0.44309232,False
92203,33.752938,-116.230055,38,84.1,3187.65,0,0,0,0,1,0,1,0,0,0,1,0,1,0,1,0,0,0,1,0,1,1,0,0,0,0,0,0.32043818,False
92220,33.936298,-116.849577,52,66.25,3330.1,0,0,1,0,0,1,0,0,0,0,1,0,1,0,1,0,1,0,1,0,1,0,1,0,1,0,0,0.18545525,False
92223,33.946982,-116.977672,71,76.9,5522.7,1,0,0,1,1,0,0,0,0,0,1,0,1,0,1,0,1,0,1,0,0,0,1,1,1,0,0,0.13851902,False
92227,33.03933,-115.191857,66,74.6,4798.4,1,0,0,0,1,0,1,0,0,0,1,0,1,0,1,0,0,0,0,0,1,0,1,1,1,0,0,0.1965037,False
92230,33.929812,-116.76058,72,116.95,8594.4,1,0,1,0,1,0,1,1,0,0,1,0,1,0,1,0,1,0,1,0,1,0,1,1,1,0,0,0.20457593,False
92231,32.690654,-115.431225,25,40.65,970.55,1,0,0,1,0,1,0,0,0,0,1,0,0,0,0,0,0,0,1,0,0,1,0,1,1,0,0,0.28468952,False
92233,33.143826,-115.497485,69,114.35,7665.8,1,0,1,1,1,0,1,1,0,0,1,0,1,0,1,0,1,0,1,0,1,0,1,1,0,0,0,0.19147757,False
92234,33.829583,-116.474131,53,69.7,3686.05,1,0,1,1,1,0,1,0,0,0,1,0,1,0,0,0,0,0,0,0,1,0,1,0,0,0,0,0.14757974,False
92239,33.889605,-115.257009,26,98.65,2537.0,1,0,0,0,1,0,0,1,0,0,0,0,0,0,1,0,1,0,1,0,1,0,0,1,0,1,0,0.6394871,False
92240,33.948558,-116.516976,21,61.65,1393.6,1,0,0,0,1,0,0,0,0,0,0,0,0,0,1,0,0,0,0,0,1,0,0,0,0,0,1,0.4127104,False
92241,33.832799,-116.250973,1,89.35,89.35,0,0,0,1,1,0,0,1,0,0,0,0,0,0,0,0,0,0,1,0,1,0,0,1,0,1,0,0.6717909,False
92242,34.137742,-114.36514,48,95.4,4445.3,1,0,0,0,1,0,1,1,0,0,1,0,0,0,0,0,1,0,0,0,1,0,0,1,0,1,0,0.62307876,False
92243,32.770393,-115.60915,26,35.4,978.6,0,0,1,0,0,1,0,0,0,0,1,0,0,0,1,0,0,0,0,0,0,1,0,0,1,0,0,0.3748403,False
92249,32.730583,-115.501083,60,19.95,1258.15,1,0,1,0,1,0,0,0,1,1,0,1,0,1,0,1,0,1,0,1,0,0,1,0,0,0,1,0.16936074,False
92250,32.811001,-115.152865,18,19.25,331.35,1,0,0,0,1,0,0,0,1,1,0,1,0,1,0,1,0,1,0,1,0,0,0,0,0,0,1,0.4019442,False
92253,33.695532,-116.310571,4,20.4,84.75,0,0,0,1,1,0,0,0,1,1,0,1,0,1,0,1,0,1,0,1,0,1,0,1,0,0,1,0.23815355,False
92254,33.543835,-115.993906,65,24.75,1715.1,1,0,1,1,1,0,1,0,1,1,0,1,0,1,0,1,0,1,0,1,0,0,1,0,1,0,0,0.1309193,False
92256,34.097863,-116.594561,70,25.35,1715.15,1,0,1,1,1,0,1,0,1,1,0,1,0,1,0,1,0,1,0,1,0,0,1,0,0,0,1,0.13386415,False
92258,33.906496,-116.569499,62,20.0,1250.1,1,0,0,1,1,0,0,0,1,1,0,1,0,1,0,1,0,1,0,1,0,0,1,0,0,0,0,0.12977697,False
92259,32.698964,-115.886656,66,59.75,3996.8,0,0,1,1,1,0,0,0,0,0,1,0,0,0,0,0,0,0,1,0,0,0,1,1,0,1,0,0.19078432,False
92260,33.694501,-116.412711,65,82.5,5215.1,0,0,1,1,1,0,1,0,0,0,1,0,1,0,0,0,1,0,1,0,1,0,1,1,0,0,0,0.1378553,False
92264,33.745746,-116.514215,34,20.35,673.2,0,0,0,0,1,0,0,0,1,1,0,1,0,1,0,1,0,1,0,1,0,0,0,0,0,0,1,0.27266562,False
92266,33.3249,-114.758334,16,90.8,1442.2,1,0,1,1,1,0,1,1,0,0,0,0,0,0,1,0,0,0,1,0,0,0,0,1,0,0,0,0.4652664,False
92268,34.201108,-116.593456,50,104.95,5222.35,0,1,0,0,1,0,1,1,0,0,0,0,0,0,1,0,1,0,1,0,1,0,0,1,0,1,0,0.6663487,False
92270,33.763678,-116.429928,71,105.25,7291.75,1,0,1,0,1,0,0,1,0,0,0,0,1,0,1,0,1,0,1,0,1,0,1,1,0,1,0,0.3441844,False
92275,33.28156,-115.955541,18,23.75,424.5,1,0,0,0,1,0,1,0,1,1,0,1,0,1,0,1,0,1,0,1,0,1,0,0,0,0,1,0.21671282,False
92276,33.849263,-116.382778,4,61.3,249.4,1,0,0,0,1,0,0,0,0,0,0,0,0,0,0,0,1,0,1,0,0,0,0,1,0,1,0,0.5427612,False
92277,34.17211,-115.769773,58,75.8,4415.75,0,0,1,1,1,0,1,0,0,0,1,0,0,0,1,0,1,0,1,0,0,0,1,0,0,0,1,0.1378553,False
92278,34.457829,-116.139589,56,98.0,5270.6,0,0,1,0,1,0,1,1,0,0,1,0,0,0,0,0,0,0,1,0,1,1,0,1,0,1,0,0.50353664,False
92282,33.972293,-116.654195,56,52.0,2884.9,1,0,1,1,0,1,0,0,0,0,1,0,1,0,0,0,1,0,1,0,0,1,0,1,0,0,1,0.20471543,False
92284,34.159534,-116.425984,4,64.4,253.0,0,0,0,0,1,0,1,0,0,0,0,0,0,0,0,0,1,0,1,0,0,0,0,1,0,0,1,0.47220507,False
92301,34.667815,-117.536183,10,45.8,436.2,1,0,0,0,1,0,0,0,0,0,0,0,0,0,0,0,0,0,0,0,0,0,0,1,1,0,0,0.5658973,False
92304,34.559882,-115.637164,4,30.5,118.4,1,0,0,0,0,1,0,0,0,0,0,0,0,0,0,0,1,0,0,0,0,0,0,0,0,1,0,0.63102615,False
92307,34.55082,-117.122396,51,69.15,3649.6,0,0,1,0,1,0,0,1,0,0,0,0,0,0,0,0,0,0,0,0,0,0,0,0,0,0,1,0.5436429,False
92309,35.28952,-116.092214,6,49.25,255.6,0,0,0,0,0,1,0,0,0,0,0,0,0,0,0,0,1,0,1,0,1,1,0,1,0,0,1,0.4742254,False
92310,35.349241,-116.770281,63,39.35,2395.05,1,0,1,1,0,1,0,0,0,0,0,0,1,0,1,0,1,0,0,0,0,0,1,0,0,0,0,0.18297862,False
92313,34.029175,-117.307211,48,105.1,5083.55,0,0,1,0,1,0,1,1,0,0,0,0,1,0,0,0,1,0,1,0,1,0,0,1,1,0,0,0.60096854,False
92315,34.242058,-116.89802,35,20.1,644.5,0,0,0,1,1,0,0,0,1,1,0,1,0,1,0,1,0,1,0,1,0,1,0,1,1,0,0,0.16487294,False
92320,33.982787,-117.057627,2,19.75,39.3,1,0,0,0,1,0,0,0,1,1,0,1,0,1,0,1,0,1,0,1,0,0,0,0,0,0,1,0.3865993,False
92321,34.255203,-117.175654,50,19.75,989.05,0,0,0,0,1,0,0,0,1,1,0,1,0,1,0,1,0,1,0,1,0,1,0,0,0,0,0,0.1819803,False
92324,34.030915,-117.273201,33,70.4,2406.1,0,0,0,0,1,0,0,1,0,0,0,0,0,0,0,0,0,0,0,0,0,0,0,1,0,0,0,0.63721716,False
92325,34.248061,-117.29028,31,20.45,638.55,1,0,0,0,1,0,0,0,1,1,0,1,0,1,0,1,0,1,0,1,0,0,1,0,0,0,1,0.15556149,False
92327,34.875144,-116.821698,9,20.35,191.1,0,0,1,1,1,0,0,0,1,1,0,1,0,1,0,1,0,1,0,1,0,0,1,0,0,0,1,0.15773728,False
92328,36.27688,-117.033326,54,86.2,4524.05,0,0,1,1,1,0,1,0,0,0,0,0,1,0,1,0,1,0,1,0,1,0,0,1,0,1,0,0.23543148,False
92332,34.9436,-115.287901,46,95.65,4664.2,0,0,0,0,1,0,0,1,0,0,1,0,1,0,1,0,0,0,1,0,0,1,0,1,1,0,0,0.3886777,False
92333,34.274846,-116.937581,34,103.8,3470.8,1,0,0,1,1,0,1,1,0,0,1,0,1,0,0,0,0,0,1,0,1,1,0,1,0,1,0,0.33281803,False
92335,34.087558,-117.464096,71,97.2,6910.3,1,0,1,1,1,0,1,1,0,0,1,0,0,0,0,0,0,0,1,0,1,0,1,1,0,1,0,0.2036789,False
92336,34.136367,-117.460803,63,63.55,4014.2,0,0,1,1,1,0,0,0,0,0,1,0,1,0,1,0,1,0,0,0,0,0,1,0,0,0,1,0.13299261,False
92337,34.049671,-117.468896,51,24.95,1288.0,0,0,0,0,1,0,1,0,1,1,0,1,0,1,0,1,0,1,0,1,0,0,1,0,0,0,0,0.15146886,False
92339,34.067699,-116.903891,64,99.0,6375.8,0,0,1,0,1,0,0,1,0,0,1,0,0,0,1,0,0,0,1,0,1,0,1,1,0,0,0,0.25328776,False
92342,34.757783,-117.33997,61,85.55,5251.75,1,1,1,0,1,0,1,1,0,0,0,0,1,0,0,0,1,0,0,0,0,1,0,1,0,0,0,0.30955988,False
92345,34.361387,-117.337509,15,94.0,1505.45,0,0,0,0,1,0,0,1,0,0,0,0,0,0,1,0,0,0,1,0,1,0,0,1,1,0,0,0.71592814,True
92347,34.983808,-117.239306,18,50.3,913.3,0,0,0,0,1,0,1,0,0,0,0,0,0,0,0,0,0,0,0,0,0,0,0,1,0,1,0,0.6193283,False
92352,34.2565,-117.19335,57,95.0,5535.8,0,0,1,1,1,0,0,1,0,0,0,0,1,0,0,0,0,0,1,0,1,1,0,1,0,1,0,0.27532738,False
92354,34.049315,-117.255974,14,61.4,815.55,1,0,1,1,1,0,0,0,0,0,1,0,1,0,0,0,0,0,0,0,1,0,1,1,0,0,0,0.21292558,False
92356,34.508417,-116.856103,18,80.55,1411.65,1,1,0,0,1,0,1,1,0,0,0,0,1,0,0,0,0,0,0,0,0,0,0,1,1,0,0,0.66601056,False
92358,34.238162,-117.534306,72,78.5,5602.25,0,1,1,0,1,0,1,1,0,0,1,0,0,0,0,0,0,0,0,0,0,0,1,0,0,0,0,0.2171311,False
92359,34.103578,-117.04054,70,114.3,8244.3,1,0,1,0,1,0,1,1,0,0,1,0,1,0,1,0,1,0,1,0,1,0,1,0,1,0,0,0.23122148,False
92363,34.711224,-114.702256,38,20.05,741.5,0,0,0,0,1,0,0,0,1,1,0,1,0,1,0,1,0,1,0,1,0,0,1,0,0,0,1,0.18661284,False
92364,35.478736,-115.516984,68,62.65,4375.8,1,0,1,1,1,0,0,0,0,0,1,0,1,0,1,0,1,0,0,0,0,0,1,0,1,0,0,0.142322,False
92368,34.647959,-117.296957,65,92.7,5968.4,1,1,1,0,1,0,1,1,0,0,1,0,1,0,0,0,0,0,1,0,0,0,1,1,1,0,0,0.25837094,False
92371,34.441123,-117.537886,30,100.45,3096.9,0,0,0,0,1,0,1,1,0,0,0,0,0,0,1,0,0,0,1,0,1,0,0,0,0,1,0,0.7059906,True
92372,34.459322,-117.629729,51,75.2,3901.25,1,0,1,0,1,0,1,0,0,0,0,0,0,0,0,0,1,0,1,0,1,0,1,1,0,0,0,0.18213184,False
92373,34.003243,-117.138286,31,84.75,2613.4,0,0,0,0,1,0,1,1,0,0,1,0,0,0,1,0,0,0,0,0,0,0,0,1,1,0,0,0.5893052,False
92376,34.109775,-117.378904,72,79.5,5661.7,0,0,1,1,1,0,1,0,0,0,1,0,1,0,1,0,1,0,0,0,1,0,1,1,0,0,0,0.12877473,False
92382,34.186211,-117.07683,37,19.8,695.05,0,0,0,0,1,0,0,0,1,1,0,1,0,1,0,1,0,1,0,1,0,1,0,1,0,1,0,0.2154019,False
92386,34.243088,-116.830015,55,100.9,5552.05,1,0,0,0,1,0,0,1,0,0,1,0,1,0,0,0,0,0,1,0,1,1,0,1,0,0,1,0.46451235,False
92389,35.824572,-116.274755,33,95.3,3275.15,1,0,0,1,1,0,1,1,0,0,1,0,0,0,1,0,0,0,0,0,1,0,0,1,0,0,0,0.3822092,False
92392,34.486835,-117.362274,46,90.95,4236.6,0,0,1,1,1,0,0,1,0,0,0,0,0,0,1,0,1,0,0,0,1,1,0,0,0,0,0,0.20959912,False
92394,34.567058,-117.362329,1,54.5,54.5,0,0,0,1,1,0,0,0,0,0,1,0,0,0,0,0,1,0,0,0,0,0,0,0,0,1,0,0.54051036,False
92401,34.105935,-117.2914,19,49.6,962.9,0,0,1,1,1,0,0,0,0,0,0,0,0,0,1,0,0,0,0,0,0,0,0,1,0,0,0,0.35317248,False
92405,34.142747,-117.300864,61,25.0,1498.35,0,0,0,1,1,0,1,0,1,1,0,1,0,1,0,1,0,1,0,1,0,0,1,1,1,0,0,0.12977697,False
92407,34.250069,-117.393949,26,45.45,1233.15,1,0,0,0,1,0,0,0,0,0,0,0,0,0,0,0,0,0,0,0,0,0,0,0,0,1,0,0.5418579,False
92408,34.084909,-117.258107,45,107.75,4882.8,1,0,1,0,1,0,1,1,0,0,0,0,1,0,1,0,0,0,1,0,1,0,0,1,0,0,0,0.6578459,False
92410,34.106922,-117.297553,62,89.1,5411.65,1,0,1,1,1,0,1,1,0,0,0,0,0,0,1,0,0,0,1,0,0,0,1,1,1,0,0,0.17953281,False
92501,33.994676,-117.372498,3,44.75,148.05,0,0,0,0,1,0,0,0,0,0,0,0,0,0,0,0,0,0,0,0,0,0,0,0,0,0,1,0.6725215,False
92503,33.890046,-117.455583,41,101.6,3930.55,0,0,1,1,1,0,1,1,0,0,1,0,1,0,1,0,0,0,0,0,1,1,0,1,0,0,0,0.25672314,False
92504,33.9108,-117.398153,67,103.15,6895.5,1,0,1,1,1,0,0,1,0,0,0,0,1,0,1,0,1,0,1,0,1,0,1,0,0,0,0,0.19110306,False
92506,33.930931,-117.361788,71,95.65,6856.95,0,0,1,0,1,0,1,1,0,0,1,0,1,0,0,0,0,0,1,0,0,1,0,0,0,0,1,0.2507861,False
92507,33.976328,-117.319786,37,75.1,2658.8,0,0,1,1,1,0,0,0,0,0,1,0,1,0,0,0,0,0,1,0,1,1,0,0,0,0,0,0.20475838,False
92508,33.885499,-117.324959,60,61.35,3766.2,1,0,1,0,1,0,0,0,0,0,1,0,1,0,0,0,1,0,0,0,0,0,1,1,0,0,1,0.14962319,False
92518,33.888323,-117.277533,6,19.7,129.55,0,0,0,0,1,0,0,0,1,1,0,1,0,1,0,1,0,1,0,1,0,0,0,0,1,0,0,0.31406644,False
92532,33.705836,-117.318204,11,51.0,581.7,0,0,1,1,1,0,0,0,0,0,1,0,0,0,0,0,0,0,0,0,0,0,0,0,0,0,0,0.35678154,False
92539,33.527605,-116.666551,10,88.85,929.45,0,0,1,1,1,0,0,1,0,0,0,0,0,0,0,0,0,0,1,0,1,0,0,1,0,1,0,0.5847304,False
92543,33.739415,-116.968339,34,20.05,679.0,1,0,1,0,1,0,0,0,1,1,0,1,0,1,0,1,0,1,0,1,0,0,1,0,1,0,0,0.1522232,False
92544,33.644585,-116.871544,62,65.1,3846.75,0,0,0,0,1,0,0,0,0,0,1,0,0,0,0,0,1,0,0,0,1,0,1,1,0,0,1,0.15631884,False
92545,33.734933,-117.044145,64,70.15,4480.7,1,0,1,0,1,0,1,0,0,0,0,0,1,0,0,0,1,0,0,0,1,1,0,1,0,0,1,0.2740899,False
92549,33.755039,-116.741796,25,20.75,499.4,1,0,0,0,1,0,0,0,1,1,0,1,0,1,0,1,0,1,0,1,0,0,1,1,0,0,1,0.15556149,False
92551,33.88274,-117.224878,26,56.05,1553.2,0,0,0,0,1,0,0,0,0,0,0,0,1,0,1,0,0,0,0,0,0,1,0,1,0,0,1,0.24036983,False
92553,33.923149,-117.244933,10,19.95,219.5,1,0,0,1,1,0,0,0,1,1,0,1,0,1,0,1,0,1,0,1,0,1,0,1,0,0,0,0.23653485,False
92555,33.907361,-117.109972,53,98.6,5311.85,0,0,0,0,1,0,1,1,0,0,1,0,1,0,1,0,0,0,1,0,0,1,0,0,0,0,1,0.33194095,False
92561,33.638645,-116.55783,33,79.0,2576.8,1,0,0,0,1,0,0,1,0,0,0,0,1,0,1,0,0,0,0,0,0,0,0,1,1,0,0,0.58477205,False
92562,33.548869,-117.334165,71,89.45,6435.25,0,1,1,0,1,0,0,1,0,0,0,0,1,0,1,0,0,0,0,0,1,0,1,0,1,0,0,0.21737927,False
92563,33.581045,-117.14719,29,74.2,1993.25,0,0,0,0,1,0,1,1,0,0,0,0,0,0,0,0,0,0,0,0,0,0,0,1,0,1,0,0.73415536,True
92567,33.82769,-117.102244,24,81.0,1923.85,1,0,1,1,1,0,1,0,0,0,1,0,0,0,0,0,1,0,1,0,1,0,0,0,0,0,0,0.26008108,False
92570,33.787298,-117.320676,20,49.6,939.8,1,0,1,1,1,0,0,0,0,0,0,0,0,0,1,0,0,0,0,0,0,0,0,1,0,1,0,0.43857095,False
92571,33.828289,-117.201666,1,84.6,84.6,0,0,0,0,1,0,1,1,0,0,0,0,0,0,0,0,0,0,1,0,0,0,0,1,0,1,0,0.8381102,True
92584,33.653338,-117.178271,72,84.2,5986.55,0,0,1,1,1,0,1,0,0,0,1,0,0,0,1,0,1,0,1,0,1,0,1,1,0,0,0,0.1378553,False
92585,33.739412,-117.173334,52,106.3,5487.0,1,0,1,0,1,0,0,1,0,0,1,0,1,0,1,0,1,0,1,0,1,0,1,1,0,1,0,0.4227246,False
92586,33.707483,-117.200006,9,69.05,651.5,0,0,0,0,1,0,0,1,0,0,0,0,0,0,0,0,0,0,0,0,0,0,0,0,0,1,0,0.74183017,True
92587,33.69887,-117.25071,1,45.4,45.4,0,0,0,0,1,0,0,0,0,0,0,0,0,0,0,0,0,0,0,0,0,0,0,1,0,0,1,0.70380014,True
92595,33.617108,-117.253349,69,99.35,6856.45,1,0,1,1,1,0,1,1,0,0,0,0,0,0,0,0,1,0,1,0,1,0,1,1,0,1,0,0.21795109,False
92596,33.657433,-117.04254,1,50.75,50.75,1,0,0,0,1,0,0,0,0,0,1,0,0,0,0,0,0,0,0,0,0,0,0,1,0,0,1,0.6008906,False
92602,33.720359,-117.733655,54,87.1,4735.2,1,0,0,0,1,0,1,0,0,0,1,0,0,0,1,0,1,0,1,0,1,0,1,0,0,0,0,0.17370388,False
92604,33.688546,-117.788091,33,20.15,682.15,1,0,0,1,1,0,0,0,1,1,0,1,0,1,0,1,0,1,0,1,0,1,0,1,0,0,1,0.16843352,False
92606,33.703976,-117.824172,45,98.7,4525.8,1,1,1,0,1,0,1,1,0,0,0,0,1,0,1,0,1,0,1,0,0,1,0,1,0,0,0,0.3833783,False
92610,33.698728,-117.67768,11,25.2,321.05,0,0,0,1,0,1,0,0,0,0,0,0,0,0,0,0,0,0,0,0,0,0,0,0,0,1,0,0.45556653,False
92612,33.643095,-117.810896,6,55.7,335.65,1,0,0,0,1,0,0,0,0,0,1,0,1,0,0,0,0,0,0,0,0,0,0,1,0,0,0,0.48711538,False
92614,33.680302,-117.833296,21,65.35,1424.4,1,0,0,0,1,0,0,0,0,0,1,0,0,0,1,0,0,0,1,0,0,0,0,0,0,0,0,0.37111688,False
92618,33.667145,-117.732135,65,25.3,1748.55,0,0,1,1,1,0,1,0,1,1,0,1,0,1,0,1,0,1,0,1,0,0,1,1,0,0,0,0.1309193,False
92626,33.678591,-117.905471,43,24.25,1077.95,1,0,1,1,1,0,1,0,1,1,0,1,0,1,0,1,0,1,0,1,0,0,1,0,0,0,1,0.13386415,False
92646,33.666301,-117.969501,60,60.5,3694.45,1,0,1,1,1,0,0,0,0,0,1,0,1,0,1,0,0,0,0,0,0,0,1,0,0,0,0,0.15374254,False
92647,33.723579,-118.005441,17,25.1,382.8,1,0,0,0,0,1,0,0,0,0,0,0,0,0,0,0,0,0,0,0,0,0,0,0,1,0,0,0.4868016,False
92649,33.721917,-118.043237,35,20.05,746.75,1,0,1,1,1,0,0,0,1,1,0,1,0,1,0,1,0,1,0,1,0,1,0,0,0,0,0,0.15519892,False
92653,33.606899,-117.717854,12,30.25,368.85,0,0,1,1,0,1,0,0,0,0,0,0,0,0,0,0,1,0,0,0,0,1,0,0,1,0,0,0.24585593,False
92655,33.744439,-117.98588,1,20.2,20.2,1,0,0,0,1,0,0,0,1,1,0,1,0,1,0,1,0,1,0,1,0,0,0,0,0,0,1,0.3832828,False
92656,33.571259,-117.731917,28,59.9,1654.7,0,0,0,0,1,0,0,0,0,0,1,0,1,0,0,0,1,0,0,0,0,1,0,1,0,1,0,0.2534795,False
92657,33.603282,-117.821841,70,25.15,1940.85,1,0,1,0,1,0,1,0,1,1,0,1,0,1,0,1,0,1,0,1,0,0,1,0,0,0,0,0.15146886,False
92661,33.601309,-117.902304,18,101.3,1794.65,1,0,0,0,1,0,0,1,0,0,0,0,1,0,1,0,0,0,1,0,1,0,0,0,1,0,0,0.5966802,False
92662,33.606336,-117.893042,70,76.95,5289.8,1,0,1,0,1,0,1,0,0,0,1,0,0,0,0,0,1,0,1,0,1,0,1,1,1,0,0,0.154248,False
92663,33.62251,-117.927024,9,55.3,501.2,0,0,1,1,1,0,1,0,0,0,0,0,1,0,0,0,0,0,0,0,0,0,0,1,0,0,1,0.34503394,False
92672,33.429488,-117.609432,67,92.45,6140.85,0,1,0,0,1,0,0,1,0,0,1,0,1,0,0,0,1,0,1,0,0,0,1,1,0,0,0,0.2190977,False
92673,33.4725,-117.584273,1,48.45,48.45,0,0,0,0,1,0,0,0,0,0,1,0,0,0,0,0,0,0,0,0,0,0,0,1,0,0,0,0.6423508,False
92675,33.521447,-117.602555,18,19.35,309.25,0,0,1,1,1,0,0,0,1,1,0,1,0,1,0,1,0,1,0,1,0,0,1,0,0,0,1,0.16195041,False
92677,33.529047,-117.701175,71,86.7,6179.35,1,1,1,1,1,0,0,1,0,0,1,0,1,0,1,0,0,0,0,0,0,1,0,1,0,0,0,0.1960689,False
92683,33.752591,-117.993661,1,55.7,55.7,1,0,1,0,1,0,0,0,0,0,1,0,0,0,1,0,0,0,0,0,0,0,0,0,0,0,1,0.51154935,False
92688,33.624654,-117.611733,55,84.25,4589.85,0,0,0,0,1,0,1,1,0,0,1,0,0,0,1,0,0,0,0,0,0,1,0,1,1,0,0,0.36090776,False
92691,33.611945,-117.665867,59,64.65,3735.45,1,0,0,0,1,0,0,0,0,0,0,0,0,0,1,0,1,0,1,0,0,0,0,1,0,1,0,0.38848084,False
92694,33.569186,-117.640055,7,69.2,477.55,0,0,1,0,1,0,0,1,0,0,0,0,0,0,0,0,0,0,0,0,0,0,0,1,0,0,0,0.7394174,True
92701,33.748478,-117.858918,45,54.65,2553.7,1,0,1,1,1,0,0,0,0,0,1,0,0,0,0,0,1,0,0,0,0,0,1,0,0,0,0,0.14950351,False
92703,33.748635,-117.906125,54,24.75,1342.15,0,0,1,1,1,0,1,0,1,1,0,1,0,1,0,1,0,1,0,1,0,1,0,1,0,0,0,0.15519892,False
92704,33.719869,-117.907063,51,23.95,1216.35,1,0,1,1,1,0,1,0,1,1,0,1,0,1,0,1,0,1,0,1,0,1,0,1,0,0,1,0.15859027,False
92705,33.766004,-117.786763,72,105.0,7578.05,0,1,1,0,1,0,1,1,0,0,0,0,1,0,1,0,0,0,1,0,1,1,0,0,1,0,0,0.38167968,False
92706,33.765893,-117.881533,44,59.85,2603.95,1,0,1,0,1,0,0,0,0,0,1,0,1,0,0,0,1,0,0,0,0,1,0,1,0,0,0,0.21918418,False
92707,33.714829,-117.872941,2,20.05,42.7,1,0,0,0,1,0,0,0,1,1,0,1,0,1,0,1,0,1,0,1,0,0,0,0,0,0,1,0.3646355,False
92708,33.712036,-117.950113,66,92.15,6056.9,0,0,0,0,1,0,1,1,0,0,0,0,0,0,1,0,0,0,1,0,0,1,0,1,0,0,0,0.32083166,False
92780,33.735802,-117.818805,68,44.8,2983.65,1,0,1,1,0,1,0,0,0,0,1,0,1,0,0,0,0,0,1,0,0,1,0,0,0,0,1,0.2098742,False
92782,33.738543,-117.785046,31,20.9,689.35,0,0,0,0,1,0,0,0,1,1,0,1,0,1,0,1,0,1,0,1,0,0,1,0,1,0,0,0.1522232,False
92801,33.844983,-117.952151,21,95.4,2025.1,0,1,0,0,1,0,1,1,0,0,0,0,0,0,0,0,0,0,1,0,1,0,0,1,0,0,0,0.73321825,True
92802,33.807864,-117.923782,21,80.35,1747.2,1,0,0,1,1,0,1,1,0,0,1,0,0,0,0,0,0,0,0,0,0,0,0,0,0,1,0,0.4321576,False
92804,33.818,-117.974404,55,85.1,4657.95,0,0,1,1,1,0,1,0,0,0,1,0,0,0,1,0,1,0,1,0,1,0,1,1,0,0,0,0.1392578,False
92806,33.83796,-117.870494,71,115.05,8016.6,1,1,1,0,1,0,1,1,0,0,1,0,1,0,1,0,1,0,1,0,1,0,1,1,0,0,0,0.18183269,False
92808,33.850452,-117.726668,22,19.95,433.5,1,0,1,1,1,0,0,0,1,1,0,1,0,1,0,1,0,1,0,1,0,1,0,0,0,0,1,0.17168745,False
92831,33.879983,-117.895482,67,86.15,5883.85,0,0,1,0,1,0,1,0,0,0,0,0,1,0,1,0,1,0,1,0,1,0,1,0,0,0,0,0.1619557,False
92832,33.868316,-117.929029,14,78.85,1043.8,0,1,0,0,1,0,0,1,0,0,1,0,1,0,0,0,0,0,0,0,0,0,0,0,0,1,0,0.6287076,False
92835,33.902211,-117.914922,21,86.55,1857.25,1,1,1,0,1,0,0,1,0,0,0,0,0,0,1,0,0,0,1,0,0,0,0,0,0,0,0,0.6069976,False
92840,33.787165,-117.931889,4,42.4,146.4,1,0,0,0,0,1,0,0,0,0,1,0,1,0,0,0,1,0,0,0,0,0,0,0,0,0,1,0.5049121,False
92843,33.764018,-117.931507,70,24.25,1724.15,1,0,1,0,1,0,1,0,1,1,0,1,0,1,0,1,0,1,0,1,0,0,1,0,0,0,0,0.15146886,False
92845,33.782955,-118.026456,21,20.5,429.55,1,1,0,0,1,0,0,0,1,1,0,1,0,1,0,1,0,1,0,1,0,1,0,0,0,0,0,0.2025465,False
92860,33.925833,-117.559639,20,19.6,356.15,1,0,0,0,1,0,0,0,1,1,0,1,0,1,0,1,0,1,0,1,0,0,0,1,1,0,0,0.26282355,False
92861,33.817473,-117.810462,22,20.25,488.25,1,0,1,1,1,0,0,0,1,1,0,1,0,1,0,1,0,1,0,1,0,1,0,0,0,0,0,0.17749684,False
92866,33.784597,-117.844535,63,20.6,1298.7,0,0,0,0,1,0,0,0,1,1,0,1,0,1,0,1,0,1,0,1,0,0,1,1,0,0,1,0.15479362,False
92867,33.81859,-117.821288,70,19.8,1378.75,0,0,1,1,1,0,0,0,1,1,0,1,0,1,0,1,0,1,0,1,0,0,1,0,0,0,0,0.1309193,False
92869,33.792791,-117.789749,5,80.2,384.25,0,0,0,0,1,0,0,1,0,0,0,0,0,0,0,0,0,0,1,0,0,0,0,0,0,1,0,0.7866643,True
92870,33.881158,-117.854783,72,116.4,8543.25,0,0,1,1,1,0,1,1,0,0,1,0,1,0,1,0,1,0,1,0,1,0,1,1,1,0,0,0.15654436,False
92879,33.893823,-117.531446,13,31.65,389.95,0,0,0,0,0,1,0,0,0,0,0,0,1,0,0,0,0,0,0,0,0,0,0,1,0,1,0,0.5618636,False
92880,33.918043,-117.617809,61,94.15,5731.85,1,0,1,0,1,0,0,1,0,0,0,0,1,0,1,0,1,0,0,0,1,0,0,0,1,0,0,0.41307634,False
92881,33.833686,-117.513063,1,20.65,20.65,1,0,0,0,1,0,0,0,1,1,0,1,0,1,0,1,0,1,0,1,0,0,0,0,0,1,0,0.41880956,False
92882,33.819385,-117.600213,56,76.85,4275.75,0,1,1,0,1,0,1,1,0,0,0,0,0,0,0,0,1,0,0,0,0,0,0,1,0,0,0,0.52027106,False
92883,33.762351,-117.488725,4,20.15,84.5,0,0,0,0,1,0,0,0,1,1,0,1,0,1,0,1,0,1,0,1,0,0,0,0,0,0,1,0.35072517,False
92886,33.897253,-117.792202,35,55.25,1924.1,1,0,0,0,1,0,1,0,0,0,1,0,0,0,0,0,0,0,0,0,0,0,1,0,0,0,1,0.17970957,False
93001,34.360261,-119.306383,72,82.15,5784.3,1,0,1,0,1,0,1,0,0,0,0,0,1,0,1,0,0,0,1,0,1,0,1,0,0,0,0,0.17369711,False
93003,34.279221,-119.221437,49,103.0,5166.2,0,1,0,0,1,0,1,1,0,0,1,0,1,0,1,0,1,0,0,0,1,1,0,0,0,0,0,0.40566865,False
93004,34.278697,-119.167798,44,95.1,4060.55,0,0,1,0,1,0,1,1,0,0,1,0,1,0,1,0,1,0,0,0,0,0,0,1,1,0,0,0.5068033,False
93012,34.205504,-118.993111,37,95.15,3532.85,0,0,1,1,1,0,1,1,0,0,0,0,1,0,1,0,0,0,0,0,1,0,0,1,0,1,0,0.47877416,False
93013,34.441398,-119.513163,61,79.8,4914.8,1,0,1,0,1,0,1,0,0,0,0,0,1,0,1,0,0,0,1,0,1,1,0,1,0,1,0,0.32106394,False
93015,34.408161,-118.865111,70,74.8,5315.8,1,0,1,0,1,0,1,0,0,0,1,0,0,0,1,0,1,0,0,0,1,0,1,1,1,0,0,0.1503247,False
93022,34.404544,-119.302118,41,20.45,775.6,0,0,0,0,1,0,0,0,1,1,0,1,0,1,0,1,0,1,0,1,0,0,0,0,0,1,0,0.28305876,False
93023,34.581308,-118.931948,70,78.35,5445.95,1,0,1,1,1,0,1,0,0,0,1,0,1,0,1,0,1,0,0,0,1,1,0,0,0,0,0,0.16994704,False
93033,34.156629,-119.117218,51,19.1,1007.8,1,0,0,0,1,0,0,0,1,1,0,1,0,1,0,1,0,1,0,1,0,1,0,0,0,1,0,0.19774209,False
93035,34.18454,-119.224666,42,20.0,833.55,0,0,1,1,1,0,0,0,1,1,0,1,0,1,0,1,0,1,0,1,0,0,1,0,0,0,1,0.13386415,False
93041,34.110124,-119.100972,48,19.95,1004.5,1,0,0,0,1,0,0,0,1,1,0,1,0,1,0,1,0,1,0,1,0,1,0,0,0,0,0,0.1819803,False
93063,34.296813,-118.685703,48,24.0,1183.05,0,0,0,0,1,0,1,0,1,1,0,1,0,1,0,1,0,1,0,1,0,0,1,0,1,0,0,0.1522232,False
93101,34.419203,-119.710008,27,19.15,501.35,0,0,0,0,1,0,0,0,1,1,0,1,0,1,0,1,0,1,0,1,0,1,0,0,0,0,1,0.18582813,False
93103,34.438581,-119.685368,46,91.3,4126.35,0,1,0,0,1,0,0,1,0,0,0,0,1,0,1,0,0,0,1,0,0,1,0,1,0,0,0,0.35265976,False
93109,34.406256,-119.726936,25,19.15,477.6,1,0,1,1,1,0,0,0,1,1,0,1,0,1,0,1,0,1,0,1,0,0,0,1,0,0,1,0.21549436,False
93111,34.460197,-119.802602,13,19.75,265.75,1,0,0,0,1,0,0,0,1,1,0,1,0,1,0,1,0,1,0,1,0,0,1,0,0,0,1,0.1630645,False
93117,34.489983,-120.091246,31,75.5,2424.45,1,0,1,0,1,0,0,0,0,0,1,0,1,0,1,0,1,0,0,0,1,1,0,1,1,0,0,0.28744492,False
93201,35.869626,-119.498771,23,83.75,1849.95,0,0,1,1,1,0,1,1,0,0,0,0,0,0,0,0,0,0,1,0,0,0,0,1,0,1,0,0.48542556,False
93202,36.315979,-119.710852,2,19.4,61.05,0,0,0,0,1,0,0,0,1,1,0,1,0,1,0,1,0,1,0,1,0,0,0,0,0,0,1,0.33793113,False
93203,35.116307,-118.817644,65,26.5,1698.55,0,0,0,0,1,0,1,0,1,1,0,1,0,1,0,1,0,1,0,1,0,0,1,0,0,0,0,0.15146886,False
93205,35.523991,-118.400432,55,19.15,998.1,0,0,1,1,1,0,0,0,1,1,0,1,0,1,0,1,0,1,0,1,0,1,0,0,1,0,0,0.15519892,False
93208,36.057458,-118.591951,35,40.9,1383.6,0,0,1,1,0,1,0,0,0,0,0,0,0,0,0,0,1,0,1,0,0,1,0,0,0,0,1,0.20040525,False
93210,36.186867,-120.387793,6,80.25,493.4,1,0,0,0,1,0,0,0,0,0,1,0,0,0,1,0,1,0,1,0,1,0,1,1,0,0,1,0.23183602,False
93215,35.772244,-119.209689,17,70.8,1207.0,1,0,0,0,1,0,0,1,0,0,0,0,0,0,0,0,0,0,0,0,0,0,0,1,0,1,0,0.71169394,True
93218,35.846067,-119.004073,10,60.2,563.5,1,0,1,1,1,0,0,0,0,0,0,0,0,0,1,0,0,0,1,0,0,0,0,0,0,0,1,0.30398783,False
93219,35.858054,-119.305858,15,55.2,864.55,1,0,0,1,1,0,0,0,0,0,0,0,0,0,1,0,1,0,0,0,0,1,0,0,1,0,0,0.24888591,False
93222,34.907911,-119.234281,13,54.15,701.05,0,0,1,1,1,0,0,0,0,0,1,0,0,0,0,0,1,0,0,0,0,1,0,0,0,0,0,0.21521698,False
93225,34.827662,-118.999073,58,100.4,5749.8,0,1,1,0,1,0,1,1,0,0,0,0,0,0,0,0,1,0,1,0,1,0,0,1,0,0,0,0.6140678,False
93226,35.735694,-118.738483,45,62.55,2796.45,0,0,0,0,1,0,0,0,0,0,1,0,1,0,0,0,1,0,0,0,0,1,0,1,1,0,0,0.2818356,False
93230,36.29223,-119.622676,72,70.45,5165.7,0,0,1,1,1,0,1,0,0,0,1,0,1,0,1,0,1,0,0,0,0,0,1,1,0,0,0,0.12815858,False
93234,36.217864,-120.080117,68,85.5,5696.6,1,0,1,1,1,0,1,1,0,0,1,0,1,0,0,0,0,0,0,0,0,1,0,1,0,0,0,0.2184773,False
93238,35.852892,-118.397782,38,54.5,2076.05,0,0,1,1,1,0,0,0,0,0,1,0,1,0,0,0,0,0,0,0,0,0,0,0,0,1,0,0.28599578,False
93239,35.996923,-120.000951,2,20.75,44.2,1,0,0,0,1,0,0,0,1,1,0,1,0,1,0,1,0,1,0,1,0,0,0,0,0,0,1,0.38634235,False
93240,35.607875,-118.466318,11,20.35,215.25,1,0,0,0,1,0,0,0,1,1,0,1,0,1,0,1,0,1,0,1,0,0,0,0,0,0,1,0.30469406,False
93241,35.245035,-118.905553,20,91.0,1859.5,0,1,1,0,1,0,0,1,0,0,0,0,0,0,0,0,0,0,1,0,1,1,0,1,0,0,0,0.5037798,False
93242,36.444232,-119.718285,72,104.8,7470.1,1,0,1,0,1,0,1,1,0,0,0,0,1,0,1,0,0,0,1,0,1,0,1,1,0,0,0,0.33695862,False
93245,36.303666,-119.825657,40,51.1,2092.9,1,0,0,0,1,0,0,0,0,0,0,0,0,0,0,0,1,0,0,0,0,0,0,1,0,1,0,0.4466906,False
93247,36.205465,-119.085807,62,89.8,5629.55,1,1,1,0,1,0,1,1,0,0,0,0,1,0,0,0,0,0,0,0,1,0,0,1,0,0,0,0.512649,False
93249,35.637715,-119.893068,22,20.55,469.85,0,0,0,1,1,0,0,0,1,1,0,1,0,1,0,1,0,1,0,1,0,0,0,1,0,1,0,0.25572795,False
93250,35.666886,-119.186717,11,64.05,733.95,0,0,0,0,1,0,0,0,0,0,1,0,0,0,1,0,0,0,0,0,1,0,0,0,0,0,0,0.42691943,False
93251,35.38381,-119.730885,7,74.85,485.25,1,1,1,0,1,0,1,1,0,0,0,0,0,0,0,0,0,0,0,0,0,0,0,1,0,1,0,0.80793536,True
93256,35.957019,-119.330928,3,25.0,78.25,1,0,1,0,0,1,0,0,0,0,0,0,0,0,0,0,0,0,0,0,0,0,0,0,0,0,1,0.66937137,False
93257,36.008958,-118.891593,58,20.3,1131.5,1,0,0,0,1,0,0,0,1,1,0,1,0,1,0,1,0,1,0,1,0,0,1,0,1,0,0,0.1522232,False
93260,35.861928,-118.636698,6,26.35,184.05,1,0,0,1,1,0,1,0,1,1,0,1,0,1,0,1,0,1,0,1,0,0,0,0,0,0,1,0.29325154,False
93262,36.527243,-118.594938,22,54.7,1178.75,0,0,1,0,1,0,0,0,0,0,0,0,1,0,1,0,0,0,0,0,0,0,0,1,0,0,1,0.4901042,False
93265,36.245926,-118.693138,64,90.25,5629.15,1,0,1,1,1,0,1,1,0,0,0,0,0,0,1,0,0,0,0,0,1,1,0,0,1,0,0,0.23801526,False
93267,36.141319,-119.129075,6,20.65,109.3,1,0,0,0,1,0,0,0,1,1,0,1,0,1,0,1,0,1,0,1,0,0,0,0,0,0,1,0.29003525,False
93270,35.939068,-119.043666,39,25.45,958.45,1,0,0,1,1,0,1,0,1,1,0,1,0,1,0,1,0,1,0,1,0,1,0,0,0,0,0,0.1632844,False
93271,36.413433,-118.854708,20,19.5,403.15,0,0,0,0,1,0,0,0,1,1,0,1,0,1,0,1,0,1,0,1,0,1,0,0,0,0,1,0.19549501,False
93276,35.316263,-119.402559,64,66.15,4392.5,1,0,1,0,1,0,1,0,0,0,1,0,0,0,0,0,0,0,1,0,0,1,0,1,1,0,0,0.21923843,False
93280,35.652242,-119.4464,46,69.1,3168.0,0,0,1,0,1,0,0,0,0,0,0,0,1,0,0,0,0,0,1,0,1,0,0,1,1,0,0,0.3960245,False
93283,35.55647,-118.244914,28,39.1,1096.6,0,1,1,1,0,1,0,0,0,0,0,0,1,0,0,0,0,0,0,0,1,1,0,1,0,1,0,0.26259178,False
93285,35.690535,-118.552784,33,20.05,669.45,0,0,1,0,1,0,0,0,1,1,0,1,0,1,0,1,0,1,0,1,0,0,0,0,0,0,1,0.27611154,False
93286,36.464635,-119.094348,39,59.8,2343.85,1,0,1,1,1,0,0,0,0,0,1,0,1,0,1,0,0,0,0,0,0,1,0,0,0,1,0,0.2119829,False
93291,36.391777,-119.372842,1,48.6,48.6,0,0,0,0,1,0,0,0,0,0,0,0,1,0,0,0,0,0,0,0,0,0,0,1,0,1,0,0.72982156,True
93301,35.383937,-119.020428,70,105.35,7511.9,1,1,1,0,1,0,0,1,0,0,1,0,1,0,1,0,0,0,1,0,1,0,1,0,1,0,0,0.3329747,False
93304,35.339796,-119.023552,65,25.1,1725.0,1,0,0,0,1,0,1,0,1,1,0,1,0,1,0,1,0,1,0,1,0,0,1,1,0,0,0,0.15146886,False
93305,35.391733,-118.984109,1,49.75,49.75,1,0,0,0,1,0,0,0,0,0,1,0,0,0,0,0,0,0,0,0,0,0,0,0,0,1,0,0.6952804,False
93306,35.449881,-118.841442,18,94.75,1691.9,1,0,1,0,1,0,1,1,0,0,0,0,0,0,0,0,0,0,1,0,1,0,0,1,0,1,0,0.77623177,True
93307,35.280113,-118.962329,24,93.0,2248.05,1,0,1,0,1,0,1,1,0,0,0,0,0,0,0,0,0,0,1,0,1,0,0,1,0,1,0,0.76255864,True
93308,35.559617,-118.925185,63,71.9,4479.2,1,0,0,0,1,0,1,0,0,0,1,0,0,0,1,0,1,0,0,0,1,0,1,1,0,0,0,0.15631884,False
93309,35.342891,-119.064803,44,77.55,3471.1,0,0,0,1,1,0,1,0,0,0,0,0,1,0,0,0,0,0,1,0,1,1,0,1,0,0,1,0.20154418,False
93311,35.16207,-119.194488,4,19.85,63.0,1,0,0,0,1,0,0,0,1,1,0,1,0,1,0,1,0,1,0,1,0,0,0,1,0,1,0,0.36398166,False
93313,35.140938,-119.051348,37,95.25,3314.15,0,0,1,1,1,0,1,1,0,0,0,0,0,0,0,0,0,0,1,0,1,0,0,1,0,1,0,0.4424306,False
93402,35.279984,-120.824288,34,25.05,852.7,1,0,0,0,0,1,0,0,0,0,0,0,0,0,0,0,0,0,0,0,0,0,0,1,0,0,0,0.50996226,False
93405,35.236549,-120.727344,35,53.15,1930.9,1,0,1,0,0,1,0,0,0,0,1,0,0,0,1,0,0,0,1,0,1,1,0,0,1,0,0,0.31353906,False
93420,35.176236,-120.483243,4,20.15,91.4,0,0,1,0,1,0,0,0,1,1,0,1,0,1,0,1,0,1,0,1,0,0,0,0,0,1,0,0.34500995,False
93422,35.453912,-120.69461,39,101.25,3949.15,0,1,1,0,1,0,1,1,0,0,0,0,0,0,0,0,1,0,1,0,1,0,0,1,0,1,0,0.7328423,True
93424,35.186644,-120.728305,43,100.55,4304.0,1,1,1,0,1,0,0,1,0,0,0,0,1,0,1,0,0,0,1,0,1,1,0,1,0,0,0,0.5024422,False
93427,34.631362,-120.238218,61,25.3,1554.9,0,0,1,0,1,0,1,0,1,1,0,1,0,1,0,1,0,1,0,1,0,0,1,0,0,0,0,0.15146886,False
93428,35.591387,-121.032256,49,71.8,3472.05,0,0,1,0,1,0,1,0,0,0,1,0,1,0,1,0,0,0,0,0,1,1,0,0,0,1,0,0.2812326,False
93429,34.866032,-120.536546,4,19.7,117.8,1,0,0,0,1,0,0,0,1,1,0,1,0,1,0,1,0,1,0,1,0,1,0,0,0,0,1,0.22595608,False
93430,35.511833,-120.918713,64,49.85,3210.35,0,0,1,1,0,1,0,0,0,0,0,0,1,0,1,0,1,0,0,0,1,0,1,0,0,1,0,0.21103077,False
93432,35.480896,-120.469476,3,69.6,207.4,1,0,0,0,1,0,0,1,0,0,0,0,0,0,0,0,0,0,0,0,0,0,0,1,0,0,1,0.76448005,True
93433,35.120833,-120.61843,1,19.75,19.75,1,0,1,1,1,0,0,0,1,1,0,1,0,1,0,1,0,1,0,1,0,0,0,0,0,1,0,0.5710903,False
93434,34.936,-120.594655,40,80.8,3132.75,1,0,1,0,1,0,0,1,0,0,0,0,1,0,1,0,0,0,0,0,0,1,0,0,0,1,0,0.43278155,False
93441,34.70434,-120.02609,34,64.2,2106.3,0,1,1,0,1,0,0,0,0,0,0,0,0,0,1,0,1,0,1,0,0,1,0,0,0,0,0,0.24992926,False
93442,35.369553,-120.763864,1,35.0,35.0,0,0,1,0,0,1,0,0,0,0,0,0,0,0,0,0,0,0,0,0,1,0,0,0,0,1,0,0.7409358,True
93446,35.634222,-120.728341,45,19.2,903.7,1,0,1,1,1,0,0,0,1,1,0,1,0,1,0,1,0,1,0,1,0,0,1,0,0,1,0,0.1510257,False
93450,35.996008,-120.85305,43,90.65,3882.3,1,0,0,0,1,0,0,1,0,0,1,0,1,0,1,0,1,0,0,0,0,1,0,1,1,0,0,0.39752886,False
93451,35.886767,-120.608661,41,20.0,879.8,1,0,1,1,1,0,0,0,1,1,0,1,0,1,0,1,0,1,0,1,0,0,1,1,0,0,1,0.13386415,False
93452,35.746484,-121.223355,5,74.65,383.65,1,0,0,0,1,0,0,1,0,0,0,0,1,0,0,0,0,0,0,0,0,0,0,1,0,1,0,0.798322,True
93453,35.303926,-120.256567,72,61.2,4390.25,1,0,0,0,0,1,0,0,0,0,1,0,0,0,1,0,1,0,1,0,1,0,1,1,1,0,0,0.16032754,False
93454,34.943523,-120.256729,4,19.95,68.2,1,0,0,0,1,0,0,0,1,1,0,1,0,1,0,1,0,1,0,1,0,1,0,0,0,0,1,0.23056512,False
93455,34.818227,-120.418784,9,54.8,452.8,1,0,1,1,1,0,0,0,0,0,0,0,1,0,0,0,1,0,0,0,0,0,0,0,0,0,1,0.28904057,False
93458,34.95934,-120.490081,72,73.45,5329.0,1,1,1,0,1,0,1,0,0,0,0,0,0,0,1,0,0,0,1,0,1,0,1,1,1,0,0,0.17930968,False
93460,34.630356,-120.032564,33,51.45,1758.9,0,0,1,0,1,0,0,0,0,0,0,0,0,0,0,0,1,0,0,0,0,1,0,1,0,0,1,0.25590083,False
93461,35.634488,-120.293534,72,80.45,5737.6,0,0,1,0,1,0,1,1,0,0,1,0,0,0,0,0,0,0,0,0,0,0,1,0,0,0,0,0.2171311,False
93505,35.151491,-117.927597,15,85.3,1219.85,1,0,0,0,1,0,0,1,0,0,0,0,0,0,1,0,0,0,1,0,0,0,0,0,0,1,0,0.70939285,True
93510,34.501452,-118.207862,29,79.3,2414.55,1,1,1,0,1,0,1,1,0,0,0,0,0,0,0,0,1,0,0,0,0,0,0,1,0,1,0,0.7149123,True
93512,37.653947,-118.231443,15,76.5,1155.6,0,0,1,1,1,0,0,0,0,0,0,0,1,0,1,0,1,0,1,0,1,0,0,0,0,0,0,0.29607016,False
93514,37.04584,-118.397236,72,25.4,1809.35,1,1,0,0,1,0,1,0,1,1,0,1,0,1,0,1,0,1,0,1,0,0,1,0,0,0,0,0.14561512,False
93516,34.95703,-117.73045,19,86.85,1564.4,0,0,1,0,1,0,1,1,0,0,0,0,0,0,0,0,0,0,1,0,0,0,0,1,0,1,0,0.7695585,True
93517,38.184583,-119.286558,1,19.65,19.65,1,0,0,0,1,0,0,0,1,1,0,1,0,1,0,1,0,1,0,1,0,0,0,0,0,0,1,0.56072414,False
93522,36.319181,-117.593053,2,45.55,84.4,0,0,0,0,1,0,0,0,0,0,0,0,0,0,0,0,0,0,0,0,0,0,0,0,0,1,0,0.7129174,True
93523,34.966777,-117.961179,11,78.1,864.85,0,1,1,1,1,0,1,1,0,0,0,0,0,0,1,0,0,0,0,0,0,0,0,1,1,0,0,0.5054635,False
93526,36.869584,-118.189241,12,19.3,228.75,0,0,0,0,1,0,0,0,1,1,0,1,0,1,0,1,0,1,0,1,0,1,0,0,0,0,1,0.19841278,False
93527,36.041315,-118.188235,70,110.5,7752.05,0,0,1,0,1,0,1,1,0,0,0,0,1,0,1,0,1,0,1,0,1,0,1,1,0,1,0,0.28746742,False
93529,37.730269,-119.055813,23,20.3,470.6,0,0,0,0,1,0,0,0,1,1,0,1,0,1,0,1,0,1,0,1,0,0,0,1,0,0,0,0.25086555,False
93530,36.560498,-117.962461,49,81.35,4060.9,1,1,0,0,1,0,1,0,0,0,1,0,1,0,1,0,1,0,0,0,1,0,1,0,1,0,0,0.17479949,False
93534,34.727529,-118.153098,2,55.3,108.65,1,0,0,1,1,0,0,0,0,0,0,0,0,0,0,0,0,0,0,0,1,0,0,1,0,1,0,0.6221081,False
93535,34.712708,-117.889656,69,56.55,3952.65,1,1,1,0,0,1,0,0,0,0,1,0,1,0,0,0,0,0,1,0,1,0,1,0,1,0,0,0.19130413,False
93541,37.890145,-119.184087,24,19.7,494.05,0,0,1,1,1,0,0,0,1,1,0,1,0,1,0,1,0,1,0,1,0,0,1,1,0,0,1,0.13386415,False
93543,34.505273,-117.955054,32,104.05,3416.85,0,0,0,0,1,0,1,1,0,0,0,0,1,0,1,0,0,0,1,0,1,1,0,1,1,0,0,0.5341185,False
93544,34.500091,-117.765862,27,52.85,1498.65,0,0,0,0,1,0,0,0,0,0,1,0,1,0,0,0,0,0,0,0,0,0,1,0,0,0,0,0.18926102,False
93546,37.550074,-118.837167,58,80.65,4807.35,1,0,0,0,1,0,1,1,0,0,0,0,0,0,0,0,1,0,0,0,0,0,0,0,0,0,0,0.47040838,False
93550,34.536232,-118.082935,18,24.65,471.35,0,0,1,1,1,0,1,0,1,1,0,1,0,1,0,1,0,1,0,1,0,0,1,1,1,0,0,0.15322189,False
93551,34.613476,-118.256358,47,21.3,1041.8,0,0,1,1,1,0,0,0,1,1,0,1,0,1,0,1,0,1,0,1,0,0,1,1,0,0,0,0.1309193,False
93552,34.557711,-118.029441,70,110.2,7689.8,0,0,1,1,1,0,1,1,0,0,0,0,1,0,1,0,1,0,1,0,1,0,1,1,0,1,0,0.2437763,False
93554,35.405722,-117.773354,36,51.05,1815.0,0,0,1,1,1,0,0,0,0,0,1,0,0,0,0,0,0,0,0,0,0,0,0,0,1,0,0,0.251417,False
93555,35.603913,-117.67828,67,19.8,1311.3,1,0,0,0,1,0,0,0,1,1,0,1,0,1,0,1,0,1,0,1,0,0,1,1,0,0,1,0.15479362,False
93560,34.903052,-118.411251,10,19.9,199.45,0,0,0,0,1,0,0,0,1,1,0,1,0,1,0,1,0,1,0,1,0,0,0,1,0,0,1,0.29816628,False
93561,35.073777,-118.652112,19,87.3,1637.3,1,1,0,0,1,0,0,1,0,0,1,0,0,0,0,0,0,0,0,0,1,0,0,1,0,1,0,0.62508386,False
93562,35.74837,-117.384948,71,19.85,1326.35,0,0,1,1,1,0,0,0,1,1,0,1,0,1,0,1,0,1,0,1,0,0,1,0,0,0,0,0.1309193,False
93563,34.39583,-117.734568,72,89.4,6376.55,1,0,1,1,1,0,1,0,0,0,1,0,1,0,1,0,1,0,1,0,1,0,1,1,0,0,1,0.12877473,False
93591,34.598221,-117.79593,48,20.0,935.9,0,0,1,1,1,0,0,0,1,1,0,1,0,1,0,1,0,1,0,1,0,0,1,0,0,0,1,0.13386415,False
93601,37.375816,-119.739935,1,20.05,20.05,1,0,0,0,1,0,0,0,1,1,0,1,0,1,0,1,0,1,0,1,0,0,0,0,0,0,1,0.56072414,False
93602,36.991762,-119.242874,18,83.25,1611.15,1,0,1,1,1,0,0,0,0,0,1,0,0,0,1,0,1,0,1,0,1,0,0,0,0,1,0,0.31066754,False
93604,37.458367,-119.345011,67,102.9,6989.7,1,1,1,0,1,0,1,1,0,0,0,0,1,0,0,0,1,0,1,0,1,0,1,0,0,0,0,0.2730766,False
93605,37.17277,-119.2997,69,39.1,2779.5,1,0,1,1,0,1,0,0,0,0,1,0,0,0,1,0,1,0,0,0,0,0,1,0,0,0,1,0.15108514,False
93608,36.488056,-120.407691,72,114.5,8331.95,1,1,1,0,1,0,1,1,0,0,1,0,1,0,1,0,1,0,1,0,1,0,1,1,0,0,1,0.19671166,False
93609,36.5276,-119.865999,38,20.2,735.9,0,1,0,0,1,0,0,0,1,1,0,1,0,1,0,1,0,1,0,1,0,0,1,0,0,0,1,0.1606197,False
93610,37.100948,-120.270136,40,55.8,2283.3,1,1,1,0,1,0,0,0,0,0,0,0,0,0,0,0,0,0,0,0,1,1,0,0,0,1,0,0.3310372,False
93611,36.917652,-119.593757,61,24.2,1445.2,0,0,1,1,1,0,1,0,1,1,0,1,0,1,0,1,0,1,0,1,0,0,1,1,0,0,1,0.13386415,False
93614,37.212191,-119.749323,32,72.8,2333.05,1,0,1,0,1,0,1,0,0,0,1,0,0,0,0,0,1,0,1,0,0,1,0,1,1,0,0,0.26620692,False
93615,36.497895,-119.285484,21,99.85,1992.55,0,0,0,0,1,0,1,1,0,0,0,0,1,0,0,0,0,0,1,0,1,0,0,1,1,0,0,0.71806085,True
93616,36.657462,-119.595293,59,99.5,5890.0,0,1,0,0,1,0,1,1,0,0,0,0,0,0,1,0,0,0,1,0,1,1,0,1,0,1,0,0.5912675,False
93620,37.045728,-120.630682,47,20.25,1029.8,0,0,0,0,1,0,0,0,1,1,0,1,0,1,0,1,0,1,0,1,0,0,1,0,1,0,0,0.1522232,False
93621,36.789213,-119.140338,69,26.0,1796.55,1,0,1,1,1,0,1,0,1,1,0,1,0,1,0,1,0,1,0,1,0,0,1,1,0,0,0,0.1309193,False
93622,36.785618,-120.625382,2,19.9,33.7,1,0,0,0,1,0,0,0,1,1,0,1,0,1,0,1,0,1,0,1,0,0,0,1,1,0,0,0.39057335,False
93623,37.483535,-119.679414,22,19.05,454.05,0,0,1,1,1,0,0,0,1,1,0,1,0,1,0,1,0,1,0,1,0,0,0,0,0,0,0,0.23096448,False
93624,36.397745,-120.119911,15,96.5,1392.25,1,1,1,0,1,0,1,1,0,0,1,0,0,0,1,0,0,0,1,0,0,0,0,1,0,1,0,0.7652378,True
93625,36.625792,-119.672483,53,19.85,1049.6,0,0,0,0,1,0,0,0,1,1,0,1,0,1,0,1,0,1,0,1,0,0,1,0,1,0,0,0.1522232,False
93626,37.027663,-119.69056,28,25.7,734.6,0,1,1,0,1,0,1,0,1,1,0,1,0,1,0,1,0,1,0,1,0,0,0,0,0,0,1,0.28311414,False
93627,36.520537,-120.118055,22,20.3,475.1,1,0,0,0,1,0,0,0,1,1,0,1,0,1,0,1,0,1,0,1,0,1,0,0,0,0,1,0.19019003,False
93630,36.727418,-120.123526,16,91.55,1540.05,1,1,1,0,1,0,0,1,0,0,0,0,0,0,1,0,1,0,0,0,1,0,0,1,0,1,0,0.7159161,True
93631,36.478239,-119.52137,48,39.4,1978.65,0,0,1,1,0,1,0,0,0,0,1,0,1,0,0,0,1,0,0,0,0,0,1,0,0,0,1,0.14450255,False
93634,37.290606,-119.216328,30,105.7,3181.8,1,1,1,0,1,0,1,1,0,0,1,0,1,0,1,0,1,0,1,0,0,0,0,1,0,0,0,0.57819057,False
93635,36.995162,-120.955099,3,70.25,229.7,0,0,0,0,1,0,0,1,0,0,0,0,0,0,0,0,0,0,0,0,0,0,0,1,0,1,0,0.7959464,True
93637,36.902954,-120.194274,57,93.75,5625.55,1,1,0,0,1,0,1,1,0,0,1,0,0,0,0,0,1,0,0,0,1,0,1,0,0,1,0,0.26193383,False
93640,36.687292,-120.437354,23,60.0,1347.15,0,0,1,0,1,0,0,0,0,0,0,0,0,0,0,0,1,0,1,0,0,1,0,0,0,0,0,0.26668453,False
93641,36.696759,-119.024051,65,59.8,3808.2,0,0,1,0,1,0,0,0,0,0,0,0,0,0,0,0,1,0,1,0,0,0,1,1,1,0,0,0.1709826,False
93643,37.244307,-119.470256,44,90.65,3974.15,1,0,1,0,1,0,0,1,0,0,0,0,0,0,0,0,0,0,1,0,1,1,0,1,0,0,0,0.5322405,False
93644,37.648647,-119.231447,71,109.0,7661.8,0,0,1,1,1,0,1,1,0,0,1,0,1,0,1,0,0,0,1,0,1,0,1,1,0,0,0,0.25843197,False
93645,37.140104,-119.657092,37,68.1,2479.25,0,0,1,0,1,0,1,0,0,0,1,0,0,0,1,0,1,0,0,0,0,1,0,0,1,0,0,0.24496105,False
93646,36.633498,-119.298895,12,20.4,266.6,0,0,0,0,1,0,0,0,1,1,0,1,0,1,0,1,0,1,0,1,0,0,0,0,0,0,1,0.28667724,False
93647,36.600185,-119.175655,69,81.95,5601.4,1,0,1,1,1,0,1,0,0,0,0,0,1,0,1,0,1,0,1,0,1,0,1,1,0,0,0,0.13049406,False
93648,36.622237,-119.521126,35,60.55,1982.6,0,0,0,0,1,0,0,0,0,0,1,0,1,0,1,0,0,0,0,0,0,0,0,0,0,1,0,0.39461392,False
93650,36.841655,-119.797113,5,65.6,339.9,1,0,0,0,1,0,0,0,0,0,0,0,1,0,0,0,1,0,0,0,1,0,0,1,0,0,0,0.49005055,False
93651,37.007238,-119.505661,58,82.5,4828.05,1,0,1,1,1,0,1,1,0,0,0,0,0,0,0,0,0,0,1,0,0,0,1,0,0,0,0,0.21901071,False
93652,36.594542,-119.905245,72,82.3,5980.55,1,0,1,0,1,0,1,0,0,0,1,0,1,0,1,0,1,0,0,0,1,0,1,1,0,0,0,0.14450765,False
93653,37.252057,-119.95783,72,68.15,4808.7,1,0,1,0,1,0,1,0,0,0,1,0,1,0,1,0,1,0,0,0,0,0,1,0,0,0,1,0.14382868,False
93654,36.636638,-119.421842,1,20.3,20.3,0,0,0,0,1,0,0,0,1,1,0,1,0,1,0,1,0,1,0,1,0,0,0,0,1,0,0,0.51474506,False
93657,36.819628,-119.440414,53,20.2,1068.15,1,0,1,1,1,0,0,0,1,1,0,1,0,1,0,1,0,1,0,1,0,1,0,0,1,0,0,0.15519892,False
93660,36.600193,-120.153393,27,89.2,2383.6,0,0,0,0,1,0,0,1,0,0,0,0,0,0,1,0,1,0,0,0,1,0,0,1,0,1,0,0.6559334,False
93665,36.959731,-120.653519,18,74.8,1438.05,0,0,1,0,1,0,0,1,0,0,1,0,0,0,0,0,0,0,0,0,0,0,0,0,0,1,0,0.6156619,False
93666,36.545353,-119.338535,46,20.2,917.45,1,0,1,1,1,0,0,0,1,1,0,1,0,1,0,1,0,1,0,1,0,0,1,1,0,0,1,0.13386415,False
93667,36.993666,-119.348267,72,84.4,6096.45,0,0,1,0,1,0,1,0,0,0,1,0,0,0,1,0,1,0,1,0,1,0,1,1,1,0,0,0.14450765,False
93669,37.287758,-119.548156,4,25.15,99.95,0,0,1,0,0,1,0,0,0,0,0,0,0,0,0,0,0,0,0,0,0,0,0,1,0,1,0,0.7271987,True
93673,36.456091,-119.486225,25,19.8,475.2,0,0,0,0,1,0,0,0,1,1,0,1,0,1,0,1,0,1,0,1,0,0,1,0,1,0,0,0.1522232,False
93675,36.719141,-119.202677,40,50.85,2036.55,0,0,1,1,0,1,0,0,0,0,0,0,1,0,0,0,0,0,1,0,1,0,0,1,0,1,0,0.34914193,False
93701,36.749403,-119.787574,63,102.4,6444.05,1,0,1,0,1,0,1,1,0,0,0,0,1,0,1,0,0,0,1,0,1,0,0,1,0,1,0,0.6756727,False
93703,36.768774,-119.762633,14,55.5,767.55,1,0,0,0,1,0,1,0,0,0,0,0,1,0,0,0,0,0,0,0,0,0,0,1,1,0,0,0.5104367,False
93704,36.799648,-119.801247,72,109.75,7932.5,1,1,1,0,1,0,1,1,0,0,0,0,1,0,1,0,1,0,1,0,1,0,1,1,0,0,0,0.28707936,False
93705,36.78724,-119.827813,39,106.4,4040.65,1,0,0,0,1,0,1,1,0,0,1,0,1,0,0,0,0,0,1,0,1,0,0,1,0,1,0,0.6496043,False
93706,36.654614,-119.903674,47,60.0,2768.65,0,0,1,1,0,1,0,0,0,0,1,0,1,0,1,0,0,0,1,0,1,0,1,1,1,0,0,0.17272645,False
93710,36.822715,-119.761826,19,88.8,1672.35,1,0,1,0,1,0,1,1,0,0,1,0,1,0,0,0,1,0,0,0,0,0,0,1,1,0,0,0.57473624,False
93721,36.732694,-119.783786,17,80.05,1345.65,0,0,0,0,1,0,1,1,0,0,0,0,0,0,1,0,0,0,0,0,0,0,0,0,0,0,0,0.58491707,False
93722,36.78979,-119.929894,34,75.55,2425.4,1,1,1,0,1,0,1,1,0,0,0,0,0,0,0,0,0,0,0,0,0,0,0,1,0,1,0,0.73415536,True
93725,36.623632,-119.741322,42,49.55,2077.95,0,0,0,0,1,0,0,0,0,0,0,0,1,0,0,0,0,0,0,0,0,0,0,1,0,1,0,0.42870438,False
93727,36.751489,-119.68072,71,23.9,1663.5,0,0,1,1,1,0,1,0,1,1,0,1,0,1,0,1,0,1,0,1,0,0,1,0,1,0,0,0.1309193,False
93728,36.757345,-119.818274,19,66.4,1286.05,1,1,1,0,1,0,0,0,0,0,1,0,0,0,1,0,0,0,1,0,0,0,0,0,0,0,0,0.37139025,False
93905,36.667794,-121.601306,57,18.8,1094.35,1,0,0,0,1,0,0,0,1,1,0,1,0,1,0,1,0,1,0,1,0,0,1,0,1,0,0,0.1522232,False
93906,36.722898,-121.633648,72,108.4,7719.5,1,0,1,0,1,0,1,1,0,0,0,0,1,0,1,0,1,0,1,0,1,0,1,1,0,1,0,0.39001808,False
93907,36.77462,-121.664714,6,85.95,514.6,0,0,0,0,1,0,0,1,0,0,0,0,1,0,0,0,0,0,0,0,1,0,0,1,0,0,1,0.77303314,True
93920,36.092975,-121.549826,61,80.9,4932.5,1,0,1,0,1,0,1,0,0,0,0,0,1,0,1,0,0,0,1,0,1,0,1,0,0,0,0,0.1849795,False
93923,36.460611,-121.852507,48,111.8,5443.65,1,0,1,1,1,0,1,1,0,0,1,0,1,0,1,0,1,0,1,0,1,0,1,0,1,0,0,0.2141796,False
93924,36.414611,-121.6386,16,20.6,330.25,1,0,0,0,1,0,0,0,1,1,0,1,0,1,0,1,0,1,0,1,0,0,0,1,1,0,0,0.2647752,False
93926,36.52588,-121.396719,3,44.6,122.7,0,0,0,0,1,0,0,0,0,0,0,0,0,0,0,0,0,0,0,0,0,0,0,0,0,1,0,0.704921,True
93928,35.930782,-121.189757,65,105.1,6631.85,1,0,0,0,1,0,1,1,0,0,0,0,1,0,1,0,0,0,1,0,1,0,1,0,1,0,0,0.3631027,False
93930,36.220761,-120.980777,70,115.15,8250.0,0,0,1,1,1,0,1,1,0,0,1,0,1,0,1,0,1,0,1,0,1,0,1,1,1,0,0,0.1632944,False
93932,35.989792,-121.055933,60,59.8,3561.15,1,0,1,0,1,0,0,0,0,0,1,0,0,0,0,0,0,0,1,0,0,1,0,1,0,0,1,0.23479138,False
93933,36.689582,-121.758398,69,26.3,1763.55,0,0,1,0,1,0,1,0,1,1,0,1,0,1,0,1,0,1,0,1,0,1,0,1,0,1,0,0.19736423,False
93940,36.362741,-121.869685,35,70.55,2419.0,0,1,0,0,1,0,0,1,0,0,0,0,0,0,0,0,0,0,0,0,0,0,0,0,0,1,0,0.6427208,False
93950,36.618337,-121.926417,22,20.05,470.2,0,0,0,0,1,0,0,0,1,1,0,1,0,1,0,1,0,1,0,1,0,0,0,1,0,0,1,0.27081773,False
93953,36.587497,-121.944815,66,79.85,5234.95,1,0,1,1,1,0,1,0,0,0,0,0,1,0,1,0,0,0,1,0,1,0,1,0,0,0,0,0.15767965,False
93960,36.414216,-121.360597,34,90.05,3097.0,1,0,1,1,1,0,1,1,0,0,0,0,0,0,1,0,0,0,0,0,1,0,0,1,1,0,0,0.3795411,False
93962,36.624641,-121.647195,72,24.45,1709.1,0,0,1,1,1,0,1,0,1,1,0,1,0,1,0,1,0,1,0,1,0,0,1,0,0,0,0,0.1309193,False
94002,37.509366,-122.306132,31,59.95,1848.8,1,0,1,1,0,1,0,0,0,0,1,0,0,0,1,0,1,0,1,0,1,1,0,0,0,1,0,0.19816226,False
94005,37.684694,-122.40712,30,25.35,723.3,1,0,0,1,1,0,1,0,1,1,0,1,0,1,0,1,0,1,0,1,0,1,0,0,0,0,0,0.1632844,False
94015,37.680844,-122.48131,19,34.3,577.15,1,1,1,0,0,1,0,0,0,0,0,0,1,0,1,0,0,0,0,0,0,0,0,1,1,0,0,0.5278052,False
94019,37.45567,-122.407992,65,105.05,6914.95,0,0,1,0,1,0,1,1,0,0,1,0,0,0,1,0,0,0,1,0,1,0,0,1,0,1,0,0.6088762,False
94020,37.285677,-122.224165,30,19.3,602.9,0,0,1,1,1,0,0,0,1,1,0,1,0,1,0,1,0,1,0,1,0,0,1,0,0,0,1,0.13386415,False
94021,37.266388,-122.26308,6,19.15,124.4,1,0,0,0,1,0,0,0,1,1,0,1,0,1,0,1,0,1,0,1,0,1,0,0,0,0,1,0.19404934,False
94022,37.349546,-122.134356,2,51.4,96.8,0,0,0,0,0,1,0,0,0,0,0,0,1,0,0,0,0,0,1,0,1,0,0,0,0,1,0,0.6623973,False
94024,37.352911,-122.093002,53,71.85,3827.9,1,0,1,1,1,0,1,0,0,0,1,0,0,0,0,0,1,0,0,0,1,0,0,0,0,1,0,0.24926859,False
94025,37.449551,-122.183762,7,75.4,533.05,1,1,1,0,1,0,1,1,0,0,0,0,0,0,0,0,0,0,0,0,0,0,0,1,0,1,0,0.80793536,True
94027,37.454924,-122.203168,61,49.7,2961.4,0,0,1,1,1,0,0,0,0,0,1,0,0,0,0,0,0,0,0,0,0,1,0,1,0,0,0,0.20845069,False
94030,37.601248,-122.403099,13,78.75,995.35,0,0,0,0,1,0,1,0,0,0,1,0,0,0,1,0,0,0,1,0,1,0,0,1,0,1,0,0.57076186,False
94037,37.540582,-122.509594,35,81.6,2815.25,1,1,1,0,1,0,1,1,0,0,0,0,0,0,1,0,0,0,0,0,0,1,0,1,0,0,0,0.4311017,False
94038,37.515556,-122.502311,2,70.4,154.8,0,0,1,0,1,0,0,1,0,0,0,0,0,0,0,0,0,0,0,0,0,0,0,1,1,0,0,0.7570173,True
94041,37.388349,-122.075299,3,76.1,257.6,0,0,0,0,1,0,1,1,0,0,0,0,0,0,0,0,0,0,0,0,0,0,0,0,0,1,0,0.799703,True
94043,37.419725,-122.062947,62,94.0,5757.2,0,0,0,0,1,0,1,1,0,0,0,0,0,0,0,0,0,0,1,0,1,1,0,1,0,0,0,0.4593784,False
94044,37.573633,-122.455167,72,103.95,7517.7,1,0,1,1,1,0,1,1,0,0,1,0,1,0,1,0,1,0,0,0,1,0,1,0,1,0,0,0.19833815,False
94060,37.22565,-122.297533,63,19.95,1234.8,1,0,1,0,1,0,0,0,1,1,0,1,0,1,0,1,0,1,0,1,0,0,1,1,0,0,0,0.1522232,False
94062,37.410567,-122.297152,35,110.8,3836.3,0,1,0,0,1,0,1,1,0,0,1,0,1,0,1,0,1,0,1,0,1,1,0,1,0,0,0,0.48373827,False
94065,37.527497,-122.230941,62,96.1,6001.45,1,0,1,0,1,0,1,1,0,0,1,0,1,0,0,0,0,0,0,0,1,1,0,0,0,1,0,0.31999674,False
94066,37.624436,-122.430661,15,48.8,720.1,0,0,0,0,1,0,1,0,0,0,0,0,0,0,0,0,0,0,0,0,0,0,0,1,0,0,1,0.54898447,False
94070,37.497915,-122.267361,55,50.55,2832.75,0,0,0,0,1,0,0,0,0,0,1,0,0,0,0,0,0,0,0,0,0,0,0,1,1,0,0,0.3518829,False
94074,37.331762,-122.341444,11,44.65,472.25,0,0,0,0,1,0,0,0,0,0,0,0,0,0,0,0,0,0,0,0,0,0,0,1,0,0,1,0.54898447,False
94086,37.378541,-122.020456,61,19.45,1336.35,0,0,0,0,1,0,0,0,1,1,0,1,0,1,0,1,0,1,0,1,0,1,0,0,0,0,0,0.18513921,False
94087,37.3511,-122.037311,71,89.3,6388.65,0,0,1,0,1,0,1,0,0,0,1,0,1,0,1,0,1,0,1,0,1,0,1,0,1,0,0,0.14450765,False
94102,37.7795,-122.419233,35,19.25,677.9,1,0,0,0,1,0,0,0,1,1,0,1,0,1,0,1,0,1,0,1,0,0,1,0,0,0,1,0.15556149,False
94103,37.773147,-122.411287,17,70.5,1165.6,0,0,0,0,1,0,0,1,0,0,0,0,0,0,0,0,0,0,0,0,0,0,0,0,0,0,0,0.61387074,False
94105,37.789168,-122.395009,47,19.65,921.55,0,0,1,0,1,0,0,0,1,1,0,1,0,1,0,1,0,1,0,1,0,0,1,0,0,0,0,0.1522232,False
94107,37.768881,-122.395521,3,20.85,72.0,0,0,1,0,1,0,0,0,1,1,0,1,0,1,0,1,0,1,0,1,0,0,0,0,0,0,1,0.39259312,False
94108,37.791998,-122.408653,3,19.65,68.35,1,0,0,0,1,0,0,0,1,1,0,1,0,1,0,1,0,1,0,1,0,0,0,1,0,0,1,0.38378477,False
94109,37.794487,-122.42227,44,19.35,847.25,1,1,1,0,1,0,0,0,1,1,0,1,0,1,0,1,0,1,0,1,0,0,1,1,1,0,0,0.15719306,False
94110,37.750021,-122.415201,1,44.0,44.0,0,0,0,0,1,0,0,0,0,0,0,0,0,0,0,0,0,0,0,0,0,0,0,1,0,0,1,0.7419262,True
94111,37.801776,-122.402293,44,94.4,4295.35,0,0,1,1,1,0,1,1,0,0,0,0,1,0,1,0,0,0,0,0,1,1,0,0,0,1,0,0.26265684,False
94116,37.74441,-122.486764,18,75.4,1380.4,0,0,0,0,1,0,0,1,0,0,1,0,0,0,0,0,0,0,0,0,0,0,0,1,0,1,0,0.64855784,False
94118,37.781304,-122.461522,65,71.0,4386.2,0,0,1,0,1,0,0,0,0,0,1,0,1,0,1,0,0,0,0,0,1,0,1,0,0,0,0,0.1760623,False
94123,37.800254,-122.436975,3,21.2,52.05,1,0,0,0,1,0,0,0,1,1,0,1,0,1,0,1,0,1,0,1,0,1,0,0,0,0,1,0.24938248,False
94124,37.731505,-122.384532,33,61.05,2018.4,1,0,1,0,1,0,0,0,0,0,1,0,1,0,0,0,1,0,0,0,0,0,1,1,0,0,1,0.16062614,False
94129,37.797526,-122.464531,34,79.95,2727.3,0,0,0,0,1,0,0,0,0,0,1,0,0,0,1,0,1,0,1,0,1,1,0,1,0,0,0,0.3508572,False
94130,37.820894,-122.369725,14,19.7,263.65,0,0,1,1,1,0,0,0,1,1,0,1,0,1,0,1,0,1,0,1,0,0,1,1,0,0,1,0.1438433,False
94131,37.746699,-122.442833,13,20.3,275.4,0,0,0,0,1,0,0,0,1,1,0,1,0,1,0,1,0,1,0,1,0,0,0,1,0,0,1,0.2879048,False
94133,37.802071,-122.411004,23,24.35,538.5,1,0,1,1,1,0,1,0,1,1,0,1,0,1,0,1,0,1,0,1,0,1,0,0,0,0,1,0.1542137,False
94134,37.721052,-122.413573,47,19.75,948.9,0,0,1,1,1,0,0,0,1,1,0,1,0,1,0,1,0,1,0,1,0,0,1,0,0,0,1,0.13386415,False
94301,37.444314,-122.149996,17,50.3,846.8,1,0,0,1,1,0,0,0,0,0,1,0,0,0,0,0,0,0,0,0,0,0,0,1,0,0,1,0.32933858,False
94304,37.386978,-122.177746,59,50.25,2997.45,1,1,1,0,0,1,0,0,0,0,0,0,1,0,0,0,0,0,1,0,1,0,0,1,0,1,0,0.5820556,False
94305,37.424342,-122.165641,69,85.35,5897.4,0,0,0,0,1,0,1,0,0,0,1,0,0,0,1,0,1,0,1,0,1,0,1,1,1,0,0,0.1611114,False
94401,37.590421,-122.306467,10,51.65,524.5,1,0,0,0,1,0,0,0,0,0,1,0,0,0,0,0,0,0,0,0,0,0,0,1,0,0,1,0.44905776,False
94402,37.556634,-122.317723,12,24.0,269.65,1,0,1,1,1,0,1,0,1,1,0,1,0,1,0,1,0,1,0,1,0,0,1,1,0,0,0,0.15390256,False
94404,37.556094,-122.272437,39,59.85,2341.5,0,0,1,1,1,0,0,0,0,0,0,0,0,0,1,0,0,0,1,0,0,0,0,1,0,0,1,0.27278462,False
94501,37.774633,-122.274434,71,25.45,1789.65,1,1,1,0,1,0,1,0,1,1,0,1,0,1,0,1,0,1,0,1,0,0,1,0,1,0,0,0.14561512,False
94502,37.724817,-122.224363,71,23.9,1626.4,1,0,1,1,1,0,1,0,1,1,0,1,0,1,0,1,0,1,0,1,0,0,1,0,1,0,0,0.1309193,False
94506,37.791481,-121.903253,33,24.15,800.3,0,0,1,1,1,0,1,0,1,1,0,1,0,1,0,1,0,1,0,1,0,1,0,0,1,0,0,0.15089916,False
94507,37.855717,-121.994813,67,75.7,5060.85,1,1,0,0,1,0,1,1,0,0,0,0,0,0,0,0,0,0,0,0,0,0,0,1,0,0,1,0.5183113,False
94510,38.113533,-122.11926,9,50.85,466.6,0,0,1,0,1,0,0,0,0,0,0,0,1,0,0,0,0,0,0,0,0,0,0,0,0,0,1,0.4621091,False
94511,38.050558,-121.646924,52,91.6,4627.8,1,0,1,0,1,0,1,1,0,0,1,0,0,0,1,0,1,0,0,0,0,0,1,1,1,0,0,0.26080936,False
94512,38.140719,-121.838298,70,98.9,6838.6,0,0,0,0,1,0,1,1,0,0,0,0,1,0,0,0,0,0,1,0,1,1,0,0,0,1,0,0.49510777,False
94513,37.908242,-121.682472,1,85.0,85.0,1,0,0,0,1,0,0,1,0,0,0,0,1,0,0,0,0,0,0,0,1,0,0,1,0,1,0,0.8288938,True
94515,38.629618,-122.593216,1,44.3,44.3,1,0,0,0,1,0,0,0,0,0,0,0,0,0,0,0,0,0,0,0,0,0,0,1,0,0,1,0.7419262,True
94518,37.950248,-122.022455,52,80.2,4297.6,0,0,0,0,1,0,1,1,0,0,0,0,1,0,0,0,0,0,0,0,0,1,0,1,0,0,1,0.37406752,False
94519,37.990118,-122.012188,6,60.9,414.1,1,0,0,0,1,0,0,0,0,0,0,0,0,0,1,0,0,0,1,0,0,0,0,0,0,0,1,0.48955786,False
94520,38.013825,-122.039144,7,34.2,256.6,1,0,1,0,0,1,0,0,0,0,1,0,1,0,0,0,0,0,0,0,0,0,0,0,0,0,1,0.4415794,False
94523,37.95338,-122.076886,26,87.15,2274.1,0,0,0,0,1,0,0,1,0,0,1,0,0,0,1,0,1,0,0,0,0,1,0,1,1,0,0,0.3944032,False
94525,38.049292,-122.228415,25,54.3,1296.8,1,0,1,1,1,0,0,0,0,0,1,0,0,0,0,0,1,0,0,0,0,0,0,0,0,1,0,0.28052142,False
94526,37.815459,-121.977203,69,19.1,1268.85,1,0,0,0,1,0,0,0,1,1,0,1,0,1,0,1,0,1,0,1,0,0,1,1,0,0,1,0.15479362,False
94530,37.924838,-122.289145,72,112.75,8192.6,0,0,0,0,1,0,1,1,0,0,1,0,1,0,1,0,1,0,1,0,1,0,1,1,1,0,0,0.19530036,False
94533,38.287136,-122.02711,4,19.95,59.25,1,0,0,0,1,0,0,0,1,1,0,1,0,1,0,1,0,1,0,1,0,0,0,1,0,0,1,0.3375285,False
94535,38.265899,-121.939461,59,19.5,1147.85,1,0,1,1,1,0,0,0,1,1,0,1,0,1,0,1,0,1,0,1,0,0,1,0,0,0,1,0.13386415,False
94536,37.572273,-121.964583,67,65.55,4361.55,1,0,0,0,1,0,0,0,0,0,1,0,0,0,1,0,0,0,0,0,1,0,1,0,0,0,0,0.1760623,False
94538,37.505768,-121.962472,26,78.8,2006.1,0,1,0,0,1,0,0,1,0,0,0,0,0,0,0,0,0,0,0,0,1,0,0,1,0,1,0,0.71252704,True
94539,37.516791,-121.899117,27,78.2,2078.95,0,0,0,0,1,0,0,0,0,0,0,0,1,0,1,0,1,0,1,0,1,1,0,0,0,0,1,0.34589705,False
94541,37.674002,-122.076796,72,105.25,7609.75,1,0,1,1,1,0,1,1,0,0,1,0,0,0,1,0,0,0,1,0,1,0,1,0,0,0,0,0.24544181,False
94542,37.656695,-122.048361,6,89.25,487.05,0,0,0,0,1,0,0,1,0,0,0,0,0,0,1,0,1,0,0,0,1,0,0,1,0,1,0,0.7873467,True
94544,37.639215,-122.037554,62,20.65,1218.45,1,0,1,1,1,0,0,0,1,1,0,1,0,1,0,1,0,1,0,1,0,0,1,0,1,0,0,0.1309193,False
94545,37.62984,-122.120843,20,68.7,1416.2,1,0,0,0,1,0,1,0,0,0,0,0,1,0,0,0,1,0,1,0,0,1,0,1,0,1,0,0.31764147,False
94546,37.708327,-122.083473,6,78.65,483.3,1,0,0,0,1,0,0,0,0,0,1,0,0,0,1,0,1,0,1,0,1,0,0,0,1,0,0,0.44603145,False
94547,37.991259,-122.214945,51,24.75,1234.6,1,0,0,0,1,0,1,0,1,1,0,1,0,1,0,1,0,1,0,1,0,0,1,0,0,0,1,0.15556149,False
94549,37.907777,-122.127161,61,19.75,1311.6,0,0,1,1,1,0,0,0,1,1,0,1,0,1,0,1,0,1,0,1,0,0,1,0,1,0,0,0.1309193,False
94550,37.571748,-121.659562,62,89.1,5618.3,1,1,1,0,1,0,1,1,0,0,1,0,1,0,1,0,0,0,0,0,0,0,0,1,0,1,0,0.43902212,False
94552,37.722727,-122.02157,72,84.7,6185.15,0,0,0,0,1,0,1,1,0,0,1,0,0,0,0,0,1,0,0,0,0,0,1,1,0,0,0,0.1936765,False
94559,38.232389,-122.324944,13,59.9,788.35,1,1,0,0,1,0,0,0,0,0,0,0,1,0,0,0,0,0,1,0,0,0,0,1,0,1,0,0.56803817,False
94560,37.504133,-122.032347,38,19.95,756.4,0,0,1,1,1,0,0,0,1,1,0,1,0,1,0,1,0,1,0,1,0,0,1,1,0,0,1,0.13386415,False
94563,37.873916,-122.20522,34,108.9,3625.2,1,1,1,1,1,0,1,1,0,0,0,0,1,0,1,0,1,0,1,0,1,0,0,1,0,1,0,0.44530797,False
94564,37.996462,-122.293716,18,33.6,550.35,1,0,0,0,0,1,0,0,0,0,1,0,0,0,1,0,0,0,0,0,0,0,0,0,0,0,1,0.43069276,False
94565,38.006047,-121.916834,56,85.85,4793.8,1,0,1,1,1,0,0,1,0,0,0,0,1,0,1,0,1,0,0,0,0,1,0,1,0,0,1,0.20919204,False
94566,37.633361,-121.862395,36,34.85,1267.2,0,0,0,0,0,1,0,0,0,0,0,0,1,0,0,0,1,0,0,0,0,0,0,1,0,0,0,0.43196046,False
94571,38.148862,-121.737696,57,95.3,5567.45,0,1,1,1,1,0,0,1,0,0,0,0,1,0,1,0,1,0,1,0,0,0,0,1,1,0,0,0.24814779,False
94576,38.554383,-122.474773,70,84.6,5706.2,1,0,1,0,1,0,0,1,0,0,1,0,1,0,0,0,1,0,0,0,0,0,1,0,0,0,0,0.194471,False
94577,37.717196,-122.159338,68,44.95,3085.35,0,0,0,0,0,1,0,0,0,0,0,0,1,0,0,0,1,0,0,0,1,0,0,0,0,1,0,0.45721895,False
94578,37.704384,-122.126703,1,24.7,24.7,1,0,0,1,0,1,0,0,0,0,0,0,0,0,0,0,0,0,0,0,0,0,0,1,0,1,0,0.63975966,False
94579,37.687264,-122.15728,37,100.3,3541.4,0,0,0,0,1,0,1,1,0,0,0,0,0,0,0,0,1,0,1,0,1,0,0,0,1,0,0,0.61409634,False
94580,37.676249,-122.132415,4,25.45,84.2,0,0,0,1,1,0,1,0,1,1,0,1,0,1,0,1,0,1,0,1,0,0,0,1,0,0,1,0.28140923,False
94583,37.766556,-121.976784,1,50.7,50.7,1,0,0,0,1,0,0,0,0,0,1,0,0,0,0,0,0,0,0,0,0,0,0,1,0,0,1,0.6227386,False
94585,38.197907,-122.017258,20,55.0,1165.55,1,0,0,0,0,1,0,0,0,0,1,0,1,0,1,0,1,0,1,0,0,0,0,1,1,0,0,0.42498365,False
94586,37.587494,-121.862856,72,68.4,4855.35,1,0,1,1,1,0,0,0,0,0,1,0,1,0,0,0,1,0,1,0,0,0,1,0,0,0,0,0.12815858,False
94589,38.161321,-122.271588,11,55.05,608.15,1,0,1,0,1,0,0,0,0,0,0,0,0,0,0,0,0,0,1,0,0,0,0,1,0,0,0,0.57054573,False
94590,38.104705,-122.247387,33,19.8,641.35,0,0,1,1,1,0,0,0,1,1,0,1,0,1,0,1,0,1,0,1,0,0,1,0,1,0,0,0.1309193,False
94591,38.105733,-122.186338,62,84.45,4959.15,0,1,0,0,1,0,1,1,0,0,0,0,0,0,0,0,0,0,1,0,0,1,0,0,0,1,0,0.48485813,False
94592,38.093701,-122.276589,1,35.9,35.9,0,0,0,0,0,1,0,0,0,0,0,0,0,0,1,0,1,0,0,0,0,0,0,0,0,0,1,0.6282888,False
94595,37.862128,-122.075197,16,80.75,1321.3,1,0,1,0,1,0,0,1,0,0,1,0,1,0,0,0,0,0,0,0,0,0,0,0,0,0,0,0.56463784,False
94596,37.900662,-122.052782,22,78.65,1663.75,1,0,1,1,1,0,1,0,0,0,0,0,0,0,1,0,1,0,1,0,1,1,0,1,0,0,1,0.28920814,False
94598,37.916648,-122.008483,49,61.75,3024.15,0,0,1,1,1,0,0,0,0,0,1,0,0,0,1,0,1,0,0,0,0,0,0,0,0,0,0,0.23415145,False
94599,38.421458,-122.365048,36,63.7,2188.5,1,0,1,1,1,0,0,0,0,0,1,0,0,0,1,0,0,0,0,0,1,1,0,1,1,0,0,0.22185807,False
94605,37.758019,-122.138678,31,87.6,2724.25,0,0,0,0,1,0,0,1,0,0,1,0,0,0,1,0,1,0,0,0,0,0,0,0,0,1,0,0.5276816,False
94606,37.792489,-122.244314,5,89.15,413.25,1,0,1,0,1,0,1,1,0,0,1,0,0,0,0,0,0,0,0,0,1,0,0,1,0,1,0,0.70880896,True
94607,37.80707,-122.297401,66,20.0,1374.2,1,0,1,1,1,0,0,0,1,1,0,1,0,1,0,1,0,1,0,1,0,0,1,0,1,0,0,0.1309193,False
94609,37.834341,-122.26437,64,104.4,6692.65,1,0,0,0,1,0,1,1,0,0,0,0,1,0,1,0,0,0,1,0,1,0,1,1,0,0,0,0.38171414,False
94610,37.808731,-122.238708,10,20.05,218.5,1,0,1,1,1,0,0,0,1,1,0,1,0,1,0,1,0,1,0,1,0,0,0,1,1,0,0,0.22777186,False
94612,37.809014,-122.269739,29,34.3,1004.75,1,0,0,0,0,1,0,0,0,0,0,0,1,0,0,0,1,0,0,0,0,0,0,0,0,1,0,0.47999668,False
94618,37.84551,-122.235181,57,20.65,1125.6,1,0,0,0,1,0,0,0,1,1,0,1,0,1,0,1,0,1,0,1,0,0,1,0,0,0,0,0.1522232,False
94619,37.787186,-122.14633,46,84.25,3847.6,0,0,0,0,1,0,1,1,0,0,1,0,1,0,0,0,0,0,0,0,0,0,0,0,0,0,1,0.526463,False
94621,37.750553,-122.197175,53,19.65,978.0,1,0,0,0,1,0,0,0,1,1,0,1,0,1,0,1,0,1,0,1,0,0,1,0,0,0,0,0.1522232,False
94702,37.866009,-122.286228,17,79.85,1387.35,0,0,0,0,1,0,0,0,0,0,1,0,1,0,0,0,1,0,1,0,1,1,0,0,1,0,0,0.36314532,False
94703,37.863843,-122.275684,38,20.2,746.05,0,0,1,1,1,0,0,0,1,1,0,1,0,1,0,1,0,1,0,1,0,0,1,1,0,0,1,0.13386415,False
94704,37.871416,-122.246597,15,19.8,304.6,1,0,0,0,1,0,0,0,1,1,0,1,0,1,0,1,0,1,0,1,0,1,0,0,0,0,1,0.19150287,False
94705,37.858898,-122.240512,22,50.35,1098.85,0,0,0,0,0,1,0,0,0,0,0,0,1,0,0,0,0,0,1,0,1,0,0,1,0,1,0,0.5820076,False
94707,37.897753,-122.279391,57,74.6,4368.95,0,0,1,0,1,0,1,0,0,0,0,0,1,0,1,0,1,0,1,0,0,1,0,0,0,0,0,0.22252999,False
94708,37.897743,-122.263124,11,79.15,827.7,1,1,0,0,1,0,0,1,0,0,0,0,0,0,0,0,0,0,0,0,1,0,0,1,1,0,0,0.75574946,True
94709,37.878554,-122.26609,1,20.35,20.35,0,0,1,1,1,0,0,0,1,1,0,1,0,1,0,1,0,1,0,1,0,0,1,0,0,0,1,0.2712464,False
94710,37.872902,-122.303708,12,21.05,262.05,1,0,1,1,1,0,0,0,1,1,0,1,0,1,0,1,0,1,0,1,0,0,1,0,0,0,0,0.15390256,False
94803,37.963995,-122.288296,36,94.7,3512.5,1,0,0,1,1,0,0,1,0,0,0,0,1,0,0,0,0,0,1,0,1,0,0,1,0,1,0,0.39673084,False
94806,37.980269,-122.342635,2,74.95,151.75,1,0,0,0,1,0,0,1,0,0,0,0,1,0,0,0,0,0,0,0,0,0,0,0,0,1,0,0.76801085,True
94903,38.018065,-122.546024,72,111.95,8033.1,1,0,1,1,1,0,0,1,0,0,1,0,1,0,1,0,1,0,1,0,1,0,1,0,0,0,0,0.1714883,False
94904,37.946617,-122.563571,62,19.85,1253.65,1,0,0,0,1,0,0,0,1,1,0,1,0,1,0,1,0,1,0,1,0,0,1,0,0,0,0,0.1522232,False
94920,37.885629,-122.46858,6,89.75,552.65,0,0,0,0,1,0,1,1,0,0,0,0,1,0,0,0,0,0,1,0,0,0,0,1,0,1,0,0.8233081,True
94922,38.343282,-122.9755,48,20.05,1036.0,1,0,1,0,1,0,0,0,1,1,0,1,0,1,0,1,0,1,0,1,0,0,1,1,0,0,1,0.15556149,False
94923,38.377165,-123.037957,35,108.95,4025.5,1,0,0,0,1,0,1,1,0,0,1,0,0,0,1,0,1,0,1,0,1,0,1,1,0,1,0,0.45277977,False
94924,37.943087,-122.72379,52,19.65,928.4,1,0,0,1,1,0,0,0,1,1,0,1,0,1,0,1,0,1,0,1,0,1,0,0,1,0,0,0.15318865,False
94925,37.924014,-122.511694,1,24.9,24.9,0,0,0,0,0,1,0,0,0,0,0,0,0,0,0,0,0,0,0,0,0,0,0,1,0,0,1,0.7271453,True
94929,38.24458,-122.956268,71,93.2,6506.15,0,0,1,0,1,0,1,0,0,0,1,0,1,0,1,0,1,0,1,0,1,0,1,0,1,0,0,0.14450765,False
94930,37.971751,-122.611873,67,84.8,5598.3,0,0,1,1,1,0,0,1,0,0,1,0,1,0,1,0,0,0,0,0,0,1,0,0,0,0,0,0.20869794,False
94931,38.326215,-122.718742,60,71.75,4374.55,1,1,0,0,1,0,1,0,0,0,1,0,1,0,0,0,0,0,0,0,1,1,0,1,0,1,0,0.27357426,False
94933,38.010092,-122.689442,23,30.35,678.75,1,0,1,1,0,1,0,0,0,0,0,0,0,0,0,0,1,0,0,0,0,0,0,1,0,0,0,0.27278483,False
94937,38.099323,-122.945723,39,54.85,2191.7,1,0,0,1,0,1,0,0,0,0,0,0,0,0,1,0,1,0,1,0,1,1,0,0,0,0,0,0.24239723,False
94938,38.021772,-122.691744,15,19.5,239.75,1,0,1,1,1,0,0,0,1,1,0,1,0,1,0,1,0,1,0,1,0,1,0,1,0,0,1,0.1900497,False
94940,38.129308,-122.834815,24,24.2,609.05,1,0,1,1,1,0,1,0,1,1,0,1,0,1,0,1,0,1,0,1,0,0,1,0,0,0,1,0.13386415,False
94941,37.901371,-122.572024,37,19.35,683.75,0,0,1,1,1,0,0,0,1,1,0,1,0,1,0,1,0,1,0,1,0,0,0,0,0,1,0,0.25029087,False
94946,38.065359,-122.665566,50,100.65,5189.75,0,1,1,0,1,0,1,1,0,0,0,0,0,0,0,0,1,0,1,0,1,1,0,1,0,1,0,0.57003,False
94947,38.112166,-122.634384,54,94.1,5060.9,0,0,0,0,1,0,0,1,0,0,0,0,0,0,1,0,0,0,1,0,1,1,0,1,1,0,0,0.50348586,False
94949,38.067204,-122.524004,3,74.55,233.65,0,0,0,0,1,0,0,1,0,0,1,0,0,0,0,0,0,0,0,0,0,0,0,1,0,1,0,0.69930065,False
94951,38.325599,-122.642352,5,56.15,291.45,1,0,0,0,1,0,0,0,0,0,0,0,0,0,1,0,1,0,0,0,0,0,0,0,0,1,0,0.54175574,False
94952,38.237018,-122.77872,33,20.35,689.75,1,0,0,0,1,0,0,0,1,1,0,1,0,1,0,1,0,1,0,1,0,0,1,0,0,0,1,0.15556149,False
94954,38.235021,-122.557332,41,80.55,3263.9,0,0,0,0,1,0,1,0,0,0,0,0,1,0,1,0,0,0,1,0,1,1,0,1,0,1,0,0.3707525,False
94956,38.060264,-122.830646,34,61.25,1993.2,0,0,1,1,0,1,0,0,0,0,1,0,0,0,1,0,1,0,1,0,1,1,0,0,0,0,1,0.19505967,False
94960,37.99272,-122.575026,13,20.45,254.5,0,0,1,1,1,0,0,0,1,1,0,1,0,1,0,1,0,1,0,1,0,0,0,1,0,0,1,0.21116489,False
94963,38.00474,-122.663717,20,18.9,347.65,0,0,0,0,1,0,0,0,1,1,0,1,0,1,0,1,0,1,0,1,0,0,0,1,1,0,0,0.26904443,False
94964,37.942551,-122.491642,51,19.6,967.9,0,1,0,0,1,0,0,0,1,1,0,1,0,1,0,1,0,1,0,1,0,0,1,0,1,0,0,0.15719306,False
94970,37.921137,-122.657562,41,45.2,1841.9,0,0,0,1,1,0,0,0,0,0,0,0,0,0,0,0,0,0,0,0,0,0,0,0,0,0,0,0.29269257,False
94971,38.240769,-122.901041,13,19.45,232.1,0,0,0,0,1,0,0,0,1,1,0,1,0,1,0,1,0,1,0,1,0,0,0,0,1,0,0,0.30306318,False
94972,38.339996,-122.935056,35,25.45,809.25,1,0,1,1,1,0,1,0,1,1,0,1,0,1,0,1,0,1,0,1,0,0,1,0,0,0,0,0.1309193,False
95002,37.449537,-121.994813,4,94.9,360.55,1,0,0,0,1,0,0,1,0,0,1,0,1,0,0,0,1,0,0,0,1,0,0,1,0,0,1,0.66673404,False
95004,36.878364,-121.629781,12,29.3,355.9,0,1,1,1,0,1,0,0,0,0,0,0,0,0,0,0,1,0,0,0,0,0,0,1,0,0,1,0.30408803,False
95007,37.106902,-122.100006,7,20.25,129.15,0,0,0,0,1,0,0,0,1,1,0,1,0,1,0,1,0,1,0,1,0,1,0,0,0,0,1,0.19404934,False
95010,36.977025,-121.952864,53,110.5,5835.5,0,0,1,0,1,0,0,1,0,0,1,0,1,0,1,0,1,0,1,0,1,1,0,0,0,1,0,0.47865894,False
95012,36.784481,-121.759054,63,109.4,7031.45,1,1,0,0,1,0,1,1,0,0,1,0,1,0,1,0,0,0,1,0,1,0,0,1,0,0,0,0.45273715,False
95019,36.936228,-121.785559,5,19.95,109.6,0,0,0,0,1,0,0,0,1,1,0,1,0,1,0,1,0,1,0,1,0,0,0,0,0,0,1,0.3230784,False
95020,37.03889,-121.528955,37,19.6,727.8,0,1,1,0,1,0,0,0,1,1,0,1,0,1,0,1,0,1,0,1,0,1,0,0,0,0,1,0.18656057,False
95030,37.222842,-121.988727,12,76.6,893.0,0,0,0,1,1,0,1,1,0,0,0,0,0,0,0,0,0,0,0,0,0,0,0,1,0,1,0,0.5620514,False
95032,37.233034,-121.947427,38,19.6,763.1,0,0,1,1,1,0,0,0,1,1,0,1,0,1,0,1,0,1,0,1,0,1,0,0,1,0,0,0.15089916,False
95033,37.160194,-121.945611,9,85.3,781.4,0,0,0,0,1,0,0,1,0,0,0,0,0,0,1,0,0,0,0,0,1,0,0,1,1,0,0,0.7684813,True
95035,37.441931,-121.878502,13,65.85,902.25,1,0,1,0,1,0,1,0,0,0,1,0,0,0,0,0,0,0,0,0,1,0,0,1,0,1,0,0.54935735,False
95039,36.863303,-121.781632,47,20.05,1016.7,0,0,1,1,1,0,0,0,1,1,0,1,0,1,0,1,0,1,0,1,0,0,1,0,1,0,0,0.1309193,False
95041,37.051166,-122.056194,61,99.4,5943.65,1,0,1,0,1,0,1,1,0,0,1,0,0,0,1,0,1,0,1,0,0,0,0,0,0,0,0,0.47967154,False
95043,36.525703,-120.952122,16,20.0,275.7,1,0,0,0,1,0,0,0,1,1,0,1,0,1,0,1,0,1,0,1,0,0,0,0,0,0,1,0.28667724,False
95045,36.810568,-121.503022,41,78.45,3126.45,0,0,1,1,1,0,0,0,0,0,1,0,1,0,0,0,1,0,1,0,1,0,1,0,0,1,0,0.18566982,False
95046,37.084697,-121.606417,43,25.1,1070.15,0,0,0,1,1,0,1,0,1,1,0,1,0,1,0,1,0,1,0,1,0,0,1,1,0,1,0,0.14973813,False
95051,37.348129,-121.98469,6,55.0,340.4,0,0,0,0,1,0,0,0,0,0,0,0,0,0,0,0,0,0,0,0,1,0,0,1,0,1,0,0.6187888,False
95054,37.393554,-121.965114,58,71.1,4299.2,0,0,0,0,1,0,1,0,0,0,1,0,1,0,1,0,1,0,0,0,0,1,0,1,1,0,0,0.24210164,False
95060,36.993451,-122.098858,19,61.55,1093.2,1,0,0,0,1,0,0,0,0,0,0,0,0,0,0,0,1,0,1,0,0,0,0,1,1,0,0,0.4664135,False
95062,36.974575,-121.991149,11,45.9,521.9,1,0,1,0,1,0,0,0,0,0,0,0,0,0,0,0,0,0,0,0,0,0,0,1,0,0,0,0.55460864,False
95064,37.007882,-122.065975,39,40.3,1630.4,0,0,0,0,0,1,0,0,0,0,1,0,1,0,0,0,1,0,0,0,0,1,0,1,0,0,0,0.26025584,False
95065,37.031404,-121.981865,8,87.1,713.6,0,1,0,0,1,0,0,1,0,0,0,0,1,0,0,0,0,0,1,0,0,0,0,1,0,1,0,0.8094615,True
95066,37.070177,-122.010077,26,49.5,1265.65,0,0,0,1,1,0,1,0,0,0,0,0,0,0,0,0,0,0,0,0,0,0,0,1,0,0,1,0.2806544,False
95070,37.257772,-122.051824,53,73.8,4003.85,0,1,0,0,1,0,0,1,0,0,0,0,1,0,0,0,0,0,0,0,0,0,0,1,1,0,0,0.5905891,False
95073,37.023669,-121.946461,70,19.2,1401.4,0,0,1,1,1,0,0,0,1,1,0,1,0,1,0,1,0,1,0,1,0,0,1,1,0,0,1,0.13386415,False
95110,37.34667,-121.910019,59,25.0,1510.5,1,0,0,0,1,0,1,0,1,1,0,1,0,1,0,1,0,1,0,1,0,0,1,0,0,0,1,0.15479362,False
95112,37.343827,-121.883119,7,35.3,264.8,1,0,0,0,0,1,0,0,0,0,1,0,0,0,1,0,0,0,0,0,0,1,0,0,0,0,1,0.33026087,False
95116,37.350284,-121.852855,59,76.75,4541.9,1,0,1,1,1,0,0,0,0,0,0,0,1,0,1,0,1,0,1,0,1,1,0,0,1,0,0,0.16325083,False
95117,37.311088,-121.961786,61,81.0,4976.15,1,0,1,1,1,0,1,0,0,0,0,0,0,0,1,0,1,0,1,0,1,0,1,1,0,0,0,0.13049406,False
95118,37.255479,-121.889838,72,105.55,7542.25,1,0,1,1,1,0,1,1,0,0,1,0,0,0,1,0,0,0,1,0,1,0,1,1,0,0,0,0.23446028,False
95119,37.233226,-121.78809,13,18.8,251.25,0,0,1,1,1,0,0,0,1,1,0,1,0,1,0,1,0,1,0,1,0,0,0,0,0,0,1,0.22224317,False
95120,37.186141,-121.843554,64,24.9,1595.5,0,0,1,1,1,0,1,0,1,1,0,1,0,1,0,1,0,1,0,1,0,1,0,0,0,0,1,0.1542137,False
95122,37.32886,-121.834567,10,64.9,685.55,0,0,0,0,1,0,0,0,0,0,0,0,1,0,0,0,1,0,0,0,1,1,0,0,0,0,1,0.40774634,False
95123,37.238758,-121.828375,65,61.35,3874.1,0,0,1,1,1,0,0,0,0,0,1,0,1,0,1,0,0,0,0,0,0,1,0,0,0,0,0,0.20490316,False
95124,37.257063,-121.923037,62,113.95,6891.4,0,0,1,0,1,0,1,1,0,0,1,0,1,0,1,0,1,0,1,0,1,0,1,0,0,0,1,0.2372784,False
95125,37.294926,-121.894763,55,90.15,4916.95,0,0,1,0,1,0,1,0,0,0,1,0,1,0,1,0,1,0,1,0,1,1,0,1,0,1,0,0.33386415,False
95126,37.327069,-121.916819,25,54.1,1373.0,0,0,1,0,1,0,1,0,0,0,0,0,1,0,0,0,0,0,0,0,0,0,0,0,0,1,0,0.41633832,False
95128,37.316146,-121.936285,1,49.8,49.8,1,0,0,0,1,0,0,0,0,0,1,0,0,0,0,0,0,0,0,0,0,0,0,1,1,0,0,0.62800837,False
95130,37.277592,-121.986477,64,24.4,1548.65,1,1,1,1,1,0,1,0,1,1,0,1,0,1,0,1,0,1,0,1,0,0,1,1,0,0,0,0.1309193,False
95131,37.387027,-121.897775,36,95.0,3440.25,1,0,1,0,1,0,1,1,0,0,0,0,0,0,0,0,0,0,1,0,1,0,0,1,0,0,0,0.6848537,False
95133,37.371862,-121.860349,61,69.9,4226.7,1,0,1,0,1,0,1,0,0,0,1,0,0,0,1,0,0,0,0,0,1,0,1,1,0,0,1,0.16357745,False
95134,37.42765,-121.945416,26,39.95,1023.75,1,0,0,1,0,1,0,0,0,0,0,0,1,0,0,0,0,0,1,0,0,1,0,1,0,0,0,0.28939873,False
95138,37.246064,-121.749494,68,103.25,7074.4,1,0,1,1,1,0,0,1,0,0,1,0,1,0,1,0,0,0,1,0,1,0,1,1,1,0,0,0.17325537,False
95140,37.382909,-121.634151,72,94.25,6849.75,0,0,1,0,1,0,1,1,0,0,1,0,1,0,1,0,1,0,0,0,0,0,1,1,0,0,0,0.17267217,False
95148,37.339533,-121.777179,71,47.05,3263.6,0,0,1,0,0,1,0,0,0,0,0,0,0,0,1,0,1,0,0,0,1,0,1,1,0,1,0,0.29509157,False
95202,37.959706,-121.287669,57,20.55,1252.85,1,0,0,0,1,0,0,0,1,1,0,1,0,1,0,1,0,1,0,1,0,0,1,0,1,0,0,0.1522232,False
95203,37.954089,-121.329761,4,19.65,67.55,1,0,0,0,1,0,0,0,1,1,0,1,0,1,0,1,0,1,0,1,0,0,0,1,0,0,1,0.3375285,False
95204,37.974498,-121.319568,1,70.2,70.2,0,1,0,0,1,0,0,1,0,0,0,0,0,0,0,0,0,0,0,0,0,0,0,1,0,1,0,0.8332858,True
95205,37.965695,-121.260051,72,81.0,5750.0,1,0,1,1,1,0,1,0,0,0,1,0,1,0,1,0,1,0,0,0,1,0,1,0,1,0,0,0.12877473,False
95206,37.902422,-121.440029,21,75.9,1549.75,1,0,1,1,1,0,1,0,0,0,1,0,0,0,0,0,0,0,1,0,1,1,0,1,0,0,0,0.23794682,False
95207,38.002125,-121.324979,71,24.7,1810.55,0,0,1,1,1,0,1,0,1,1,0,1,0,1,0,1,0,1,0,1,0,0,1,0,0,0,0,0.1309193,False
95210,38.033219,-121.297433,69,110.25,7467.55,0,1,0,0,1,0,1,1,0,0,1,0,0,0,1,0,1,0,1,0,1,0,1,0,1,0,0,0.35261118,False
95212,38.049457,-121.21653,64,85.0,5484.4,0,0,1,0,1,0,1,0,0,0,1,0,0,0,1,0,1,0,1,0,1,0,1,1,1,0,0,0.154248,False
95215,37.946282,-121.139499,16,19.75,294.9,1,0,0,0,1,0,0,0,1,1,0,1,0,1,0,1,0,1,0,1,0,0,0,0,1,0,0,0.29411548,False
95219,38.029729,-121.387999,4,23.9,97.5,0,0,0,0,1,0,1,0,1,1,0,1,0,1,0,1,0,1,0,1,0,1,0,0,0,1,0,0.22018936,False
95223,38.32153,-120.236358,1,19.95,19.95,1,0,0,0,1,0,0,0,1,1,0,1,0,1,0,1,0,1,0,1,0,0,0,0,0,0,1,0.56072414,False
95224,38.208336,-120.339938,18,25.15,476.8,1,0,0,0,0,1,0,0,0,0,0,0,0,0,0,0,0,0,0,0,0,0,0,0,0,0,1,0.44417542,False
95225,38.183918,-120.898817,2,54.15,101.65,0,0,0,0,1,0,1,0,0,0,0,0,1,0,0,0,0,0,0,0,0,0,0,0,0,0,1,0.6423991,False
95226,38.233879,-120.861666,19,59.8,1130.85,0,0,1,0,1,0,0,0,0,0,0,0,1,0,0,0,0,0,0,0,1,0,0,1,0,0,1,0.46127677,False
95227,38.227285,-121.02789,40,83.85,3532.25,0,0,0,0,1,0,1,1,0,0,0,0,0,0,0,0,0,0,0,0,1,0,0,0,0,0,0,0.59791714,False
95228,37.943954,-120.67108,66,104.9,6891.45,0,1,1,1,1,0,1,1,0,0,0,0,1,0,1,0,0,0,1,0,1,1,0,1,0,1,0,0.3151568,False
95230,37.956963,-120.863055,21,75.3,1570.7,1,0,0,0,1,0,1,1,0,0,0,0,0,0,0,0,0,0,0,0,0,0,0,0,0,0,1,0.5920724,False
95231,37.873283,-121.292034,8,66.65,520.95,1,0,0,0,1,0,0,0,0,0,0,0,1,0,0,0,1,0,1,0,0,0,0,1,0,1,0,0.5431706,False
95232,38.358464,-120.579304,72,109.5,7854.9,0,0,1,1,1,0,0,1,0,0,1,0,1,0,1,0,1,0,1,0,1,0,1,1,1,0,0,0.21116965,False
95233,38.184914,-120.364085,48,73.85,3581.4,0,0,0,0,1,0,1,0,0,0,0,0,1,0,1,0,1,0,1,0,0,1,0,1,0,0,0,0.27213237,False
95236,38.047746,-121.030499,69,19.3,1447.9,1,0,0,0,1,0,0,0,1,1,0,1,0,1,0,1,0,1,0,1,0,0,1,1,0,0,0,0.15146886,False
95237,38.166791,-121.14207,72,118.2,8547.15,1,0,0,0,1,0,1,1,0,0,1,0,1,0,1,0,1,0,1,0,1,0,1,1,0,1,0,0.24459697,False
95240,38.123544,-121.159078,14,51.45,727.85,0,0,0,0,1,0,0,0,0,0,0,0,1,0,0,0,0,0,0,0,0,1,0,0,1,0,0,0.36107945,False
95242,38.128087,-121.4078,6,59.45,357.6,1,0,0,0,1,0,0,0,0,0,0,0,1,0,0,0,0,0,1,0,0,0,0,0,0,1,0,0.51541233,False
95245,38.304194,-120.592431,8,19.5,159.35,0,0,1,1,1,0,0,0,1,1,0,1,0,1,0,1,0,1,0,1,0,0,1,0,0,0,0,0.15620418,False
95246,38.264262,-120.515133,17,19.55,280.85,0,0,0,0,1,0,0,0,1,1,0,1,0,1,0,1,0,1,0,1,0,1,0,0,0,0,1,0.19669159,False
95247,38.147852,-120.440124,65,93.55,6069.25,1,0,0,0,1,0,1,1,0,0,1,0,0,0,0,0,1,0,0,0,1,1,0,0,0,1,0,0.33153507,False
95249,38.196497,-120.61689,57,59.3,3274.35,0,0,1,1,1,0,0,0,0,0,1,0,0,0,1,0,1,0,0,0,0,1,0,1,0,0,1,0.18014348,False
95252,38.156971,-120.849231,56,109.8,6109.65,0,0,1,0,1,0,1,1,0,0,1,0,1,0,1,0,0,0,1,0,1,1,0,0,0,0,0,0.46428353,False
95254,38.192608,-120.957842,14,78.1,1122.4,0,0,1,0,1,0,0,1,0,0,0,0,0,0,0,0,0,0,0,0,1,0,0,1,0,1,0,0.79170054,True
95255,38.41935,-120.469545,52,39.9,2020.9,1,0,1,0,0,1,0,0,0,0,1,0,0,0,0,0,0,0,0,0,1,0,0,1,0,1,0,0.4827398,False
95257,38.392686,-120.415951,58,64.9,3795.45,0,0,0,0,1,0,0,0,0,0,1,0,1,0,1,0,1,0,0,0,0,0,1,1,1,0,0,0.15631884,False
95301,37.321233,-120.656354,67,53.4,3579.15,0,0,0,0,0,1,0,0,0,0,0,0,0,0,1,0,1,0,1,0,1,0,0,1,1,0,0,0.41826198,False
95303,37.4695,-120.672724,2,24.9,49.7,1,0,0,0,0,1,0,0,0,0,0,0,0,0,0,0,0,0,0,0,0,0,0,1,1,0,0,0.7045558,True
95305,37.818589,-120.256995,6,44.7,276.5,1,1,0,0,1,0,0,0,0,0,0,0,0,0,0,0,0,0,0,0,0,0,0,0,1,0,0,0.54857415,False
95306,37.394411,-120.127262,71,114.0,8175.9,1,0,1,1,1,0,1,1,0,0,1,0,1,0,1,0,1,0,1,0,1,0,1,1,0,0,0,0.15654436,False
95307,37.553469,-120.952825,46,20.25,890.35,0,0,1,1,1,0,0,0,1,1,0,1,0,1,0,1,0,1,0,1,0,0,1,0,0,0,0,0.1309193,False
95311,37.722127,-120.110174,67,83.85,5588.8,1,1,1,0,1,0,1,1,0,0,1,0,1,0,0,0,0,0,0,0,0,0,0,0,0,0,0,0.4203107,False
95312,37.420273,-120.66527,3,20.2,50.6,1,0,0,1,1,0,0,0,1,1,0,1,0,1,0,1,0,1,0,1,0,0,0,0,0,0,0,0.32068235,False
95313,37.435664,-121.049056,3,19.95,58.0,0,0,0,0,1,0,0,0,1,1,0,1,0,1,0,1,0,1,0,1,0,0,0,0,0,0,1,0.37087926,False
95317,37.127386,-120.506422,50,20.35,938.95,1,0,1,1,1,0,0,0,1,1,0,1,0,1,0,1,0,1,0,1,0,1,0,1,0,0,1,0.15859027,False
95318,37.654551,-119.822984,23,90.0,2024.1,1,1,1,0,1,0,0,1,0,0,1,0,1,0,0,0,0,0,0,0,1,0,0,1,0,1,0,0.6365917,False
95320,37.818543,-121.006907,67,54.2,3623.95,0,0,1,1,0,1,0,0,0,0,1,0,1,0,1,0,1,0,1,0,0,0,1,0,1,0,0,0.14698613,False
95322,37.147198,-121.120161,39,99.1,3877.95,0,1,1,0,1,0,0,1,0,0,1,0,1,0,0,0,0,0,1,0,1,1,0,0,0,0,1,0.4372224,False
95323,37.605926,-120.69955,69,66.9,4577.9,0,0,0,0,1,0,1,0,0,0,1,0,1,0,0,0,1,0,0,0,0,0,1,1,0,0,1,0.15631884,False
95324,37.394536,-120.890747,1,25.85,25.85,0,0,0,0,0,1,0,0,0,0,0,0,0,0,0,0,0,0,0,0,0,1,0,0,0,0,1,0.5361757,False
95325,37.479926,-120.230424,32,91.05,2871.5,1,0,0,0,1,0,0,1,0,0,0,0,0,0,0,0,0,0,1,0,1,0,0,0,0,1,0,0.67343193,False
95328,37.555631,-120.911653,60,20.95,1270.55,1,0,1,1,1,0,0,0,1,1,0,1,0,1,0,1,0,1,0,1,0,0,1,1,0,0,0,0.1309193,False
95329,37.666587,-120.411517,72,109.2,7711.45,0,0,1,1,1,0,1,1,0,0,0,0,1,0,1,0,1,0,1,0,1,0,1,1,0,0,0,0.24489672,False
95333,37.249377,-120.249581,26,85.8,2193.65,0,1,0,0,1,0,0,1,0,0,1,0,0,0,0,0,0,0,1,0,0,0,0,1,1,0,0,0.60233444,False
95335,38.109125,-120.078597,2,19.65,31.2,1,0,0,0,1,0,0,0,1,1,0,1,0,1,0,1,0,1,0,1,0,0,0,1,0,1,0,0.4297071,False
95336,37.830267,-121.201018,2,20.5,38.25,0,0,0,1,1,0,0,0,1,1,0,1,0,1,0,1,0,1,0,1,0,1,0,0,0,0,0,0.24104059,False
95337,37.750822,-121.238423,36,89.65,3348.1,0,0,0,0,1,0,1,0,0,0,1,0,0,0,1,0,1,0,1,0,1,1,0,1,1,0,0,0.3450539,False
95338,37.526791,-119.99437,7,74.35,533.6,1,0,0,0,1,0,0,1,0,0,1,0,0,0,0,0,0,0,0,0,0,0,0,0,0,0,1,0.6243937,False
95340,37.255637,-120.493537,60,49.45,2907.55,0,1,1,0,0,1,0,0,0,0,0,0,1,0,0,0,0,0,1,0,1,0,1,1,1,0,0,0.27913898,False
95345,37.581496,-119.972762,19,89.1,1620.8,0,0,1,0,1,0,1,1,0,0,0,0,1,0,0,0,0,0,0,0,1,0,0,1,0,1,0,0.7624262,True
95346,38.121601,-120.133915,45,75.15,3480.35,1,1,1,0,1,0,1,0,0,0,1,0,0,0,1,0,1,0,0,0,1,0,1,0,1,0,0,0.16746938,False
95348,37.40122,-120.514191,4,70.65,293.85,1,1,0,0,1,0,0,1,0,0,0,0,0,0,0,0,0,0,0,0,0,0,0,1,0,1,0,0.7959464,True
95351,37.621458,-121.012295,47,90.05,4137.2,1,0,1,1,1,0,0,1,0,0,1,0,0,0,1,0,0,0,0,0,1,0,0,0,0,1,0,0.33471403,False
95356,37.716186,-121.025836,1,19.4,19.4,0,0,0,0,1,0,0,0,1,1,0,1,0,1,0,1,0,1,0,1,0,0,0,0,1,0,0,0.4773029,False
95357,37.670526,-120.877572,59,88.75,5348.65,0,1,1,1,1,0,1,1,0,0,0,0,0,0,1,0,0,0,0,0,1,0,0,1,1,0,0,0.28340387,False
95360,37.343846,-121.039391,35,91.0,3180.5,1,1,0,0,1,0,1,1,0,0,1,0,0,0,0,0,0,0,0,0,1,0,0,0,1,0,0,0.5418136,False
95363,37.410236,-121.320337,32,90.8,3023.85,1,0,1,1,1,0,0,1,0,0,1,0,1,0,0,0,0,0,0,0,1,1,0,1,0,1,0,0.23780556,False
95366,37.750778,-121.13238,54,18.95,1031.1,0,1,1,0,1,0,0,0,1,1,0,1,0,1,0,1,0,1,0,1,0,0,1,1,0,0,1,0.1606197,False
95368,37.713152,-121.08739,66,102.4,6471.85,0,1,0,0,1,0,1,1,0,0,1,0,0,0,0,0,0,0,1,0,1,0,1,1,0,0,0,0.29248056,False
95369,37.521708,-120.426843,61,99.9,6241.35,1,0,1,1,1,0,1,1,0,0,0,0,0,0,1,0,0,0,1,0,1,1,0,1,0,1,0,0.3560832,False
95370,37.982716,-120.343732,72,88.7,6501.35,1,0,1,1,1,0,1,0,0,0,1,0,1,0,1,0,1,0,1,0,1,0,1,0,1,0,0,0.12877473,False
95372,37.990574,-120.261821,44,54.3,2317.1,1,0,1,1,0,1,0,0,0,0,0,0,0,0,1,0,1,0,1,0,1,1,0,1,0,1,0,0.27196816,False
95374,37.316807,-120.855753,41,55.7,2237.55,1,0,0,0,1,0,1,0,0,0,0,0,0,0,1,0,0,0,0,0,0,0,0,1,0,0,0,0.3927621,False
95376,37.680968,-121.446049,50,103.95,5231.3,1,0,1,0,1,0,1,1,0,0,1,0,0,0,1,0,0,0,1,0,1,1,0,1,0,1,0,0.5559011,False
95380,37.474396,-120.875917,8,20.15,165.5,1,0,1,1,1,0,0,0,1,1,0,1,0,1,0,1,0,1,0,1,0,0,1,0,0,0,1,0.15262365,False
95382,37.529656,-120.854357,18,20.05,358.5,1,0,0,0,1,0,0,0,1,1,0,1,0,1,0,1,0,1,0,1,0,0,0,0,0,0,1,0.27640006,False
95383,38.107441,-120.230625,72,91.95,6614.9,1,0,1,1,1,0,1,0,0,0,1,0,1,0,1,0,1,0,1,0,1,0,1,1,1,0,0,0.12877473,False
95386,37.669516,-120.626964,42,55.65,2421.75,0,1,0,0,1,0,1,0,0,0,0,0,0,0,1,0,0,0,0,0,0,0,0,0,0,1,0,0.46223244,False
95387,37.546007,-121.28257,18,74.7,1294.6,0,1,0,0,1,0,0,1,0,0,0,0,1,0,0,0,0,0,0,0,0,0,0,1,0,1,0,0.7166063,True
95388,37.421299,-120.599587,13,104.15,1299.1,0,0,0,1,1,0,1,1,0,0,0,0,1,0,1,0,0,0,1,0,1,1,0,1,1,0,0,0.40374887,False
95389,37.704267,-119.607001,68,83.65,5733.4,0,0,1,1,1,0,1,1,0,0,0,0,1,0,0,0,1,0,0,0,0,1,0,1,0,0,0,0.19268426,False
95403,38.488431,-122.752839,69,110.05,7430.75,1,0,0,0,1,0,1,1,0,0,1,0,1,0,1,0,0,0,1,0,1,0,1,1,1,0,0,0.32880968,False
95405,38.439696,-122.668817,25,25.5,630.6,1,0,1,1,1,0,1,0,1,1,0,1,0,1,0,1,0,1,0,1,0,0,1,0,1,0,0,0.1309193,False
95409,38.468893,-122.580539,59,19.5,1222.65,0,0,1,1,1,0,0,0,1,1,0,1,0,1,0,1,0,1,0,1,0,0,1,0,1,0,0,0.1309193,False
95410,39.225694,-123.717354,5,80.7,374.8,0,1,0,0,1,0,0,1,0,0,1,0,1,0,0,0,0,0,0,0,0,0,0,0,0,1,0,0.64563006,False
95415,39.025867,-123.381544,69,105.1,7234.8,0,0,1,1,1,0,1,1,0,0,1,0,1,0,1,0,1,0,1,0,0,1,0,1,1,0,0,0.24114104,False
95417,39.710591,-123.682799,13,25.15,331.85,1,0,0,0,0,1,0,0,0,0,0,0,0,0,0,0,0,0,0,0,0,0,0,1,0,0,0,0.5104632,False
95421,38.578807,-123.19338,52,95.65,5088.4,1,0,1,0,1,0,1,1,0,0,0,0,1,0,0,0,1,0,0,0,1,0,0,1,1,0,0,0.5460584,False
95423,39.07116,-122.598542,61,80.8,4860.85,1,0,1,0,1,0,1,0,0,0,1,0,1,0,1,0,1,0,0,0,1,0,1,1,0,0,0,0.1503247,False
95425,38.801936,-122.938935,29,24.85,788.05,1,0,0,0,0,1,0,0,0,0,0,0,0,0,0,0,0,0,0,0,0,1,0,1,0,0,1,0.34068313,False
95426,38.838088,-122.73203,25,54.75,1266.35,0,0,0,1,1,0,0,0,0,0,0,0,1,0,0,0,1,0,0,0,0,1,0,1,1,0,0,0.21751171,False
95428,39.83307,-123.178765,15,50.75,688.2,1,0,0,0,0,1,0,0,0,0,0,0,0,0,1,0,0,0,1,0,1,1,0,0,0,1,0,0.42377803,False
95429,39.756049,-123.358701,19,20.15,387.7,0,0,1,1,1,0,0,0,1,1,0,1,0,1,0,1,0,1,0,1,0,0,1,0,0,0,1,0.14291102,False
95430,38.445603,-123.063756,44,20.05,845.25,1,0,0,0,1,0,0,0,1,1,0,1,0,1,0,1,0,1,0,1,0,0,1,0,0,0,1,0.15556149,False
95432,39.108252,-123.645121,58,71.6,4230.25,1,0,1,1,1,0,1,0,0,0,1,0,1,0,1,0,1,0,0,0,0,0,1,0,1,0,0,0.12815858,False
95436,38.499302,-122.92444,62,81.45,4983.05,1,0,1,1,1,0,0,1,0,0,1,0,1,0,0,0,0,0,0,0,0,1,0,1,1,0,0,0.19501689,False
95437,39.455555,-123.683979,70,58.4,4113.15,0,0,1,1,0,1,0,0,0,0,0,0,1,0,1,0,1,0,1,0,1,1,0,1,0,0,0,0.19327429,False
95441,38.731771,-123.064272,10,53.7,521.0,1,0,1,1,0,1,0,0,0,0,1,0,1,0,1,0,1,0,0,0,1,0,1,0,1,0,0,0.17498156,False
95442,38.368744,-122.522642,26,19.6,471.85,1,0,0,0,1,0,0,0,1,1,0,1,0,1,0,1,0,1,0,1,0,1,0,1,0,0,0,0.17709412,False
95443,39.045246,-122.743181,66,89.4,5976.9,1,0,0,0,1,0,1,1,0,0,0,0,1,0,0,0,0,0,0,0,1,0,0,0,1,0,0,0.46766332,False
95445,38.848082,-123.50608,51,84.2,4299.75,1,0,1,1,1,0,1,1,0,0,0,0,1,0,0,0,1,0,0,0,0,1,0,0,0,0,0,0.23924726,False
95446,38.52576,-123.013347,72,106.1,7548.6,1,0,1,1,1,0,1,1,0,0,1,0,1,0,1,0,1,0,1,0,0,0,1,1,1,0,0,0.22001399,False
95448,38.618347,-122.908422,65,25.75,1654.75,1,0,0,0,1,0,1,0,1,1,0,1,0,1,0,1,0,1,0,1,0,0,1,0,0,0,1,0.15479362,False
95450,38.505995,-123.187019,70,64.95,4551.5,1,0,0,1,1,0,1,0,0,0,1,0,1,0,0,0,1,0,0,0,0,1,0,0,0,0,0,0.17836837,False
95451,38.93496,-122.792243,72,85.45,6227.5,1,0,1,0,1,0,1,0,0,0,0,0,1,0,1,0,1,0,1,0,1,0,1,1,1,0,0,0.151816,False
95452,38.419525,-122.521585,1,20.05,20.05,0,0,1,1,1,0,0,0,1,1,0,1,0,1,0,1,0,1,0,1,0,0,0,0,0,0,1,0.5276402,False
95456,39.245911,-123.77214,3,20.7,57.5,1,0,0,0,1,0,0,0,1,1,0,1,0,1,0,1,0,1,0,1,0,0,0,0,0,0,1,0.4107139,False
95457,38.925545,-122.549083,58,25.3,1474.35,1,0,0,0,1,0,1,0,1,1,0,1,0,1,0,1,0,1,0,1,0,0,1,1,1,0,0,0.15146886,False
95459,38.966713,-123.586412,33,100.6,3270.25,1,1,1,0,1,0,1,1,0,0,0,0,1,0,0,0,0,0,1,0,1,0,0,1,0,0,0,0.70824194,True
95461,38.787446,-122.58675,54,74.0,3919.15,1,1,1,0,1,0,1,1,0,0,0,0,0,0,0,0,0,0,0,0,0,0,0,0,0,0,0,0.577872,False
95462,38.471049,-123.015549,72,99.4,7285.7,1,0,1,0,1,0,1,1,0,0,0,0,1,0,0,0,0,0,1,0,1,0,1,1,0,1,0,0.37702674,False
95465,38.415003,-122.998726,72,107.45,7658.3,0,0,1,1,1,0,1,1,0,0,1,0,1,0,1,0,1,0,0,0,1,0,1,0,1,0,0,0.20318854,False
95466,39.094102,-123.500853,72,83.6,5959.3,0,0,1,1,1,0,1,0,0,0,1,0,1,0,1,0,0,0,1,0,1,0,1,1,1,0,0,0.1521892,False
95468,38.911299,-123.609588,54,99.05,5295.7,1,1,1,0,1,0,1,1,0,0,0,0,0,0,1,0,0,0,1,0,1,0,0,1,1,0,0,0.67531776,False
95469,39.408634,-123.045516,59,80.1,4693.2,0,0,1,0,1,0,1,0,0,0,0,0,1,0,0,0,1,0,1,0,1,1,0,1,0,1,0,0.28176415,False
95470,39.298065,-123.25211,54,65.3,3512.9,1,0,0,0,1,0,0,0,0,0,1,0,1,0,0,0,0,0,1,0,0,0,1,1,0,0,0,0.189431,False
95471,38.522328,-122.97932,60,89.55,5231.2,1,0,0,0,1,0,1,1,0,0,0,0,0,0,1,0,0,0,1,0,0,0,1,1,0,1,0,0.35149848,False
95472,38.398815,-122.861923,60,60.8,3603.45,0,0,1,0,0,1,0,0,0,0,0,0,1,0,1,0,1,0,1,0,1,0,1,0,1,0,0,0.18208164,False
95476,38.25485,-122.461799,3,74.5,217.45,1,0,0,0,1,0,1,1,0,0,0,0,0,0,0,0,0,0,0,0,0,0,0,0,0,1,0,0.78814226,True
95482,39.134075,-123.23422,69,99.15,6875.35,0,0,1,0,1,0,1,1,0,0,1,0,0,0,0,0,0,0,1,0,1,0,1,0,0,0,0,0.27275053,False
95485,39.220368,-122.907693,1,19.25,19.25,0,0,1,1,1,0,0,0,1,1,0,1,0,1,0,1,0,1,0,1,0,0,0,0,0,1,0,0.53277355,False
95488,39.724433,-123.767578,50,39.45,2021.35,1,0,1,1,0,1,0,0,0,0,1,0,0,0,0,0,0,0,1,0,0,0,0,1,1,0,0,0.30242026,False
95490,39.492046,-123.375818,56,44.85,2564.95,0,0,0,0,0,1,0,0,0,0,0,0,0,0,0,0,0,0,1,0,1,0,0,1,1,0,0,0.52977145,False
95492,38.527297,-122.810044,60,97.2,5611.75,0,0,1,0,1,0,0,1,0,0,1,0,0,0,0,0,1,0,1,0,1,0,1,1,0,1,0,0.31569374,False
95493,39.222323,-122.985488,69,110.55,7610.1,1,1,1,0,1,0,1,1,0,0,1,0,0,0,1,0,1,0,1,0,1,1,0,1,0,0,1,0.45242465,False
95501,40.796621,-124.15428,3,19.9,45.75,0,0,1,0,1,0,0,0,1,1,0,1,0,1,0,1,0,1,0,1,0,0,0,1,0,0,1,0.45844314,False
95503,40.737431,-124.108897,60,76.95,4543.95,1,0,1,1,1,0,0,0,0,0,0,0,1,0,0,0,1,0,1,0,1,0,1,0,0,0,0,0.17009301,False
95511,40.166028,-123.584144,13,35.4,450.4,0,0,0,0,0,1,0,0,0,0,0,0,0,0,1,0,1,0,0,0,0,0,1,0,0,0,1,0.2209212,False
95514,40.309088,-123.668201,62,20.45,1297.35,1,0,1,1,1,0,0,0,1,1,0,1,0,1,0,1,0,1,0,1,0,0,1,0,0,0,0,0.1309193,False
95519,40.965011,-124.015255,45,96.75,4442.75,0,0,0,0,1,0,1,1,0,0,1,0,1,0,0,0,0,0,0,0,1,1,0,0,0,0,0,0.45440766,False
95521,40.839958,-124.003757,25,54.2,1423.15,0,0,0,0,0,1,0,0,0,0,0,0,0,0,1,0,1,0,1,0,1,1,0,0,0,1,0,0.35344997,False
95524,40.825486,-124.049485,44,100.1,4378.35,1,0,0,0,1,0,0,1,0,0,0,0,0,0,1,0,1,0,1,0,1,0,1,0,0,0,0,0.32729954,False
95525,40.94338,-123.831799,2,45.25,74.2,0,0,0,0,1,0,0,0,0,0,0,0,0,0,0,0,0,0,0,0,0,0,0,1,0,0,1,0.66911054,False
95528,40.497283,-123.93037,22,20.85,450.65,0,0,0,0,1,0,0,0,1,1,0,1,0,1,0,1,0,1,0,1,0,1,0,0,0,0,0,0.18936181,False
95531,41.701223,-124.003393,35,33.45,1175.85,0,0,0,0,0,1,0,0,0,0,0,0,0,0,1,0,1,0,0,0,0,0,0,1,0,0,1,0.4287013,False
95536,40.4785,-124.301372,29,20.2,558.8,0,0,1,1,1,0,0,0,1,1,0,1,0,1,0,1,0,1,0,1,0,0,1,0,0,0,1,0.17594202,False
95537,40.726949,-124.217378,27,85.9,2220.1,1,1,1,0,1,0,1,1,0,0,1,0,0,0,1,0,0,0,0,0,0,1,0,1,0,1,0,0.49223456,False
95540,40.584991,-124.121504,54,61.0,3283.05,1,0,0,1,1,0,0,0,0,0,0,0,1,0,1,0,1,0,0,0,0,1,0,1,0,1,0,0.23534286,False
95543,41.867908,-123.794144,57,86.9,4939.25,1,0,0,0,1,0,1,1,0,0,0,0,0,0,0,0,0,0,1,0,0,1,0,1,0,1,0,0.52225703,False
95545,40.342928,-124.063329,62,69.4,4237.5,1,0,0,0,1,0,1,0,0,0,1,0,1,0,1,0,1,0,0,0,0,0,1,0,0,0,0,0.19675127,False
95546,41.163637,-123.704841,15,20.35,335.95,0,0,1,1,1,0,0,0,1,1,0,1,0,1,0,1,0,1,0,1,0,1,0,0,1,0,0,0.17443357,False
95548,41.572813,-124.035011,70,104.3,7188.5,0,0,1,0,1,0,1,1,0,0,0,0,0,0,1,0,1,0,1,0,1,0,1,1,0,0,0,0.4478581,False
95549,40.664483,-123.865325,21,44.95,926.25,0,0,1,1,1,0,0,0,0,0,0,0,0,0,0,0,0,0,0,0,0,0,0,1,0,1,0,0.38478014,False
95550,40.7666,-123.80458,23,49.45,1119.35,0,0,0,1,1,0,0,0,0,0,0,0,0,0,0,0,1,0,0,0,0,1,0,1,0,1,0,0.24390367,False
95551,40.665952,-124.240051,6,20.6,116.6,1,0,0,0,1,0,0,0,1,1,0,1,0,1,0,1,0,1,0,1,0,1,0,0,0,0,1,0.21601546,False
95552,40.390301,-123.412327,4,19.55,68.8,1,0,1,1,1,0,0,0,1,1,0,1,0,1,0,1,0,1,0,1,0,0,1,0,1,0,0,0.17258632,False
95554,40.267158,-123.805913,23,93.5,2341.55,0,0,0,0,1,0,1,1,0,0,0,0,0,0,0,0,0,0,1,0,1,0,0,1,0,1,0,0.7676842,True
95555,41.336354,-124.044354,26,54.55,1362.85,1,0,0,0,0,1,0,0,0,0,1,0,0,0,0,0,1,0,1,0,1,1,0,0,1,0,0,0.32297525,False
95556,41.269521,-123.546958,8,20.05,163.6,0,0,0,1,1,0,0,0,1,1,0,1,0,1,0,1,0,1,0,1,0,0,0,0,0,0,1,0.25654852,False
95559,40.184094,-123.745487,2,79.45,145.15,1,0,0,0,1,0,1,1,0,0,0,0,1,0,0,0,0,0,0,0,0,0,0,1,0,1,0,0.8185315,True
95563,40.89866,-123.539754,59,79.85,4786.1,0,0,0,0,1,0,1,0,0,0,1,0,1,0,1,0,1,0,0,0,1,1,0,0,1,0,0,0.28071454,False
95564,40.809636,-124.189977,39,100.0,3835.55,1,0,1,1,1,0,1,1,0,0,0,0,0,0,1,0,0,0,1,0,1,1,0,0,0,1,0,0.37017512,False
95565,40.440636,-124.098739,21,19.6,397.0,1,0,0,1,1,0,0,0,1,1,0,1,0,1,0,1,0,1,0,1,0,0,1,0,0,0,1,0.17283626,False
95568,41.444606,-123.471895,48,20.2,1027.25,0,0,1,1,1,0,0,0,1,1,0,1,0,1,0,1,0,1,0,1,0,0,1,0,0,0,0,0.14147744,False
95569,40.363446,-123.835041,31,50.4,1580.1,0,1,1,0,0,1,0,0,0,0,1,0,1,0,1,0,0,0,0,0,1,1,0,1,1,0,0,0.32709727,False
95570,41.162295,-124.027381,64,113.35,7222.75,0,0,1,1,1,0,1,1,0,0,1,0,1,0,1,0,1,0,1,0,1,1,0,0,0,1,0,0.30664012,False
95571,40.310119,-123.909449,46,80.0,3769.7,1,0,1,1,1,0,1,1,0,0,0,0,1,0,0,0,0,0,0,0,0,0,0,1,0,0,0,0.37383163,False
95573,40.949012,-123.655847,52,80.95,4233.95,0,0,0,0,1,0,1,0,0,0,0,0,0,0,1,0,1,0,1,0,1,0,1,1,0,0,0,0.18995732,False
95585,39.873371,-123.741474,67,24.9,1680.25,0,0,1,1,1,0,1,0,1,1,0,1,0,1,0,1,0,1,0,1,0,0,1,1,0,0,1,0.13386415,False
95587,39.955587,-123.681175,67,54.9,3725.5,0,1,0,0,1,0,1,0,0,0,0,0,1,0,0,0,0,0,0,0,0,0,0,0,0,1,0,0.35569024,False
95595,40.170357,-123.417298,71,109.25,7707.7,0,0,1,0,1,0,1,1,0,0,0,0,1,0,1,0,1,0,1,0,1,0,1,0,0,1,0,0.41533676,False
95603,38.912881,-121.082766,71,116.3,8309.55,1,0,0,0,1,0,1,1,0,0,1,0,1,0,1,0,1,0,1,0,1,1,0,1,0,0,0,0.3714842,False
95605,38.592745,-121.540036,32,19.9,601.55,0,0,0,0,1,0,0,0,1,1,0,1,0,1,0,1,0,1,0,1,0,0,0,0,0,0,0,0.256902,False
95606,38.809804,-122.241383,2,70.35,139.25,0,0,0,0,1,0,0,1,0,0,0,0,0,0,0,0,0,0,0,0,0,0,0,0,0,1,0,0.7752614,True
95607,38.681651,-122.130569,71,25.6,1888.25,0,0,1,0,1,0,1,0,1,1,0,1,0,1,0,1,0,1,0,1,0,0,1,0,1,0,0,0.14561512,False
95608,38.626128,-121.328011,60,44.45,2773.9,0,0,0,0,0,1,0,0,0,0,1,0,0,0,1,0,0,0,0,0,1,1,0,1,0,1,0,0.3661134,False
95610,38.69508,-121.271616,55,100.15,5409.75,0,1,0,0,1,0,1,1,0,0,0,0,0,0,1,0,0,0,1,0,1,1,0,1,0,1,0,0.58781993,False
95615,38.311609,-121.554034,6,73.85,401.3,0,0,0,0,1,0,1,1,0,0,0,0,0,0,0,0,0,0,0,0,0,0,0,1,0,0,1,0.7778018,True
95616,38.508735,-121.678813,48,70.1,3238.4,0,0,1,1,1,0,0,0,0,0,1,0,1,0,1,0,0,0,0,0,1,0,1,1,1,0,0,0.16823195,False
95618,38.544002,-121.685559,63,25.25,1573.05,1,0,1,1,1,0,1,0,1,1,0,1,0,1,0,1,0,1,0,1,0,0,1,0,0,0,1,0.13386415,False
95620,38.392821,-121.799917,12,21.05,235.8,1,0,0,1,1,0,0,0,1,1,0,1,0,1,0,1,0,1,0,1,0,0,0,0,1,0,0,0.24719393,False
95621,38.69549,-121.307864,54,24.95,1364.75,1,1,1,0,0,1,0,0,0,0,0,0,0,0,0,0,0,0,0,0,0,0,0,1,0,0,0,0.5007204,False
95623,38.63153,-120.842609,30,64.5,1985.15,0,0,1,1,1,0,0,0,0,0,0,0,0,0,1,0,1,0,1,0,0,1,0,1,0,1,0,0.2300177,False
95626,38.734997,-121.463719,40,105.95,4335.2,0,0,0,0,1,0,1,1,0,0,0,0,0,0,1,0,1,0,1,0,1,1,0,1,1,0,0,0.58076113,False
95627,38.834469,-122.127193,9,75.85,647.5,0,0,1,1,1,0,0,1,0,0,0,0,0,0,0,0,1,0,0,0,0,0,0,1,0,1,0,0.52580553,False
95629,38.513484,-120.704613,62,43.6,2748.7,0,0,0,0,0,1,0,0,0,0,0,0,1,0,1,0,0,0,0,0,1,0,1,1,1,0,0,0.26608464,False
95630,38.672638,-121.147403,28,91.25,2483.65,1,0,0,0,1,0,0,1,0,0,0,0,1,0,0,0,1,0,1,0,0,1,0,1,0,0,0,0.45280042,False
95631,39.031876,-120.811141,70,89.75,6367.2,0,0,0,0,1,0,1,0,0,0,1,0,1,0,1,0,1,0,1,0,1,0,1,0,1,0,0,0.16636221,False
95632,38.274451,-121.259201,46,104.4,4904.2,0,0,0,0,1,0,0,1,0,0,0,0,1,0,1,0,1,0,1,0,1,0,1,1,0,0,0,0.3518212,False
95633,38.852544,-120.837669,23,90.15,2044.95,0,0,1,0,1,0,1,1,0,0,0,0,0,0,1,0,0,0,0,0,1,0,0,0,0,0,1,0.63802284,False
95634,38.9386,-120.785514,47,40.3,1794.8,1,0,1,1,0,1,0,0,0,0,1,0,0,0,1,0,1,0,0,0,0,1,0,0,0,1,0,0.21765494,False
95635,38.921333,-120.897718,68,105.25,7173.15,1,0,1,1,1,0,0,1,0,0,1,0,1,0,1,0,0,0,1,0,1,0,1,1,0,0,0,0.22966556,False
95637,38.830739,-122.196202,67,104.0,7039.05,0,0,0,1,1,0,1,1,0,0,0,0,1,0,0,0,1,0,1,0,1,0,1,1,0,1,0,0.30714276,False
95638,38.313447,-121.123886,14,69.65,921.4,0,0,0,0,1,0,0,0,0,0,0,0,0,0,0,0,1,0,1,0,1,0,0,1,0,1,0,0.5412674,False
95639,38.375325,-121.507935,57,74.3,4018.35,1,0,1,1,1,0,1,1,0,0,0,0,0,0,0,0,0,0,0,0,0,0,0,1,0,1,0,0.36856723,False
95640,38.33788,-120.954202,55,100.9,5448.6,0,0,1,1,1,0,1,1,0,0,1,0,0,0,0,0,0,0,1,0,1,1,0,0,0,0,1,0.32516685,False
95641,38.154823,-121.601358,1,20.25,20.25,1,0,0,0,1,0,0,0,1,1,0,1,0,1,0,1,0,1,0,1,0,0,0,1,0,0,1,0.5526383,False
95645,38.875508,-121.765866,23,96.9,2085.45,1,0,0,0,1,0,1,1,0,0,0,0,0,0,1,0,1,0,1,0,0,0,0,1,1,0,0,0.6688582,False
95648,38.922812,-121.312005,47,104.1,5135.15,1,0,1,0,1,0,1,1,0,0,0,0,1,0,1,0,0,0,1,0,1,0,0,1,0,1,0,0.7457222,True
95650,38.809175,-121.171375,38,20.1,730.1,1,0,0,0,1,0,0,0,1,1,0,1,0,1,0,1,0,1,0,1,0,1,0,0,0,0,1,0.18582813,False
95653,38.674276,-121.961866,2,56.55,118.25,0,1,0,0,1,0,1,0,0,0,0,0,1,0,0,0,0,0,0,0,0,0,0,1,1,0,0,0.6026748,False
95658,38.883224,-121.15918,15,68.6,1108.6,1,0,1,0,1,0,0,1,0,0,0,0,0,0,0,0,0,0,0,0,0,0,0,1,0,0,0,0.70135295,True
95659,38.788898,-121.608624,26,69.05,1815.65,0,0,0,0,1,0,0,1,0,0,0,0,0,0,0,0,0,0,0,0,0,0,0,1,1,0,0,0.61727816,False
95660,38.671295,-121.388251,35,19.7,730.4,0,0,1,1,1,0,0,0,1,1,0,1,0,1,0,1,0,1,0,1,0,0,1,0,1,0,0,0.1309193,False
95661,38.736685,-121.251984,3,20.05,75.45,1,0,0,1,1,0,0,0,1,1,0,1,0,1,0,1,0,1,0,1,0,0,0,1,0,0,1,0.3227116,False
95663,38.859093,-121.182872,42,94.4,4014.6,1,0,1,0,1,0,1,1,0,0,1,0,0,0,1,0,0,0,0,0,1,0,0,1,0,1,0,0.6383192,False
95664,38.803731,-121.043799,10,54.95,568.85,1,0,1,0,1,0,0,0,0,0,1,0,0,0,0,0,1,0,0,0,0,0,0,1,1,0,0,0.41316622,False
95665,38.400264,-120.641274,61,93.7,5860.7,0,0,1,0,1,0,0,1,0,0,1,0,1,0,0,0,1,0,0,0,1,1,0,0,0,0,0,0.34449106,False
95666,38.546999,-120.271114,68,110.25,7279.35,0,0,0,0,1,0,1,1,0,0,1,0,1,0,0,0,1,0,1,0,1,0,1,0,1,0,0,0.2769535,False
95667,38.733714,-120.795213,10,98.9,1064.95,1,0,0,0,1,0,0,1,0,0,1,0,0,0,1,0,0,0,1,0,1,1,0,1,0,1,0,0.61887884,False
95669,38.489273,-120.891614,72,80.45,5886.85,0,0,1,1,1,0,0,0,0,0,1,0,0,0,1,0,1,0,1,0,1,0,1,1,0,0,0,0.1331389,False
95670,38.602723,-121.279913,55,79.4,4238.45,1,0,1,1,1,0,0,1,0,0,0,0,1,0,0,0,1,0,0,0,0,0,0,0,0,1,0,0.34545115,False
95673,38.688764,-121.457596,7,62.8,418.3,0,0,0,0,1,0,0,0,0,0,0,0,0,0,1,0,1,0,0,0,1,0,0,0,0,0,0,0.47433698,False
95674,38.954144,-121.482536,2,74.9,136.05,0,0,0,0,1,0,1,1,0,0,0,0,0,0,0,0,0,0,0,0,0,0,0,1,0,0,1,0.7778018,True
95675,38.545775,-120.743325,9,74.85,708.2,0,0,0,0,1,0,0,1,0,0,1,0,0,0,0,0,0,0,0,0,0,0,0,1,0,1,0,0.7062624,True
95677,38.7904,-121.236973,27,25.85,788.55,1,0,0,1,1,0,1,0,1,1,0,1,0,1,0,1,0,1,0,1,0,0,1,1,1,0,0,0.12977697,False
95681,38.984756,-121.345074,64,68.3,4378.8,0,0,1,0,1,0,0,0,0,0,0,0,1,0,1,0,1,0,0,0,1,0,1,1,0,0,1,0.17600103,False
95682,38.598936,-120.963092,70,48.4,3442.8,1,0,0,0,0,1,0,0,0,0,1,0,0,0,1,0,1,0,0,0,1,0,1,0,0,0,0,0.1931316,False
95684,38.606703,-120.586659,67,105.05,7171.7,1,1,0,0,1,0,0,1,0,0,1,0,1,0,0,0,1,0,1,0,1,0,1,1,0,1,0,0.383117,False
95686,38.157794,-121.520223,24,25.15,553.0,0,0,0,0,1,0,1,0,1,1,0,1,0,1,0,1,0,1,0,1,0,0,1,0,1,0,0,0.1522232,False
95687,38.333133,-121.920151,4,19.5,96.85,1,0,1,1,1,0,0,0,1,1,0,1,0,1,0,1,0,1,0,1,0,0,1,0,1,0,0,0.1616316,False
95688,38.419088,-122.024568,44,92.95,4122.9,1,0,1,1,1,0,0,1,0,0,0,0,0,0,1,0,0,0,1,0,1,0,0,1,0,0,0,0.34963295,False
95689,38.481902,-120.603668,72,20.7,1482.3,0,0,1,1,1,0,0,0,1,1,0,1,0,1,0,1,0,1,0,1,0,0,1,1,0,0,1,0.13386415,False
95691,38.627951,-121.593287,66,19.35,1240.8,1,0,0,0,1,0,0,0,1,1,0,1,0,1,0,1,0,1,0,1,0,0,1,0,0,0,0,0.1522232,False
95695,38.71967,-121.862416,65,104.35,6578.55,1,1,1,0,1,0,1,1,0,0,0,0,1,0,1,0,0,0,1,0,1,0,0,1,0,1,0,0.7013716,True
95701,39.218096,-120.79153,1,19.55,19.55,1,0,0,1,1,0,0,0,1,1,0,1,0,1,0,1,0,1,0,1,0,0,0,0,0,0,1,0.53754145,False
95703,38.983388,-120.988814,38,74.05,2802.3,1,0,1,1,1,0,0,0,0,0,1,0,1,0,1,0,1,0,1,0,0,1,0,0,0,1,0,0.24990892,False
95709,38.748316,-120.675512,23,40.1,857.75,1,0,0,1,0,1,0,0,0,0,1,0,0,0,1,0,1,0,0,0,0,0,1,0,0,0,1,0.1769442,False
95713,39.084645,-120.894014,10,20.1,184.4,0,0,1,0,1,0,0,0,1,1,0,1,0,1,0,1,0,1,0,1,0,1,0,0,0,0,1,0.22548334,False
95715,39.23754,-120.720196,72,83.55,6093.3,1,0,1,1,1,0,1,0,0,0,1,0,0,0,1,0,1,0,1,0,1,0,1,1,1,0,0,0.1331389,False
95717,39.170376,-120.838404,35,56.85,1861.1,0,0,1,0,1,0,0,0,0,0,0,0,1,0,0,0,1,0,0,0,0,0,0,0,0,1,0,0.41985983,False
95721,38.851842,-120.076204,58,19.55,1079.65,0,0,1,1,1,0,0,0,1,1,0,1,0,1,0,1,0,1,0,1,0,0,1,0,1,0,0,0.1309193,False
95722,39.003358,-121.022539,70,106.15,7475.1,1,0,1,1,1,0,0,1,0,0,0,0,1,0,1,0,1,0,1,0,1,1,0,1,0,1,0,0.36889625,False
95726,38.733908,-120.453416,38,78.95,2862.55,1,0,1,1,1,0,1,0,0,0,0,0,1,0,1,0,0,0,1,0,1,1,0,0,1,0,0,0.24833447,False
95728,39.279068,-120.414275,60,49.75,3069.45,0,0,1,1,0,1,0,0,0,0,0,0,1,0,0,0,0,0,1,0,1,0,0,1,0,1,0,0.35683858,False
95735,38.805481,-120.13287,26,92.4,2349.8,1,0,0,0,1,0,1,1,0,0,1,0,1,0,0,0,0,0,1,0,0,0,0,1,1,0,0,0.6278569,False
95736,39.00978,-120.978273,8,58.2,469.25,0,0,0,0,1,0,0,0,0,0,1,0,1,0,0,0,1,0,0,0,0,1,0,0,0,0,0,0.31147596,False
95746,38.749466,-121.184196,36,91.95,3301.05,0,1,1,0,1,0,1,1,0,0,0,0,1,0,0,0,0,0,1,0,0,0,0,1,1,0,0,0.646793,False
95747,38.784329,-121.373245,54,65.25,3529.95,1,1,0,0,1,0,0,0,0,0,0,0,0,0,1,0,1,0,0,0,1,1,0,0,0,0,0,0.2870293,False
95762,38.684437,-121.055634,55,73.1,4144.9,0,0,0,0,1,0,1,1,0,0,0,0,0,0,0,0,0,0,0,0,0,0,0,1,0,1,0,0.64898455,False
95765,38.823278,-121.281856,72,59.75,4265.0,0,0,0,0,1,0,1,0,0,0,1,0,1,0,0,0,0,0,0,0,0,0,1,0,0,0,0,0.17007577,False
95814,38.584505,-121.491956,54,59.8,3246.45,0,0,1,1,1,0,1,0,0,0,0,0,1,0,1,0,0,0,0,0,0,0,1,1,0,0,0,0.17639795,False
95815,38.608405,-121.449942,72,116.6,8337.45,1,0,1,1,1,0,1,1,0,0,1,0,1,0,1,0,1,0,1,0,1,0,1,1,0,0,0,0.172187,False
95816,38.574856,-121.46504,52,109.3,5731.4,1,0,0,0,1,0,1,1,0,0,1,0,0,0,1,0,1,0,1,0,1,0,1,1,0,1,0,0.39977834,False
95817,38.550722,-121.457314,60,101.4,6176.6,0,1,0,0,1,0,1,1,0,0,1,0,0,0,0,0,0,0,1,0,1,1,0,1,0,0,0,0.5100672,False
95818,38.556306,-121.495817,39,50.65,1905.4,0,0,0,0,0,1,0,0,0,0,0,0,0,0,1,0,0,0,1,0,1,0,0,1,1,0,0,0.51930356,False
95819,38.567594,-121.437507,15,56.15,931.9,0,0,0,0,1,0,0,0,0,0,0,0,0,0,0,0,0,0,1,0,0,1,0,0,0,0,1,0.3991671,False
95821,38.625096,-121.383658,43,19.2,776.25,1,0,1,1,1,0,0,0,1,1,0,1,0,1,0,1,0,1,0,1,0,1,0,1,0,0,1,0.1542137,False
95822,38.512569,-121.495184,63,83.0,5243.05,0,1,0,0,1,0,1,0,0,0,1,0,1,0,1,0,1,0,1,0,0,1,0,0,0,0,0,0.27553517,False
95823,38.475465,-121.443625,2,70.1,141.65,1,1,1,0,1,0,0,1,0,0,0,0,0,0,0,0,0,0,0,0,0,0,0,0,0,1,0,0.7752614,True
95824,38.517295,-121.439819,72,108.3,7679.65,0,0,1,1,1,0,0,1,0,0,1,0,1,0,1,0,1,0,1,0,1,0,1,1,0,0,0,0.26765946,False
95826,38.542532,-121.378826,40,25.25,1006.9,1,0,1,1,1,0,1,0,1,1,0,1,0,1,0,1,0,1,0,1,0,0,1,0,1,0,0,0.1309193,False
95827,38.549185,-121.328386,58,45.35,2540.1,0,0,1,0,0,1,0,0,0,0,1,0,1,0,0,0,0,0,1,0,0,1,0,1,0,1,0,0.3764221,False
95828,38.486938,-121.395805,67,43.9,3097.2,1,0,0,0,0,1,0,0,0,0,1,0,0,0,0,0,1,0,1,0,0,0,1,0,0,1,0,0.28035504,False
95830,38.490508,-121.284171,31,79.3,2484.0,1,0,1,0,1,0,1,0,0,0,0,0,0,0,1,0,1,0,1,0,1,1,0,1,0,0,1,0.38599148,False
95831,38.494832,-121.529447,69,84.9,5785.65,1,1,1,0,1,0,1,1,0,0,1,0,1,0,0,0,0,0,0,0,0,0,0,1,1,0,0,0.4542877,False
95832,38.445939,-121.496855,32,79.25,2619.15,1,0,1,0,1,0,1,1,0,0,0,0,0,0,0,0,1,0,0,0,0,1,0,1,0,1,0,0.464042,False
95833,38.619049,-121.517552,21,71.05,1524.85,0,0,0,0,1,0,0,0,0,0,1,0,1,0,0,0,1,0,1,0,0,0,1,0,1,0,0,0.20769478,False
95834,38.646209,-121.52446,52,53.75,2790.65,1,0,0,0,1,0,0,0,0,0,1,0,0,0,1,0,0,0,0,0,0,1,0,0,0,1,0,0.28494745,False
95835,38.685069,-121.543709,72,24.25,1784.5,0,0,1,1,1,0,1,0,1,1,0,1,0,1,0,1,0,1,0,1,0,0,1,0,1,0,0,0.1309193,False
95838,38.646096,-121.442433,52,44.25,2276.1,1,0,1,1,0,1,0,0,0,0,1,0,0,0,1,0,0,0,0,0,1,1,0,0,0,0,0,0.22257052,False
95841,38.660442,-121.346321,41,50.05,2029.05,0,0,0,0,1,0,0,0,0,0,0,0,0,0,0,0,1,0,0,0,0,1,0,0,0,0,0,0.29840985,False
95842,38.687367,-121.34848,41,20.15,802.35,1,0,0,0,1,0,0,0,1,1,0,1,0,1,0,1,0,1,0,1,0,0,1,0,0,0,1,0.15556149,False
95864,38.585826,-121.376263,67,69.35,4653.25,1,0,1,1,1,0,1,0,0,0,1,0,1,0,1,0,1,0,0,0,0,1,0,1,1,0,0,0.14877641,False
95901,39.19514,-121.503883,16,19.35,275.9,0,0,1,1,1,0,0,0,1,1,0,1,0,1,0,1,0,1,0,1,0,0,0,0,0,0,1,0.22224317,False
95903,39.125311,-121.392283,17,19.15,343.45,1,0,0,0,1,0,0,0,1,1,0,1,0,1,0,1,0,1,0,1,0,0,1,0,0,0,1,0.1620312,False
95910,39.467828,-120.841386,35,61.0,2130.45,1,0,1,0,1,0,0,0,0,0,1,0,1,0,1,0,0,0,0,0,0,0,0,0,0,0,1,0.32094845,False
95912,38.982373,-122.047751,58,20.5,1191.4,0,0,1,1,1,0,0,0,1,1,0,1,0,1,0,1,0,1,0,1,0,0,1,0,1,0,0,0.1309193,False
95916,39.657228,-121.37778,52,50.2,2554.0,1,0,1,1,0,1,0,0,0,0,0,0,1,0,1,0,1,0,1,0,0,0,1,0,0,0,1,0.17618704,False
95917,39.457388,-121.818201,70,79.6,5589.45,0,0,0,0,1,0,0,0,0,0,1,0,0,0,1,0,1,0,1,0,1,0,1,0,0,0,0,0.176289,False
95918,39.292334,-121.320597,19,24.9,467.7,0,0,1,1,1,0,1,0,1,1,0,1,0,1,0,1,0,1,0,1,0,0,1,1,0,0,0,0.1357506,False
95920,39.449794,-121.936372,35,106.9,3756.45,0,0,1,1,1,0,0,1,0,0,1,0,0,0,1,0,1,0,1,0,1,0,0,1,0,1,0,0.3737115,False
95922,39.432127,-121.099287,32,101.35,3334.9,0,0,0,0,1,0,1,1,0,0,0,0,0,0,1,0,0,0,1,0,1,0,0,1,0,1,0,0.7530255,True
95923,40.171312,-121.120605,17,55.35,920.5,0,0,1,1,1,0,0,0,0,0,1,0,0,0,0,0,1,0,0,0,0,0,0,1,1,0,0,0.2538582,False
95925,39.461768,-121.195825,67,50.55,3431.75,0,0,1,1,1,0,0,0,0,0,0,0,1,0,0,0,0,0,0,0,0,1,0,0,1,0,0,0.1916248,False
95926,39.745712,-121.84333,9,19.5,150.35,0,0,0,0,1,0,0,0,1,1,0,1,0,1,0,1,0,1,0,1,0,0,0,0,0,0,0,0.3055883,False
95930,39.562239,-121.14836,4,90.65,367.95,1,0,0,0,1,0,1,1,0,0,1,0,0,0,0,0,0,0,1,0,0,0,0,0,0,1,0,0.70487356,True
95932,39.273096,-122.050763,58,89.85,5125.75,1,1,1,1,1,0,1,1,0,0,1,0,1,0,0,0,1,0,0,0,0,1,0,1,0,0,0,0.20555952,False
95934,40.080342,-120.957805,60,79.0,4801.1,1,0,0,0,1,0,0,0,0,0,1,0,0,0,1,0,1,0,1,0,1,1,0,0,0,0,1,0.29059762,False
95936,39.578792,-120.780786,1,19.55,19.55,1,0,0,0,1,0,0,0,1,1,0,1,0,1,0,1,0,1,0,1,0,0,0,0,0,0,1,0.5443326,False
95937,38.931425,-121.946081,27,19.9,550.1,0,0,1,1,1,0,0,0,1,1,0,1,0,1,0,1,0,1,0,1,0,0,1,0,0,0,1,0.13386415,False
95938,39.607831,-121.777959,66,116.25,7862.25,1,1,1,1,1,0,1,1,0,0,1,0,1,0,1,0,1,0,1,0,1,1,0,1,0,1,0,0.24286175,False
95939,39.53222,-122.594879,15,87.75,1242.2,1,0,0,0,1,0,1,1,0,0,1,0,0,0,0,0,0,0,1,0,0,0,0,1,0,0,0,0.6859931,False
95942,40.077028,-121.494168,41,81.3,3190.65,0,0,0,0,1,0,1,1,0,0,1,0,0,0,0,0,0,0,0,0,0,0,0,1,1,0,0,0.55973655,False
95943,39.597975,-122.032248,59,44.3,2666.75,1,0,1,0,0,1,0,0,0,0,0,0,0,0,0,0,0,0,1,0,1,0,0,1,0,1,0,0.6014046,False
95944,39.564113,-120.868836,50,70.35,3533.6,0,0,0,1,1,0,0,1,0,0,0,0,0,0,0,0,0,0,0,0,0,0,1,0,1,0,0,0.22789072,False
95945,39.194539,-120.988066,17,44.45,792.15,1,0,1,1,0,1,0,0,0,0,1,0,0,0,1,0,0,0,1,0,0,1,0,0,1,0,0,0.2446357,False
95946,39.203817,-121.19584,6,49.15,295.65,1,0,1,1,1,0,0,0,0,0,1,0,0,0,0,0,0,0,0,0,0,0,0,1,0,1,0,0.46230212,False
95947,40.160386,-120.835428,51,29.45,1459.35,1,1,1,0,0,1,0,0,0,0,0,0,1,0,0,0,0,0,0,0,0,0,0,1,1,0,0,0.48905444,False
95949,39.099204,-121.137962,49,85.3,4297.95,1,0,1,0,1,0,0,1,0,0,0,0,1,0,0,0,0,0,1,0,0,0,0,1,1,0,0,0.59012675,False
95951,39.732767,-122.042298,59,69.1,4096.9,1,0,1,0,1,0,1,0,0,0,1,0,0,0,0,0,1,0,0,0,1,1,0,1,0,0,1,0.25353304,False
95953,39.258746,-121.77697,50,70.35,3454.6,1,1,0,0,1,0,1,0,0,0,1,0,1,0,0,0,0,0,1,0,0,0,0,1,0,0,0,0.36021817,False
95954,39.933852,-121.584371,59,20.6,1286.0,0,0,1,1,1,0,0,0,1,1,0,1,0,1,0,1,0,1,0,1,0,0,1,0,0,0,1,0.13386415,False
95955,39.281194,-122.226568,18,74.15,1387.0,1,0,0,0,1,0,1,1,0,0,0,0,0,0,0,0,0,0,0,0,0,0,0,0,0,0,1,0.5920724,False
95956,39.937017,-121.058043,10,75.05,786.3,1,0,0,0,1,0,1,1,0,0,0,0,0,0,0,0,0,0,0,0,0,0,0,0,0,1,0,0.7613835,True
95957,39.068071,-121.832638,14,44.6,641.25,1,0,1,0,1,0,0,0,0,0,0,0,0,0,0,0,0,0,0,0,0,1,0,0,0,1,0,0.40332758,False
95959,39.333737,-120.858667,35,21.45,705.45,1,0,0,0,1,0,0,0,1,1,0,1,0,1,0,1,0,1,0,1,0,0,1,0,0,0,0,0.1522232,False
95960,39.423046,-120.984472,8,43.45,345.5,1,0,1,1,1,0,0,0,0,0,0,0,0,0,0,0,0,0,0,0,0,1,0,1,0,0,1,0.27173525,False
95961,39.082568,-121.55325,18,20.05,345.9,1,0,1,1,1,0,0,0,1,1,0,1,0,1,0,1,0,1,0,1,0,1,0,0,0,0,0,0.16281214,False
95962,39.342587,-121.249833,60,94.15,5811.8,0,0,1,1,1,0,1,1,0,0,1,0,1,0,0,0,0,0,1,0,0,1,0,0,0,0,0,0.22737476,False
95965,39.624561,-121.552866,6,19.55,124.45,0,0,0,0,1,0,0,0,1,1,0,1,0,1,0,1,0,1,0,1,0,0,1,0,0,0,1,0.17352821,False
95966,39.473896,-121.415927,19,75.9,1375.6,0,0,0,1,1,0,1,0,0,0,1,0,1,0,0,0,1,0,1,0,0,0,0,1,0,0,1,0.30488032,False
95968,39.435756,-121.552071,53,64.15,3491.55,1,0,1,1,1,0,1,0,0,0,1,0,1,0,0,0,1,0,0,0,0,1,0,0,0,0,0,0.15425052,False
95969,39.69676,-121.644379,72,109.55,7920.7,1,1,1,0,1,0,1,1,0,0,1,0,1,0,1,0,0,0,1,0,1,0,1,1,0,0,0,0.23788303,False
95970,39.424957,-122.039307,60,110.8,6640.7,0,0,1,0,1,0,1,1,0,0,0,0,1,0,1,0,1,0,1,0,1,0,1,1,1,0,0,0.32240146,False
95973,39.903272,-121.843567,13,53.45,718.1,0,0,0,1,1,0,0,0,0,0,0,0,0,0,1,0,1,0,0,0,0,0,0,0,0,0,1,0.30801433,False
95974,39.495768,-121.747472,5,69.95,320.4,0,0,1,1,1,0,0,1,0,0,0,0,0,0,0,0,0,0,0,0,0,0,0,0,1,0,0,0.54352313,False
95977,39.176595,-121.291692,13,97.0,1334.45,1,0,1,1,1,0,0,1,0,0,0,0,0,0,1,0,0,0,1,0,1,0,0,0,0,1,0,0.54112333,False
95978,39.904002,-121.527823,37,90.6,3358.65,1,0,0,0,1,0,1,0,0,0,1,0,1,0,1,0,1,0,1,0,1,1,0,1,0,0,0,0.34532532,False
95979,39.288127,-122.415841,64,73.55,4764.0,1,0,1,0,1,0,0,1,0,0,1,0,0,0,0,0,0,0,0,0,0,0,0,1,0,0,1,0.46955314,False
95982,39.172777,-121.805845,61,94.35,5703.0,0,0,1,0,1,0,1,1,0,0,0,0,1,0,0,0,1,0,0,0,1,0,1,1,0,0,0,0.22312696,False
95986,39.34128,-120.786867,26,19.4,525.55,1,0,0,0,1,0,0,0,1,1,0,1,0,1,0,1,0,1,0,1,0,1,0,0,0,0,1,0.18582813,False
95988,39.493991,-122.286363,24,19.75,483.15,1,0,1,0,1,0,0,0,1,1,0,1,0,1,0,1,0,1,0,1,0,0,1,0,0,0,1,0.15556149,False
95991,39.02741,-121.614982,17,54.6,934.8,1,0,1,0,0,1,0,0,0,0,0,0,0,0,1,0,1,0,1,0,1,1,0,0,0,1,0,0.417852,False
95993,39.075694,-121.70606,26,29.8,786.5,0,0,0,1,0,1,0,0,0,0,0,0,0,0,1,0,0,0,0,0,0,0,0,1,0,0,1,0.3697706,False
96003,40.677649,-122.29467,52,103.05,5364.8,1,0,0,0,1,0,1,1,0,0,0,0,1,0,1,0,0,0,1,0,1,0,0,1,0,1,0,0.7457222,True
96007,40.448632,-122.306657,1,20.3,20.3,1,0,0,0,1,0,0,0,1,1,0,1,0,1,0,1,0,1,0,1,0,0,0,0,0,0,1,0.514228,False
96008,40.722733,-122.109666,21,35.1,770.4,0,0,0,0,0,1,0,0,0,0,1,0,0,0,0,0,1,0,0,0,0,0,1,0,0,0,1,0.20793644,False
96009,41.083464,-121.107929,67,105.7,6816.95,0,0,1,0,1,0,1,1,0,0,0,0,1,0,1,0,0,0,1,0,1,1,0,1,0,0,0,0.54153866,False
96010,40.775272,-123.287414,44,56.25,2419.55,0,0,1,1,1,0,0,0,0,0,1,0,0,0,0,0,1,0,0,0,0,0,0,0,0,0,0,0.22281797,False
96011,41.096569,-121.879082,70,60.35,4138.7,1,0,1,1,0,1,0,0,0,0,0,0,1,0,1,0,1,0,1,0,1,1,0,0,0,1,0,0.19020769,False
96014,41.388397,-122.794636,56,59.8,3457.45,1,0,1,1,1,0,0,0,0,0,1,0,1,0,1,0,0,0,0,0,0,0,1,1,0,0,0,0.16174226,False
96020,40.243494,-121.154733,46,99.65,4630.2,0,0,1,1,1,0,1,1,0,0,1,0,0,0,1,0,1,0,0,0,1,0,1,0,0,0,1,0.1795712,False
96021,39.913777,-122.289984,63,50.65,3221.25,0,0,1,1,1,0,0,0,0,0,1,0,0,0,0,0,0,0,0,0,0,0,1,1,0,0,0,0.1753619,False
96022,40.336392,-122.448533,11,60.9,688.5,1,0,0,0,1,0,0,0,0,0,0,0,1,0,1,0,1,0,0,0,0,0,0,1,0,1,0,0.49245527,False
96023,41.949216,-122.050062,15,59.65,867.1,1,0,1,1,1,0,1,0,0,0,0,0,0,0,1,0,1,0,0,0,0,0,0,1,0,0,0,0.317958,False
96024,40.586588,-122.903677,72,64.7,4746.05,1,0,1,0,0,1,0,0,0,0,1,0,1,0,1,0,1,0,1,0,1,0,1,1,0,1,0,0.21998687,False
96028,41.017282,-121.468945,6,54.85,355.1,0,0,1,1,1,0,0,0,0,0,0,0,0,0,0,0,0,0,1,0,0,0,0,0,0,1,0,0.43757683,False
96031,41.232128,-123.194748,63,91.35,5764.7,1,0,1,1,1,0,1,1,0,0,0,0,1,0,0,0,0,0,0,0,1,1,0,1,0,1,0,0.32284555,False
96033,40.740138,-122.587476,18,25.1,428.45,0,0,1,1,1,0,1,0,1,1,0,1,0,1,0,1,0,1,0,1,0,0,1,0,0,0,1,0.14899851,False
96034,41.411315,-122.697236,43,34.0,1505.35,0,0,1,0,0,1,0,0,0,0,1,0,0,0,0,0,1,0,0,0,0,0,0,0,0,0,0,0.3351106,False
96035,40.03194,-122.176023,15,45.9,693.45,0,0,0,0,0,1,0,0,0,0,1,0,1,0,1,0,1,0,0,0,0,1,0,0,0,0,1,0.2840849,False
96038,41.599978,-122.539381,55,20.5,1177.95,1,0,1,1,1,0,0,0,1,1,0,1,0,1,0,1,0,1,0,1,0,0,1,0,0,0,1,0.14462027,False
96041,40.547857,-123.187265,70,20.35,1458.1,1,0,1,1,1,0,0,0,1,1,0,1,0,1,0,1,0,1,0,1,0,0,1,0,1,0,0,0.1309193,False
96046,40.648024,-123.465088,63,36.1,2298.9,1,1,1,0,0,1,0,0,0,0,1,0,0,0,0,0,1,0,0,0,0,1,0,0,0,0,0,0.23808892,False
96047,40.524535,-122.647172,25,65.8,1679.65,0,0,0,0,1,0,0,0,0,0,0,0,1,0,0,0,1,0,0,0,1,0,0,1,0,0,0,0.40880865,False
96048,40.913192,-123.06597,18,20.35,369.6,0,1,0,0,1,0,0,0,1,1,0,1,0,1,0,1,0,1,0,1,0,1,0,0,0,0,0,0.1922436,False
96050,41.816595,-122.948287,28,105.8,2998.0,1,1,1,0,1,0,1,1,0,0,0,0,1,0,0,0,1,0,1,0,1,0,0,1,0,1,0,0.74438304,True
96051,40.883853,-122.418258,53,96.75,5206.55,0,1,0,0,1,0,0,1,0,0,1,0,1,0,0,0,1,0,0,0,1,1,0,1,0,0,1,0.43409613,False
96054,41.280478,-121.160249,1,24.4,24.4,1,0,0,0,0,1,0,0,0,0,0,0,0,0,0,0,0,0,0,0,0,0,0,0,0,0,1,0.65364283,False
96057,41.251322,-122.105209,26,73.05,1959.5,0,0,1,0,1,0,0,0,0,0,0,0,1,0,0,0,1,0,1,0,1,0,0,1,0,1,0,0.4430833,False
96058,41.769709,-121.92063,34,64.35,2053.05,0,0,0,0,1,0,0,0,0,0,1,0,1,0,0,0,0,0,0,0,1,1,0,0,0,1,0,0.30516914,False
96059,40.426679,-121.850421,19,20.5,398.55,0,0,0,1,1,0,0,0,1,1,0,1,0,1,0,1,0,1,0,1,0,0,1,0,0,0,1,0.1416811,False
96062,40.531257,-122.148139,62,54.75,3425.35,0,0,1,1,1,0,0,0,0,0,1,0,0,0,1,0,0,0,0,0,0,1,0,0,1,0,0,0.17477922,False
96065,40.877552,-121.885884,24,51.15,1275.7,1,0,0,0,1,0,0,0,0,0,1,0,0,0,0,0,0,0,0,0,0,0,0,1,0,1,0,0.4069946,False
96067,41.33832,-122.290756,68,41.95,2965.75,1,1,1,0,0,1,0,0,0,0,1,0,1,0,1,0,0,0,0,0,0,0,1,1,0,1,0,0.3080423,False
96068,41.082472,-121.195215,31,54.35,1647.0,1,0,1,1,1,0,0,0,0,0,0,0,0,0,1,0,1,0,0,0,0,0,0,0,0,0,1,0.2414293,False
96073,40.582399,-122.195512,63,96.0,6109.75,0,0,1,0,1,0,0,1,0,0,0,0,1,0,0,0,0,0,1,0,1,1,0,1,0,1,0,0.5402842,False
96075,40.343213,-121.815412,61,61.45,3751.15,0,0,1,1,0,1,0,0,0,0,0,0,1,0,1,0,1,0,1,0,1,0,1,1,0,0,0,0.14472859,False
96080,40.186772,-122.388361,18,19.65,411.25,1,0,0,0,1,0,0,0,1,1,0,1,0,1,0,1,0,1,0,1,0,1,0,0,0,0,1,0.19033037,False
96084,40.923558,-122.059933,6,19.0,105.5,0,0,1,1,1,0,0,0,1,1,0,1,0,1,0,1,0,1,0,1,0,1,0,0,1,0,0,0.21455567,False
96085,41.737962,-123.07557,33,100.0,3320.6,0,0,0,0,1,0,1,1,0,0,0,0,1,0,0,0,0,0,1,0,1,0,0,1,0,1,0,0.74805176,True
96087,40.617614,-122.512861,56,98.7,5669.5,0,0,1,0,1,0,0,1,0,0,0,0,0,0,1,0,1,0,1,0,1,0,0,1,0,1,0,0.6354178,False
96088,40.497441,-121.827524,23,19.8,465.45,1,0,0,1,1,0,0,0,1,1,0,1,0,1,0,1,0,1,0,1,0,1,0,0,0,0,1,0.15654421,False
96090,40.021787,-122.127576,9,73.8,704.3,1,0,0,0,1,0,0,1,0,0,0,0,0,0,1,0,0,0,0,0,0,0,0,1,0,1,0,0.79643375,True
96093,40.759401,-122.939337,5,20.05,95.55,1,0,0,0,1,0,0,0,1,1,0,1,0,1,0,1,0,1,0,1,0,0,0,0,1,0,0,0.3398349,False
96094,41.465121,-122.380947,61,106.2,6375.2,1,0,1,0,1,0,1,1,0,0,1,0,1,0,0,0,0,0,1,0,1,0,0,1,0,1,0,0.5864194,False
96096,40.637105,-121.906949,70,116.55,8152.3,1,0,1,1,1,0,1,1,0,0,1,0,1,0,1,0,1,0,1,0,1,0,1,1,1,0,0,0.19572422,False
96097,41.764869,-122.671316,15,99.7,1566.75,1,0,0,0,1,0,1,1,0,0,1,0,0,0,0,0,0,0,1,0,1,0,0,1,0,1,0,0.7332495,True
96101,41.468877,-120.54229,8,19.7,130.25,1,0,1,1,1,0,0,0,1,1,0,1,0,1,0,1,0,1,0,1,0,0,1,0,0,0,1,0.17181295,False
96103,39.783747,-120.661032,8,19.5,162.15,0,0,1,1,1,0,0,0,1,1,0,1,0,1,0,1,0,1,0,1,0,0,1,0,0,0,1,0.16033222,False
96104,41.505916,-120.152505,4,29.15,110.05,0,0,0,0,0,1,0,0,0,0,1,0,0,0,0,0,0,0,0,0,0,0,0,1,0,0,1,0.53539336,False
96105,39.872961,-120.198876,34,55.0,1885.15,0,0,0,0,1,0,0,0,0,0,1,0,1,0,0,0,0,0,0,0,0,1,0,0,0,0,1,0.2251136,False
96106,39.745805,-120.580882,68,90.8,6302.85,1,0,1,0,1,0,1,0,0,0,1,0,1,0,1,0,1,0,1,0,1,0,1,1,1,0,0,0.15931758,False
96107,38.42528,-119.475741,45,51.0,2264.5,0,0,1,1,0,1,0,0,0,0,0,0,1,0,1,0,1,0,0,0,1,1,0,0,0,0,0,0.21323381,False
96108,41.750354,-120.403885,9,90.1,816.8,0,1,0,0,1,0,1,1,0,0,0,0,0,0,1,0,0,0,1,0,0,0,0,1,0,1,0,0.8226989,True
96109,40.012675,-120.101857,22,59.05,1253.5,0,0,0,0,1,0,1,0,0,0,1,0,0,0,0,0,1,0,0,0,0,0,0,1,0,0,1,0.41511455,False
96110,41.280341,-120.150381,2,20.3,41.2,0,0,0,0,1,0,0,0,1,1,0,1,0,1,0,1,0,1,0,1,0,0,0,0,0,0,1,0.3882325,False
96112,41.932207,-120.135941,70,72.95,5265.55,1,0,1,0,1,0,1,0,0,0,0,0,1,0,1,0,1,0,1,0,0,0,1,0,0,0,0,0.32197806,False
96113,40.198234,-120.18089,10,73.55,693.3,0,0,0,1,1,0,1,0,0,0,1,0,0,0,1,0,1,0,0,0,1,1,0,0,1,0,0,0.29954526,False
96114,40.294034,-120.512622,72,84.3,5997.1,1,0,0,0,1,0,1,0,0,0,1,0,0,0,1,0,1,0,1,0,1,0,1,0,1,0,0,0.16542907,False
96115,41.729079,-120.225025,49,78.0,3824.2,0,0,1,1,1,0,0,0,0,0,0,0,1,0,1,0,0,0,1,0,1,1,0,0,1,0,0,0.22898363,False
96116,41.266008,-120.490731,54,72.1,3886.05,0,1,0,0,1,0,1,0,0,0,0,0,1,0,0,0,1,0,1,0,0,1,0,0,0,0,1,0.27621073,False
96117,40.507272,-120.338228,71,106.75,7283.25,0,0,0,0,1,0,1,1,0,0,1,0,1,0,1,0,0,0,1,0,1,0,1,1,1,0,0,0.36452147,False
96118,39.637471,-120.226338,22,19.25,412.55,0,0,0,0,1,0,0,0,1,1,0,1,0,1,0,1,0,1,0,1,0,1,0,1,0,0,1,0.19549501,False
96119,41.042003,-120.506086,50,20.55,1070.25,0,0,1,1,1,0,0,0,1,1,0,1,0,1,0,1,0,1,0,1,0,0,1,0,1,0,0,0.13852878,False
96120,38.735789,-119.85798,43,20.0,817.95,0,0,1,1,1,0,0,0,1,1,0,1,0,1,0,1,0,1,0,1,0,1,0,0,0,0,1,0.16749811,False
96121,40.181279,-120.392967,45,24.65,1171.3,0,0,1,1,1,0,1,0,1,1,0,1,0,1,0,1,0,1,0,1,0,0,1,1,1,0,0,0.13852878,False
96122,39.786755,-120.445626,64,103.5,6548.65,1,1,0,0,1,0,1,1,0,0,1,0,1,0,0,0,0,0,1,0,1,0,0,1,0,0,0,0.5149213,False
96123,40.845738,-120.322219,23,23.85,625.65,0,0,1,1,1,0,1,0,1,1,0,1,0,1,0,1,0,1,0,1,0,0,1,0,0,0,1,0.14161693,False
96124,39.672813,-120.456699,68,25.8,1911.5,0,0,1,0,1,0,1,0,1,1,0,1,0,1,0,1,0,1,0,1,0,0,1,0,1,0,0,0.15146886,False
96128,40.346634,-120.386422,26,59.45,1507.0,1,0,0,0,1,0,0,0,0,0,0,0,0,0,0,0,1,0,1,0,0,1,0,0,1,0,0,0.2888416,False
96132,41.027281,-120.669427,14,20.05,299.3,1,0,0,0,1,0,0,0,1,1,0,1,0,1,0,1,0,1,0,1,0,0,0,1,0,1,0,0.34630248,False
96133,38.636052,-119.489162,71,82.55,5832.65,1,0,1,0,1,0,0,0,0,0,1,0,0,0,1,0,1,0,1,0,1,0,1,1,0,1,0,0.19980793,False
96134,41.813521,-121.492666,64,81.25,5567.55,1,0,0,0,1,0,1,0,0,0,1,0,1,0,1,0,1,0,1,0,0,1,0,0,0,1,0,0.3146567,False
96137,40.271535,-121.018087,57,74.3,4166.35,0,0,0,0,1,0,0,0,0,0,1,0,1,0,1,0,1,0,1,0,0,0,1,1,1,0,0,0.176289,False
96142,39.061227,-120.179546,72,109.7,7898.45,1,1,1,0,1,0,1,1,0,0,0,0,1,0,1,0,1,0,1,0,1,0,1,0,1,0,0,0.3145946,False
96143,39.246654,-120.029273,40,96.35,3915.4,0,0,1,1,1,0,1,1,0,0,0,0,1,0,1,0,0,0,1,0,0,0,0,1,1,0,0,0.42039067,False
96145,39.178337,-120.162806,14,66.6,979.5,1,0,1,0,1,0,1,0,0,0,0,0,0,0,0,0,1,0,1,0,0,0,0,1,1,0,0,0.49169534,False
96146,39.191797,-120.212401,2,44.5,90.05,1,0,1,1,1,0,0,0,0,0,0,0,0,0,0,0,0,0,0,0,0,0,0,1,0,1,0,0.6442041,False
90003,33.964131,-118.272783,5,80.1,398.55,1,0,0,0,1,0,0,1,0,0,0,0,0,0,0,0,0,0,1,0,0,0,0,1,0,0,1,0.78088814,True
90004,34.076259,-118.310715,29,69.05,1958.45,1,0,1,1,1,0,1,0,0,0,1,0,0,0,0,0,1,0,1,0,0,1,0,0,0,0,0,0.2265569,False
90006,34.048013,-118.293953,3,20.4,63.15,0,0,0,0,1,0,0,0,1,1,0,1,0,1,0,1,0,1,0,1,0,0,0,0,0,0,1,0.42822796,False
90007,34.027337,-118.28515,71,19.7,1301.1,1,0,1,1,1,0,0,0,1,1,0,1,0,1,0,1,0,1,0,1,0,0,1,0,1,0,0,0.14012383,False
90008,34.008293,-118.346766,9,50.1,484.05,1,0,0,1,1,0,0,0,0,0,0,0,1,0,0,0,0,0,0,0,0,0,0,1,0,1,0,0.4273784,False
90011,34.00709,-118.258681,48,83.45,3887.85,0,0,0,0,1,0,1,0,0,0,1,0,1,0,1,0,0,0,1,0,1,1,0,1,1,0,0,0.26664725,False
90012,34.065875,-118.238728,26,86.65,2208.75,1,0,0,0,1,0,1,1,0,0,1,0,1,0,0,0,0,0,0,0,0,0,0,1,1,0,0,0.5858843,False
90013,34.044639,-118.240413,9,20.15,238.15,0,0,0,0,1,0,0,0,1,1,0,1,0,1,0,1,0,1,0,1,0,0,0,0,0,0,0,0.34288362,False
90015,34.039224,-118.266293,46,19.4,958.15,0,0,1,1,1,0,0,0,1,1,0,1,0,1,0,1,0,1,0,1,0,0,1,0,1,0,0,0.1309193,False
90018,34.028735,-118.317236,64,60.05,3845.45,1,0,1,1,0,1,0,0,0,0,1,0,0,0,1,0,1,0,1,0,1,0,1,1,0,0,0,0.14413002,False
90021,34.029043,-118.239504,59,20.35,1267.0,0,0,1,0,1,0,0,0,1,1,0,1,0,1,0,1,0,1,0,1,0,1,0,0,0,0,1,0.19417638,False
90022,34.02381,-118.156582,7,94.05,633.45,0,0,0,0,1,0,0,1,0,0,0,0,1,0,0,0,0,0,1,0,1,1,0,1,0,0,1,0.5273375,False
90023,34.017697,-118.200577,72,84.1,6129.65,0,1,1,0,1,0,1,0,0,0,1,0,1,0,1,0,0,0,1,0,1,0,1,1,1,0,0,0.1618856,False
90024,34.066303,-118.435479,16,78.75,1218.25,1,1,0,0,1,0,0,1,0,0,0,0,0,0,0,0,0,0,0,0,1,0,0,1,0,1,0,0.7073796,True
90025,34.046174,-118.446333,25,55.55,1405.3,1,0,1,0,1,0,1,0,0,0,0,0,0,0,1,0,0,0,0,0,0,0,0,0,1,0,0,0.40695938,False
90029,34.089953,-118.294824,24,20.1,533.9,1,0,1,0,1,0,0,0,1,1,0,1,0,1,0,1,0,1,0,1,0,1,0,0,0,0,1,0.18582813,False
90031,34.085807,-118.206617,10,70.3,676.15,0,0,1,1,1,0,1,0,0,0,1,0,1,0,0,0,0,0,1,0,0,1,0,0,0,1,0,0.30391926,False
90032,34.078821,-118.177576,69,53.65,3804.4,1,0,1,0,1,0,0,0,0,0,1,0,1,0,0,0,0,0,0,0,0,1,0,1,1,0,0,0.22236224,False
90033,34.050198,-118.210946,57,20.75,1118.8,1,0,0,0,1,0,0,0,1,1,0,1,0,1,0,1,0,1,0,1,0,0,1,0,0,0,1,0.15556149,False
90034,34.030578,-118.399613,50,103.4,5236.4,1,0,1,1,1,0,0,1,0,0,0,0,1,0,1,0,1,0,1,0,1,1,0,1,0,0,0,0.263473,False
90035,34.051809,-118.383843,28,50.8,1386.8,1,0,1,1,0,1,0,0,0,0,1,0,0,0,1,0,1,0,1,0,0,1,0,0,0,0,1,0.18531244,False
90037,34.002642,-118.287596,25,79.0,1902.0,1,0,0,0,1,0,0,0,0,0,1,0,1,0,0,0,1,0,1,0,1,0,0,1,0,0,1,0.36148244,False
90038,34.088017,-118.327168,3,74.6,239.05,0,1,1,0,1,0,0,1,0,0,0,0,1,0,0,0,0,0,0,0,0,0,0,1,0,0,0,0.7611032,True
90039,34.110845,-118.259595,61,96.5,5673.7,1,0,1,0,1,0,1,1,0,0,0,0,0,0,0,0,0,0,1,0,1,1,0,1,0,0,0,0.43604574,False
90040,33.994524,-118.149953,2,20.1,39.8,0,0,0,0,1,0,0,0,1,1,0,1,0,1,0,1,0,1,0,1,0,0,0,0,0,0,1,0.41023755,False
90041,34.137412,-118.207607,51,19.4,997.75,1,0,1,1,1,0,0,0,1,1,0,1,0,1,0,1,0,1,0,1,0,1,0,0,0,0,1,0.15859027,False
90042,34.11572,-118.192754,71,77.55,5574.35,0,0,1,1,1,0,0,0,0,0,1,0,0,0,1,0,0,0,1,0,1,0,1,0,1,0,0,0.14458048,False
90043,33.988543,-118.334081,20,20.05,406.05,0,0,1,1,1,0,0,0,1,1,0,1,0,1,0,1,0,1,0,1,0,0,0,0,0,0,1,0.27035713,False
90044,33.952714,-118.292061,6,19.85,138.85,1,0,1,1,1,0,0,0,1,1,0,1,0,1,0,1,0,1,0,1,0,0,0,0,1,0,0,0.32701907,False
90045,33.954017,-118.402447,6,20.2,123.65,0,0,0,0,1,0,0,0,1,1,0,1,0,1,0,1,0,1,0,1,0,0,0,0,0,0,1,0.3672193,False
90046,34.108455,-118.362081,29,67.45,1801.1,0,0,0,0,1,0,1,0,0,0,1,0,1,0,0,0,1,0,0,0,0,0,0,0,0,0,1,0.30694434,False
90047,33.958149,-118.308441,36,18.55,689.0,1,0,0,0,1,0,0,0,1,1,0,1,0,1,0,1,0,1,0,1,0,0,1,1,1,0,0,0.1522232,False
90048,34.072945,-118.37267,28,29.75,790.7,0,0,0,0,0,1,0,0,0,0,0,0,0,0,1,0,0,0,0,0,0,0,0,1,0,0,1,0.5362157,False
90056,33.987945,-118.370442,63,24.2,1618.2,0,0,0,0,1,0,1,0,1,1,0,1,0,1,0,1,0,1,0,1,0,0,1,0,0,0,1,0.15479362,False
90057,34.061918,-118.277939,48,23.55,1173.35,1,0,1,1,1,0,1,0,1,1,0,1,0,1,0,1,0,1,0,1,0,0,1,0,0,0,1,0.13386415,False
90058,34.001617,-118.222274,49,20.45,900.9,0,0,1,0,1,0,0,0,1,1,0,1,0,1,0,1,0,1,0,1,0,1,0,0,0,0,0,0.1819803,False
90061,33.92128,-118.274186,72,92.3,6719.9,1,0,1,0,1,0,1,0,0,0,1,0,1,0,1,0,1,0,1,0,1,0,1,0,1,0,0,0.14450765,False
90063,34.044271,-118.185237,72,53.65,3784.0,0,0,1,1,0,1,0,0,0,0,0,0,1,0,0,0,1,0,1,0,1,0,1,0,1,0,0,0.15807422,False
90064,34.037251,-118.423573,47,39.65,1798.65,0,0,0,0,0,1,0,0,0,0,1,0,1,0,0,0,1,0,0,0,0,1,0,0,1,0,0,0.23946694,False
90065,34.108833,-118.229715,1,54.65,54.65,0,0,0,0,1,0,0,0,0,0,0,0,0,0,0,0,0,0,1,0,0,0,0,1,0,1,0,0.75648046,True
90066,34.002028,-118.430656,36,104.8,3886.45,0,0,0,0,1,0,1,1,0,0,0,0,1,0,1,0,0,0,1,0,1,1,0,1,0,0,0,0.4413473,False
90067,34.057496,-118.413959,43,29.3,1224.05,1,0,1,1,0,1,0,0,0,0,0,0,1,0,0,0,0,0,0,0,0,0,0,0,1,0,0,0.38888577,False
90068,34.137411,-118.328915,27,83.85,2310.2,0,1,1,0,1,0,1,0,0,0,0,0,1,0,1,0,1,0,1,0,1,0,0,0,0,1,0,0.4085183,False
90071,34.052917,-118.255178,38,103.65,3988.5,0,0,0,0,1,0,1,1,0,0,0,0,0,0,1,0,1,0,1,0,1,0,0,1,0,1,0,0.6920759,False
90077,34.102084,-118.451629,35,99.05,3554.6,0,1,0,0,1,0,1,1,0,0,1,0,0,0,0,0,0,0,1,0,1,0,0,1,0,1,0,0.7136042,True
90201,33.970343,-118.171368,0,73.35,1397.475,0,0,1,1,1,0,1,0,0,0,0,0,1,0,1,0,1,0,1,0,0,0,1,0,0,0,1,0.19336598,False
90210,34.099891,-118.414338,59,100.05,6034.85,0,0,1,0,1,0,0,1,0,0,0,0,1,0,0,0,1,0,1,0,1,0,1,1,0,0,1,0.2555642,False
90211,34.063947,-118.383001,27,20.35,531.6,1,0,0,0,1,0,0,0,1,1,0,1,0,1,0,1,0,1,0,1,0,0,1,0,1,0,0,0.1522232,False
90212,34.062095,-118.401508,2,43.95,85.1,0,1,0,0,1,0,0,0,0,0,0,0,0,0,0,0,0,0,0,0,0,0,0,0,0,1,0,0.7249972,True
90220,33.88151,-118.234451,7,23.5,173.0,1,0,0,0,1,0,1,0,1,1,0,1,0,1,0,1,0,1,0,1,0,0,0,0,0,0,1,0.38060078,False
90221,33.885811,-118.206459,36,70.7,2511.95,0,0,0,0,1,0,1,0,0,0,0,0,1,0,0,0,1,0,0,0,1,1,0,1,0,0,1,0.32852244,False
90222,33.912246,-118.236773,41,94.3,3893.6,0,0,1,1,1,0,1,1,0,0,1,0,1,0,0,0,0,0,1,0,0,0,0,1,0,0,0,0.44055936,False
90230,33.993991,-118.39704,13,29.15,357.15,0,0,0,0,0,1,0,0,0,0,0,0,1,0,0,0,0,0,0,0,0,0,0,0,0,1,0,0.5317512,False
90232,34.019323,-118.391902,19,20.85,467.5,1,0,0,1,1,0,0,0,1,1,0,1,0,1,0,1,0,1,0,1,0,0,1,0,1,0,0,0.1507526,False
90240,33.956228,-118.120993,60,37.7,2288.7,0,0,1,0,0,1,0,0,0,0,1,0,1,0,0,0,1,0,0,0,0,0,1,0,0,0,0,0.19093165,False
90245,33.917145,-118.401554,69,92.45,6460.55,1,0,1,0,1,0,1,1,0,0,0,0,1,0,0,0,1,0,1,0,0,0,1,1,0,0,1,0.21330582,False
90247,33.890853,-118.297967,43,44.15,1931.3,1,0,0,0,0,1,0,0,0,0,0,0,0,0,1,0,1,0,0,0,1,1,0,0,0,1,0,0.3422833,False
90248,33.876482,-118.284077,11,36.05,402.6,0,0,0,1,0,1,0,0,0,0,1,0,0,0,0,0,1,0,0,0,0,1,0,1,0,0,1,0.2973981,False
90249,33.90139,-118.315697,45,50.25,2221.55,0,0,1,0,1,0,0,0,0,0,0,0,0,0,1,0,0,0,0,0,0,0,0,1,1,0,0,0.413802,False
90250,33.914775,-118.348083,72,109.75,7758.9,1,0,1,0,1,0,1,1,0,0,0,0,1,0,1,0,1,0,1,0,1,0,1,1,1,0,0,0.22934856,False
90255,33.97803,-118.217141,12,20.3,224.5,0,0,1,1,1,0,0,0,1,1,0,1,0,1,0,1,0,1,0,1,0,0,1,0,0,0,0,0.1900261,False
90260,33.88856,-118.351813,67,112.35,7388.45,0,0,1,1,1,0,1,1,0,0,0,0,1,0,1,0,1,0,1,0,1,1,0,1,1,0,0,0.21640636,False
90262,33.923573,-118.200669,37,94.3,3460.95,1,0,1,0,1,0,1,1,0,0,0,0,0,0,1,0,1,0,1,0,0,0,1,0,0,0,1,0.2743043,False
90263,34.037037,-118.705803,39,41.15,1700.9,0,0,0,0,0,1,0,0,0,0,1,0,1,0,0,0,1,0,0,0,0,1,0,0,0,0,0,0.23946694,False
90265,34.074572,-118.831181,41,74.65,3090.65,0,0,0,0,1,0,1,0,0,0,1,0,0,0,1,0,1,0,0,0,1,0,0,1,0,0,0,0.32299435,False
90266,33.889632,-118.39737,25,48.25,1293.8,0,0,0,0,0,1,0,0,0,0,0,0,0,0,1,0,0,0,1,0,1,0,0,1,0,1,0,0.5849166,False
90270,33.988572,-118.186565,8,76.15,645.8,1,0,1,1,1,0,1,0,0,0,1,0,1,0,0,0,1,0,0,0,1,0,1,1,1,0,0,0.1849973,False
90272,34.079449,-118.548306,71,71.1,5224.95,0,0,1,1,1,0,1,0,0,0,1,0,1,0,1,0,1,0,0,0,0,0,1,0,0,0,1,0.13748085,False
90274,33.788208,-118.404955,5,96.55,500.1,1,0,0,0,1,0,1,1,0,0,0,0,1,0,1,0,0,0,0,0,1,0,0,0,0,1,0,0.7697848,True
90275,33.753146,-118.367459,30,79.3,2427.1,0,0,0,0,1,0,1,0,0,0,1,0,0,0,1,0,0,0,1,0,1,1,0,1,1,0,0,0.30317125,False
90277,33.830453,-118.384565,40,89.6,3488.15,1,0,0,0,1,0,0,1,0,0,0,0,1,0,0,0,1,0,0,0,1,1,0,1,1,0,0,0.33973786,False
90278,33.873395,-118.37019,54,20.5,1035.7,0,0,0,0,1,0,0,0,1,1,0,1,0,1,0,1,0,1,0,1,0,0,1,1,0,0,1,0.15556149,False
90280,33.944624,-118.192615,72,106.3,7565.35,1,0,1,0,1,0,1,1,0,0,0,0,1,0,1,0,0,0,1,0,1,0,1,1,0,0,0,0.3087538,False
90290,34.115192,-118.61017,28,100.35,2799.0,1,0,1,1,1,0,0,1,0,0,0,0,1,0,1,0,0,0,1,0,1,1,0,0,0,0,0,0.31512383,False
90291,33.991782,-118.479229,18,85.6,1601.5,1,0,1,1,1,0,0,1,0,0,0,0,0,0,0,0,1,0,0,0,1,0,0,1,0,1,0,0.48704523,False
90293,33.947305,-118.439841,59,106.15,6256.2,0,0,1,1,1,0,1,1,0,0,0,0,1,0,1,0,0,0,1,0,1,1,0,1,0,1,0,0.32644615,False
90301,33.956445,-118.358634,22,51.1,1232.9,1,0,1,1,1,0,0,0,0,0,0,0,0,0,0,0,1,0,0,0,0,0,0,1,0,1,0,0.4009939,False
90302,33.975332,-118.355252,1,19.9,19.9,0,0,0,0,1,0,0,0,1,1,0,1,0,1,0,1,0,1,0,1,0,0,0,0,0,0,1,0.5054682,False
90303,33.936291,-118.332639,72,25.7,1937.4,0,1,1,0,1,0,1,0,1,1,0,1,0,1,0,1,0,1,0,1,0,0,1,1,1,0,0,0.14561512,False
90305,33.958134,-118.330905,50,99.4,5059.75,1,0,1,0,1,0,1,1,0,0,0,0,0,0,0,0,1,0,1,0,1,1,0,0,0,1,0,0.4871946,False
90401,34.015481,-118.493231,48,69.7,3023.65,0,0,1,1,1,0,0,0,0,0,1,0,0,0,1,0,1,0,1,0,0,1,0,0,0,0,0,0.19130807,False
90402,34.035849,-118.503508,49,98.35,4889.2,0,0,1,1,1,0,1,1,0,0,0,0,1,0,0,0,0,0,1,0,1,0,0,1,0,1,0,0.5500576,False
90403,34.031529,-118.491156,28,85.45,2289.9,1,0,1,1,1,0,0,1,0,0,0,0,0,0,1,0,0,0,1,0,0,0,0,0,0,1,0,0.48097312,False
90404,34.026334,-118.474222,68,95.9,6503.2,1,1,0,0,1,0,1,1,0,0,0,0,1,0,1,0,0,0,0,0,1,0,0,1,0,1,0,0.5244821,False
90405,34.005439,-118.477507,13,100.75,1313.25,1,0,0,0,1,0,1,1,0,0,0,0,0,0,0,0,1,0,1,0,1,0,0,0,0,1,0,0.72626805,True
90501,33.833699,-118.314387,11,89.2,990.3,0,0,0,0,1,0,1,1,0,0,0,0,0,0,1,0,0,0,1,0,0,0,0,1,0,1,0,0.7924479,True
90505,33.807882,-118.347957,72,25.75,1864.2,1,0,1,0,1,0,1,0,1,1,0,1,0,1,0,1,0,1,0,1,0,0,1,0,1,0,0,0.14561512,False
90601,34.007353,-118.033683,70,84.1,5979.7,1,0,1,1,1,0,1,0,0,0,0,0,1,0,1,0,1,0,1,0,1,0,1,1,0,1,0,0.14571743,False
90602,33.972119,-118.020188,49,79.3,3902.45,0,0,1,1,1,0,1,0,0,0,0,0,1,0,0,0,1,0,1,0,1,0,1,0,0,0,0,0.14744031,False
90603,33.945318,-117.992066,67,107.05,7142.5,0,1,1,0,1,0,1,1,0,0,1,0,0,0,1,0,0,0,1,0,1,1,0,1,1,0,0,0.38511816,False
90604,33.929704,-118.01208,46,20.05,902.0,1,0,0,0,1,0,0,0,1,1,0,1,0,1,0,1,0,1,0,1,0,0,1,0,0,0,0,0.1522232,False
90606,33.976678,-118.065875,37,19.5,805.2,0,0,1,0,1,0,0,0,1,1,0,1,0,1,0,1,0,1,0,1,0,0,0,0,0,0,0,0.27113312,False
90621,33.874224,-117.993368,13,45.3,528.45,0,1,1,0,0,1,0,0,0,0,0,0,0,0,0,0,0,0,1,0,1,0,0,0,0,1,0,0.62390107,False
90623,33.850504,-118.039892,72,115.15,8349.7,0,0,1,0,1,0,1,1,0,0,1,0,1,0,1,0,1,0,1,0,1,0,1,0,0,1,0,0.23414819,False
90630,33.818477,-118.038307,68,72.95,4953.25,1,0,1,1,1,0,0,0,0,0,0,0,0,0,1,0,1,0,1,0,1,0,1,1,0,0,0,0.13805625,False
90631,33.940619,-117.9513,15,19.65,332.65,1,0,1,1,1,0,0,0,1,1,0,1,0,1,0,1,0,1,0,1,0,1,0,0,0,0,1,0.1765889,False
90638,33.902045,-118.008961,24,19.55,470.2,0,0,0,0,1,0,0,0,1,1,0,1,0,1,0,1,0,1,0,1,0,0,1,1,0,0,0,0.1522232,False
90640,34.015217,-118.109962,24,89.55,2259.35,0,0,0,0,1,0,1,1,0,0,0,0,0,0,0,0,1,0,0,0,1,0,0,1,0,1,0,0.70234233,True
90650,33.905963,-118.08263,27,50.35,1411.35,1,0,0,0,1,0,0,0,0,0,1,0,0,0,0,0,0,0,0,0,0,0,0,0,0,0,1,0.336599,False
90670,33.933565,-118.062611,71,87.25,6328.7,0,0,1,1,1,0,0,0,0,0,1,0,1,0,1,0,1,0,1,0,1,0,1,0,1,0,0,0.12877473,False
90680,33.801869,-117.995068,67,20.8,1411.9,1,0,1,1,1,0,0,0,1,1,0,1,0,1,0,1,0,1,0,1,0,0,1,1,0,0,1,0.13386415,False
90701,33.867593,-118.080637,63,109.25,6841.4,0,0,1,0,1,0,1,1,0,0,0,0,1,0,1,0,1,0,1,0,1,0,1,1,0,0,0,0.35047862,False
90703,33.8681,-118.067402,1,20.35,20.35,1,0,0,0,1,0,0,0,1,1,0,1,0,1,0,1,0,1,0,1,0,0,0,0,0,0,1,0.393713,False
90704,33.391181,-118.421305,4,55.9,238.5,1,0,0,0,1,0,0,0,0,0,0,0,0,0,0,0,0,0,0,0,1,0,0,1,0,1,0,0.67081374,False
90712,33.840524,-118.148403,52,79.2,4016.3,1,0,1,1,1,0,0,0,0,0,1,0,1,0,1,0,0,0,1,0,1,0,1,0,0,1,0,0.17238222,False
90713,33.847755,-118.112532,10,24.0,226.55,1,0,0,0,1,0,1,0,1,1,0,1,0,1,0,1,0,1,0,1,0,0,0,1,0,1,0,0.3936675,False
90715,33.841027,-118.078097,68,101.35,7110.75,1,0,0,0,1,0,1,1,0,0,1,0,1,0,1,0,0,0,1,0,0,1,0,0,0,0,0,0.29277822,False
90720,33.79499,-118.065591,52,35.45,1958.95,0,0,1,0,0,1,0,0,0,0,1,0,0,0,1,0,0,0,0,0,0,1,0,0,0,0,1,0.2502509,False
90731,33.736387,-118.284363,70,79.4,5528.9,1,0,1,0,1,0,1,0,0,0,1,0,1,0,1,0,1,0,1,0,0,1,0,0,0,0,0,0.22835319,False
90732,33.744119,-118.31448,43,35.2,1463.7,1,0,0,0,0,1,0,0,0,0,1,0,0,0,1,0,0,0,0,0,0,1,0,1,1,0,0,0.2623525,False
90740,33.75462,-118.071128,52,19.65,1025.05,1,0,0,0,1,0,0,0,1,1,0,1,0,1,0,1,0,1,0,1,0,0,1,0,0,0,1,0.15556149,False
90742,33.719221,-118.073596,12,49.85,552.1,0,0,0,0,0,1,0,0,0,0,1,0,0,0,1,0,1,0,0,0,1,0,1,0,0,0,1,0.21738462,False
90743,33.728273,-118.085304,56,68.75,3815.4,0,0,1,1,1,0,1,0,0,0,1,0,1,0,0,0,0,0,0,0,1,1,0,0,0,0,0,0.1718548,False
90744,33.782068,-118.262263,0,61.9,1397.475,1,0,0,1,1,0,1,0,0,0,1,0,1,0,0,0,1,0,0,0,0,0,1,1,0,0,0,0.1948627,False
90745,33.822295,-118.26411,42,79.9,3313.4,1,0,0,0,1,0,1,1,0,0,0,0,0,0,1,0,0,0,0,0,0,0,0,0,0,1,0,0.6317219,False
90746,33.859171,-118.252272,22,89.75,1938.9,1,1,1,0,1,0,0,1,0,0,0,0,0,0,0,0,0,0,1,0,1,0,0,1,0,0,0,0.67995465,False
90803,33.760458,-118.129725,27,19.4,460.25,1,0,0,0,1,0,0,0,1,1,0,1,0,1,0,1,0,1,0,1,0,0,0,1,1,0,0,0.25920683,False
90804,33.783047,-118.1486,51,93.65,4839.15,1,1,1,0,1,0,1,1,0,0,1,0,0,0,1,0,0,0,0,0,1,1,0,1,0,0,0,0.40255675,False
90806,33.802664,-118.179971,1,19.9,19.9,1,0,0,0,1,0,0,0,1,1,0,1,0,1,0,1,0,1,0,1,0,0,0,1,0,0,1,0.4416439,False
90808,33.823943,-118.111335,71,72.9,5139.65,1,1,1,1,1,0,1,0,0,0,0,0,1,0,1,0,1,0,0,0,1,1,0,1,0,0,0,0.18247627,False
90813,33.781086,-118.199049,69,25.6,1673.4,0,0,1,1,1,0,1,0,1,1,0,1,0,1,0,1,0,1,0,1,0,0,1,1,0,0,0,0.1309193,False
90814,33.771612,-118.143866,14,19.75,309.35,1,0,1,1,1,0,0,0,1,1,0,1,0,1,0,1,0,1,0,1,0,1,0,0,0,0,1,0.20059098,False
90815,33.797638,-118.11662,57,55.7,3171.6,1,0,1,0,1,0,0,0,0,0,1,0,0,0,0,0,1,0,0,0,0,0,0,0,0,1,0,0.45053157,False
90822,33.778436,-118.118648,72,117.5,8670.1,0,0,1,1,1,0,1,1,0,0,1,0,1,0,1,0,1,0,1,0,1,0,1,0,1,0,0,0.17839384,False
91001,34.196837,-118.142236,48,19.85,916.0,1,0,0,0,1,0,0,0,1,1,0,1,0,1,0,1,0,1,0,1,0,0,1,0,1,0,0,0.1522232,False
91006,34.137319,-118.029837,4,78.9,299.75,0,0,1,1,1,0,0,1,0,0,0,0,0,0,0,0,0,0,1,0,0,0,0,1,0,0,1,0.68605226,False
91007,34.128284,-118.047732,31,20.65,702.05,1,0,1,1,1,0,0,0,1,1,0,1,0,1,0,1,0,1,0,1,0,0,0,1,0,1,0,0.24311824,False
91016,34.1528,-118.000482,1,19.65,19.65,0,0,0,0,1,0,0,0,1,1,0,1,0,1,0,1,0,1,0,1,0,0,0,0,0,0,1,0.5510429,False
91020,34.2112,-118.230625,57,79.75,4438.2,1,1,0,0,1,0,1,0,0,0,0,0,1,0,1,0,0,0,1,0,1,0,1,1,0,0,0,0.1849795,False
91024,34.168686,-118.057505,62,79.95,4819.75,0,1,1,0,1,0,0,0,0,0,1,0,0,0,1,0,1,0,1,0,1,0,1,1,1,0,0,0.154248,False
91030,34.110444,-118.156957,3,29.9,92.25,1,0,1,0,0,1,0,0,0,0,0,0,0,0,0,0,1,0,0,0,0,0,0,1,0,1,0,0.693101,False
91040,34.282704,-118.312929,72,19.75,1567.0,0,0,0,1,1,0,0,0,1,1,0,1,0,1,0,1,0,1,0,1,0,0,1,1,0,0,1,0.14365962,False
91042,34.296574,-118.244839,29,45.0,1242.45,1,0,0,1,0,1,0,0,0,0,1,0,1,0,1,0,1,0,0,0,0,0,0,1,0,0,1,0.3316613,False
91101,34.146635,-118.139225,13,44.8,559.2,1,0,1,1,1,0,0,0,0,0,0,0,0,0,0,0,0,0,0,0,0,0,0,0,0,0,0,0.37462217,False
91104,34.165383,-118.123752,11,51.1,531.15,0,0,0,0,1,0,0,0,0,0,0,0,1,0,0,0,0,0,0,0,0,0,0,0,0,1,0,0.52054584,False
91105,34.13946,-118.166649,21,53.15,1183.2,0,0,0,1,0,1,0,0,0,0,1,0,1,0,1,0,1,0,1,0,0,0,1,0,0,0,1,0.19929588,False
91106,34.139402,-118.128658,19,24.7,465.85,0,0,0,0,1,0,1,0,1,1,0,1,0,1,0,1,0,1,0,1,0,0,0,0,0,0,0,0.26473108,False
91201,34.17051,-118.289463,35,109.95,3782.4,1,0,1,1,1,0,1,1,0,0,0,0,1,0,1,0,1,0,1,0,1,0,0,1,0,1,0,0.46884713,False
91202,34.167926,-118.267539,25,20.8,460.2,1,0,0,1,1,0,0,0,1,1,0,1,0,1,0,1,0,1,0,1,0,0,0,0,0,0,1,0.2439156,False
91204,34.136306,-118.26036,67,25.6,1790.35,0,0,0,0,1,0,1,0,1,1,0,1,0,1,0,1,0,1,0,1,0,0,1,1,0,0,0,0.15146886,False
91207,34.182378,-118.262922,72,108.4,7767.25,1,0,1,1,1,0,1,1,0,0,1,0,1,0,1,0,0,0,1,0,1,0,1,1,1,0,0,0.20213664,False
91208,34.195386,-118.238508,43,19.55,876.15,1,0,0,0,1,0,0,0,1,1,0,1,0,1,0,1,0,1,0,1,0,0,1,0,0,0,1,0.15556149,False
91214,34.239636,-118.245259,55,85.1,4600.95,0,0,1,1,1,0,1,1,0,0,1,0,1,0,0,0,0,0,0,0,0,0,0,1,0,1,0,0.42650196,False
91302,34.130861,-118.68346,27,69.05,1793.25,1,0,0,0,1,0,0,1,0,0,0,0,0,0,0,0,0,0,0,0,0,0,0,1,0,0,1,0.61513424,False
91303,34.19829,-118.602203,13,70.15,886.7,0,0,0,0,1,0,0,1,0,0,0,0,0,0,0,0,0,0,0,0,0,0,0,1,0,0,1,0.71284086,True
91304,34.224377,-118.632656,70,111.15,7737.55,0,0,0,0,1,0,1,1,0,0,1,0,1,0,1,0,0,0,1,0,1,0,1,1,0,0,1,0.3060422,False
91307,34.199787,-118.68493,19,89.35,1686.85,0,0,1,1,1,0,1,1,0,0,0,0,0,0,0,0,1,0,0,0,1,1,0,1,0,0,0,0.31420633,False
91311,34.294142,-118.603883,20,89.1,1879.25,0,0,0,0,1,0,1,1,0,0,1,0,0,0,0,0,0,0,1,0,0,0,0,1,0,0,0,0.62809867,False
91316,34.150354,-118.518292,43,91.25,4013.8,1,0,1,1,1,0,1,1,0,0,1,0,0,0,1,0,1,0,0,0,0,1,0,1,1,0,0,0.25281116,False
91320,34.172071,-118.946262,5,90.35,434.5,1,0,1,1,1,0,0,1,0,0,1,0,0,0,1,0,0,0,0,0,1,0,0,1,0,0,1,0.5824023,False
91321,34.370378,-118.504118,70,105.55,7195.35,0,1,1,0,1,0,1,1,0,0,0,0,1,0,0,0,1,0,1,0,1,1,0,1,0,0,0,0.41875738,False
91324,34.238208,-118.55029,40,19.1,780.1,0,0,1,0,1,0,0,0,1,1,0,1,0,1,0,1,0,1,0,1,0,0,1,0,0,0,1,0.15556149,False
91325,34.236683,-118.517588,6,20.4,107.6,1,0,1,1,1,0,0,0,1,1,0,1,0,1,0,1,0,1,0,1,0,0,1,1,1,0,0,0.16374725,False
91326,34.281911,-118.556218,39,100.45,3801.7,1,0,0,0,1,0,0,1,0,0,1,0,0,0,1,0,0,0,1,0,1,0,1,1,0,1,0,0.3990483,False
91342,34.321621,-118.399841,45,85.7,3778.1,0,1,0,0,1,0,0,1,0,0,1,0,1,0,0,0,1,0,0,0,0,0,0,1,0,0,0,0.49165893,False
91344,34.291273,-118.505104,57,94.0,5438.95,0,1,1,0,1,0,1,1,0,0,0,0,1,0,1,0,0,0,0,0,1,0,0,0,1,0,0,0.4490972,False
91345,34.266389,-118.459744,72,69.85,5102.35,1,0,1,1,1,0,1,0,0,0,1,0,1,0,1,0,1,0,0,0,0,0,1,0,0,0,0,0.13748085,False
91351,34.422519,-118.420717,72,25.85,1872.2,1,0,1,0,1,0,1,0,1,1,0,1,0,1,0,1,0,1,0,1,0,0,1,0,1,0,0,0.14561512,False
91352,34.231053,-118.338307,3,71.1,213.35,0,0,0,0,1,0,0,0,0,0,1,0,1,0,0,0,1,0,0,0,1,0,1,0,0,0,1,0.2746564,False
91355,34.43987,-118.644609,59,93.35,5386.5,0,0,1,0,1,0,1,1,0,0,0,0,0,0,1,0,1,0,1,0,0,0,0,0,0,1,0,0.50796705,False
91361,34.130992,-118.894673,4,50.55,235.65,0,0,0,0,1,0,0,0,0,0,1,0,0,0,0,0,0,0,0,0,0,0,0,1,0,0,0,0.59310406,False
91364,34.153733,-118.593408,27,81.3,2272.8,1,0,0,0,1,0,1,1,0,0,0,0,0,0,1,0,0,0,0,0,0,0,0,1,0,1,0,0.7050071,True
91367,34.178068,-118.615714,4,20.7,83.75,1,0,0,0,1,0,0,0,1,1,0,1,0,1,0,1,0,1,0,1,0,0,0,1,1,0,0,0.32564202,False
91377,34.19225,-118.776874,60,79.05,4663.4,1,0,1,1,1,0,0,0,0,0,1,0,1,0,0,0,1,0,1,0,1,0,0,1,1,0,0,0.20941038,False
91381,34.364153,-118.615583,8,19.05,201.7,0,0,1,1,1,0,0,0,1,1,0,1,0,1,0,1,0,1,0,1,0,0,1,0,0,0,1,0.16002661,False
91384,34.506627,-118.699048,8,19.6,125.0,1,0,1,1,1,0,0,0,1,1,0,1,0,1,0,1,0,1,0,1,0,0,1,0,1,0,0,0.16374725,False
91401,34.178483,-118.431791,35,20.2,684.4,1,0,0,0,1,0,0,0,1,1,0,1,0,1,0,1,0,1,0,1,0,0,1,1,0,0,1,0.15556149,False
91403,34.147149,-118.463365,53,20.9,1146.05,0,0,1,1,1,0,0,0,1,1,0,1,0,1,0,1,0,1,0,1,0,0,1,0,0,0,1,0.13386415,False
91405,34.202494,-118.448048,18,103.6,1806.35,0,1,0,0,1,0,1,1,0,0,0,0,1,0,0,0,1,0,1,0,1,0,0,1,1,0,0,0.6641328,False
91406,34.195685,-118.490752,15,38.8,603.0,0,0,0,0,0,1,0,0,0,0,0,0,1,0,0,0,0,0,0,0,1,0,1,1,0,0,1,0.26158026,False
91411,34.17847,-118.459472,67,88.4,5798.3,1,0,1,0,1,0,1,1,0,0,0,0,1,0,0,0,0,0,1,0,0,1,0,1,0,0,0,0.34323964,False
91436,34.152875,-118.486056,6,79.7,497.6,1,1,0,0,1,0,0,1,0,0,0,0,0,0,0,0,0,0,1,0,0,0,0,1,0,1,0,0.79358846,True
91504,34.213049,-118.317651,1,19.3,19.3,1,0,0,1,1,0,0,0,1,1,0,1,0,1,0,1,0,1,0,1,0,0,0,1,0,0,1,0.53721964,False
91505,34.174215,-118.345928,5,55.75,266.95,1,0,0,0,1,0,0,0,0,0,1,0,0,0,0,0,1,0,0,0,0,0,0,1,0,0,1,0.4544667,False
91506,34.169706,-118.323548,13,19.95,257.0,1,0,0,0,1,0,0,0,1,1,0,1,0,1,0,1,0,1,0,1,0,1,0,1,0,0,1,0.19669159,False
91602,34.15136,-118.364786,29,89.65,2623.65,1,0,0,0,1,0,0,1,0,0,0,0,1,0,0,0,1,0,1,0,0,0,0,0,0,0,1,0.5123867,False
91604,34.139082,-118.39275,1,45.85,45.85,1,1,0,0,1,0,0,0,0,0,0,0,0,0,0,0,0,0,0,0,0,0,0,1,0,0,1,0.75024325,True
91606,34.187599,-118.387125,18,55.95,1082.8,0,0,1,1,1,0,0,0,0,0,0,0,0,0,0,0,0,0,1,0,0,0,0,0,0,0,1,0.3930134,False
91607,34.165783,-118.399795,2,69.0,147.8,0,0,1,0,1,0,0,0,0,0,0,0,0,0,1,0,0,0,1,0,1,0,0,0,1,0,0,0.58969814,False
91701,34.132275,-117.611478,30,83.55,2570.2,1,0,1,1,1,0,1,1,0,0,0,0,1,0,0,0,1,0,0,0,0,0,0,1,0,0,0,0.46594903,False
91702,34.174493,-117.87068,66,65.7,4378.9,1,0,0,1,1,0,1,0,0,0,1,0,1,0,0,0,1,0,0,0,0,0,1,0,0,0,0,0.14328727,False
91706,34.098275,-117.967399,38,94.9,3616.25,1,0,1,1,1,0,1,1,0,0,0,0,0,0,1,0,1,0,1,0,0,0,1,1,0,0,0,0.1950841,False
91709,33.942895,-117.725644,44,61.9,2924.05,1,0,1,1,1,0,0,0,0,0,0,0,1,0,1,0,1,0,0,0,0,0,0,1,0,0,1,0.25085035,False
91711,34.127621,-117.717863,2,20.0,32.7,1,0,0,0,1,0,0,0,1,1,0,1,0,1,0,1,0,1,0,1,0,0,0,0,0,0,1,0.3907665,False
91722,34.097345,-117.906736,42,67.7,2882.25,0,0,0,0,1,0,0,0,0,0,1,0,1,0,0,0,1,0,0,0,1,1,0,1,0,0,1,0.27038094,False
91723,34.084747,-117.886844,58,25.15,1509.9,0,0,1,1,1,0,1,0,1,1,0,1,0,1,0,1,0,1,0,1,0,0,1,0,1,0,0,0.1309193,False
91724,34.08111,-117.853935,58,92.85,5305.05,1,0,1,1,1,0,0,1,0,0,0,0,1,0,0,0,0,0,1,0,1,0,0,1,0,1,0,0.39854172,False
91731,34.079934,-118.046695,71,111.3,7985.9,0,0,0,0,1,0,1,1,0,0,1,0,1,0,1,0,1,0,1,0,1,0,1,0,0,0,1,0.20500655,False
91739,34.133809,-117.523724,48,60.6,2985.25,0,0,1,0,1,0,1,0,0,0,1,0,0,0,0,0,1,0,0,0,0,1,0,1,0,0,0,0.24413757,False
91741,34.14649,-117.849815,8,65.5,564.35,0,0,1,0,1,0,0,0,0,0,1,0,0,0,0,0,1,0,0,0,1,0,1,0,0,0,1,0.21637855,False
91745,33.998471,-117.973758,67,19.95,1311.75,1,0,0,0,1,0,0,0,1,1,0,1,0,1,0,1,0,1,0,1,0,0,1,0,0,0,0,0.15146886,False
91750,34.144703,-117.770299,49,74.6,3720.35,1,0,0,0,1,0,1,1,0,0,0,0,0,0,0,0,0,0,0,0,0,0,0,1,0,0,0,0.6427612,False
91752,33.999992,-117.535395,52,94.6,5025.8,0,0,1,0,1,0,1,1,0,0,0,0,1,0,1,0,0,0,1,0,0,0,0,0,0,0,0,0.58251053,False
91754,34.050322,-118.147037,63,81.15,5224.5,0,0,1,0,1,0,0,1,0,0,1,0,0,0,1,0,0,0,0,0,0,1,0,1,1,0,0,0.27793357,False
91755,34.049172,-118.115022,68,89.05,6185.8,0,0,1,1,1,0,1,0,0,0,1,0,1,0,1,0,1,0,1,0,1,0,1,1,0,0,0,0.12877473,False
91759,34.231318,-117.662032,31,49.2,1498.55,0,0,1,0,1,0,0,0,0,0,0,0,0,0,0,0,1,0,0,0,0,0,0,1,0,0,1,0.38293347,False
91761,34.035602,-117.591528,64,19.45,1208.6,0,0,1,0,1,0,0,0,1,1,0,1,0,1,0,1,0,1,0,1,0,0,1,0,1,0,0,0.1522232,False
91762,34.057256,-117.667677,62,104.3,6613.65,0,0,1,0,1,0,0,1,0,0,1,0,0,0,1,0,1,0,1,0,1,1,0,1,0,1,0,0.4814623,False
91765,33.992416,-117.807874,21,86.05,1818.9,0,0,1,0,1,0,0,1,0,0,0,0,0,0,0,0,1,0,1,0,0,0,0,1,0,1,0,0.70604056,True
91766,34.042286,-117.756106,72,25.2,1787.35,0,0,1,1,1,0,1,0,1,1,0,1,0,1,0,1,0,1,0,1,0,0,1,0,0,0,0,0.1309193,False
91767,34.083086,-117.737997,32,35.15,1051.05,0,0,1,1,0,1,0,0,0,0,1,0,1,0,0,0,0,0,0,0,0,0,0,1,0,1,0,0.37595683,False
91768,34.067932,-117.785168,71,99.65,7181.25,0,1,0,0,1,0,1,1,0,0,1,0,1,0,0,0,1,0,1,0,0,1,0,1,1,0,0,0.24694695,False
91770,34.065108,-118.082791,34,105.35,3688.6,0,0,0,1,1,0,0,1,0,0,1,0,1,0,1,0,0,0,1,0,1,0,0,1,0,0,0,0.43471736,False
91780,34.101608,-118.055848,35,24.3,821.6,0,0,1,1,1,0,1,0,1,1,0,1,0,1,0,1,0,1,0,1,0,0,1,0,0,0,0,0.1309193,False
91784,34.141146,-117.655583,3,80.7,239.45,0,0,1,1,1,0,0,1,0,0,0,0,0,0,0,0,0,0,1,0,0,0,0,1,0,1,0,0.66443944,False
91786,34.105493,-117.660934,3,89.85,244.45,1,0,0,0,1,0,0,1,0,0,0,0,0,0,1,0,1,0,1,0,0,0,0,1,0,0,1,0.7586452,True
91789,34.018354,-117.85492,53,61.1,3357.9,1,0,0,0,1,0,0,0,0,0,0,0,0,0,1,0,0,0,0,0,1,1,0,1,0,1,0,0.30085862,False
91790,34.066964,-117.937007,4,29.05,129.6,0,0,1,0,0,1,0,0,0,0,1,0,0,0,0,0,0,0,0,0,0,0,0,1,0,1,0,0.7154376,True
91791,34.061634,-117.893169,48,99.7,4977.2,0,0,1,1,1,0,0,1,0,0,1,0,0,0,1,0,0,0,1,0,1,1,0,1,0,0,0,0.26534298,False
91803,34.074736,-118.145959,54,46.0,2424.05,1,0,1,1,0,1,0,0,0,0,0,0,0,0,1,0,1,0,0,0,1,0,1,0,1,0,0,0.16416909,False
91902,32.67117,-117.00232,62,80.4,4981.15,1,0,0,0,1,0,0,0,0,0,0,0,1,0,1,0,1,0,1,0,1,0,0,1,0,0,0,0.34433654,False
91905,32.677097,-116.304991,22,100.05,2090.25,1,0,1,1,1,0,0,1,0,0,0,0,1,0,1,0,0,0,1,0,1,1,0,1,0,0,1,0.32150146,False
91910,32.636792,-117.054989,51,94.0,4905.75,1,1,0,0,1,0,0,1,0,0,0,0,0,0,1,0,0,0,1,0,1,1,0,1,0,0,0,0.41958523,False
91911,32.607964,-117.059459,30,68.95,2038.7,0,0,0,0,1,0,1,0,0,0,0,0,1,0,1,0,0,0,1,0,0,1,0,1,1,0,0,0.24997973,False
91913,32.64164,-116.985026,56,68.45,4014.0,0,1,1,0,1,0,1,0,0,0,1,0,1,0,1,0,1,0,0,0,0,1,0,1,1,0,0,0.2490661,False
91914,32.688506,-116.938632,35,69.0,2441.7,1,0,1,0,1,0,1,0,0,0,0,0,1,0,0,0,1,0,1,0,0,1,0,1,0,1,0,0.33390436,False
91915,32.605012,-116.97595,64,43.85,2751.0,0,1,0,0,0,1,0,0,0,0,0,0,1,0,0,0,1,0,1,0,0,0,0,1,0,1,0,0.4923534,False
91916,32.912664,-116.635387,30,44.5,1307.8,1,0,0,1,0,1,0,0,0,0,0,0,0,0,0,0,0,0,1,0,1,0,0,1,0,1,0,0.41588,False
91917,32.622999,-116.687855,25,18.7,383.65,0,0,1,1,1,0,0,0,1,1,0,1,0,1,0,1,0,1,0,1,0,0,1,1,0,0,1,0.16280074,False
91934,32.649787,-116.2237,1,53.55,53.55,0,0,1,0,1,0,0,0,0,0,1,0,1,0,0,0,0,0,0,0,0,0,0,1,0,0,1,0.6283564,False
91935,32.695681,-116.798386,70,114.6,7882.5,1,0,0,1,1,0,1,1,0,0,1,0,1,0,1,0,1,0,1,0,1,0,1,1,0,1,0,0.18673512,False
91941,32.759327,-116.99726,57,20.1,1087.7,0,0,1,1,1,0,0,0,1,1,0,1,0,1,0,1,0,1,0,1,0,0,1,1,0,0,0,0.1309193,False
91942,32.782501,-117.01611,9,85.5,791.7,1,0,0,0,1,0,1,1,0,0,0,0,0,0,0,0,0,0,1,0,0,0,0,1,0,1,0,0.8179095,True
91945,32.733564,-117.033713,69,108.75,7493.05,0,0,1,1,1,0,1,1,0,0,0,0,1,0,1,0,1,0,1,0,1,1,0,1,0,0,0,0.2397355,False
91950,32.67102,-117.095235,72,97.85,6841.3,0,0,1,0,1,0,1,1,0,0,0,0,0,0,1,0,0,0,1,0,1,0,1,1,0,1,0,0.33229715,False
91962,32.800671,-116.483363,44,19.55,819.95,1,0,0,1,1,0,0,0,1,1,0,1,0,1,0,1,0,1,0,1,0,0,1,0,0,0,0,0.12977697,False
91963,32.619465,-116.593605,72,84.05,6052.25,0,0,1,0,1,0,1,1,0,0,1,0,1,0,0,0,0,0,0,0,0,0,1,1,0,0,0,0.24023995,False
91978,32.730264,-116.950963,54,89.4,4869.5,1,0,0,0,1,0,1,1,0,0,0,0,0,0,1,0,0,0,0,0,1,0,0,0,1,0,0,0.56068575,False
91980,32.587557,-116.636816,27,19.7,509.3,1,0,0,1,1,0,0,0,1,1,0,1,0,1,0,1,0,1,0,1,0,0,1,0,1,0,0,0.27298242,False
92003,33.290907,-117.202895,54,79.85,4308.25,1,0,0,0,1,0,1,1,0,0,0,0,1,0,0,0,0,0,0,0,0,0,0,1,0,0,0,0.60366297,False
92004,33.200369,-116.192313,3,74.45,221.1,1,0,0,0,1,0,0,1,0,0,0,0,1,0,0,0,0,0,0,0,0,0,0,0,1,0,0,0.724096,True
92007,33.015866,-117.272254,53,74.1,3833.95,0,0,1,0,1,0,1,0,0,0,1,0,1,0,1,0,0,0,0,0,1,1,0,0,0,0,0,0.2893918,False
92009,33.098018,-117.258203,15,18.8,294.95,1,0,1,0,1,0,0,0,1,1,0,1,0,1,0,1,0,1,0,1,0,1,0,0,0,0,1,0.21843413,False
92019,32.785165,-116.862648,5,64.4,316.9,1,0,1,1,1,0,1,0,0,0,1,0,1,0,0,0,1,0,0,0,0,0,0,0,1,0,0,0.34384456,False
92020,32.79697,-116.969082,48,55.8,2651.2,1,0,1,1,1,0,0,0,0,0,0,0,1,0,1,0,0,0,0,0,0,1,0,1,1,0,0,0.21272105,False
92021,32.832706,-116.873258,25,20.05,471.7,0,0,0,1,1,0,0,0,1,1,0,1,0,1,0,1,0,1,0,1,0,0,0,0,1,0,0,0.24921072,False
92025,33.081478,-117.033814,58,99.15,5720.95,1,0,0,0,1,0,0,1,0,0,1,0,1,0,0,0,0,0,1,0,1,1,0,0,0,0,0,0.34553817,False
92026,33.21846,-117.116916,10,56.75,503.25,1,0,0,0,1,0,0,0,0,0,0,0,0,0,0,0,0,0,0,0,1,0,0,1,0,0,0,0.58079743,False
92028,33.362575,-117.299644,71,104.15,7365.3,1,0,1,0,1,0,1,1,0,0,0,0,1,0,0,0,1,0,1,0,1,0,1,1,1,0,0,0.3427916,False
92029,33.079834,-117.134275,65,110.8,7245.9,0,0,1,1,1,0,1,1,0,0,0,0,1,0,1,0,1,0,1,0,1,0,1,1,1,0,0,0.21156965,False
92037,32.853743,-117.25034,28,35.75,961.4,0,0,0,0,0,1,0,0,0,0,0,0,0,0,1,0,1,0,0,0,0,0,0,1,0,0,1,0.47397634,False
92040,32.909873,-116.906774,67,69.9,4615.9,0,0,1,1,1,0,1,0,0,0,0,0,0,0,1,0,1,0,0,0,1,0,1,1,0,0,0,0.1529492,False
92054,33.351059,-117.420557,35,89.2,3251.3,1,0,0,0,1,0,0,1,0,0,1,0,0,0,0,0,1,0,0,0,1,1,0,1,0,1,0,0.41473556,False
92056,33.194742,-117.29032,72,55.65,3880.05,0,0,1,1,0,1,0,0,0,0,1,0,1,0,1,0,1,0,0,0,1,0,1,0,1,0,0,0.15355666,False
92057,33.254497,-117.285879,61,50.7,3088.75,0,0,1,1,0,1,0,0,0,0,1,0,1,0,0,0,1,0,0,0,1,1,0,1,0,0,0,0.20617102,False
92059,33.384345,-117.072619,68,20.0,1396.0,1,1,0,0,1,0,0,0,1,1,0,1,0,1,0,1,0,1,0,1,0,0,1,1,1,0,0,0.15641865,False
92061,33.313828,-116.940501,3,19.1,53.05,1,0,0,0,1,0,0,0,1,1,0,1,0,1,0,1,0,1,0,1,0,0,0,1,0,0,1,0.3987715,False
92065,33.044541,-116.833922,48,45.55,2108.35,0,0,0,1,0,1,0,0,0,0,0,0,1,0,1,0,0,0,0,0,1,0,0,0,1,0,0,0.37216988,False
92066,33.215251,-116.53633,68,101.05,6770.5,1,0,1,1,1,0,1,1,0,0,0,0,1,0,0,0,0,0,1,0,1,1,0,1,1,0,0,0.2706625,False
92067,33.012751,-117.200617,47,103.7,4730.6,0,0,0,0,1,0,0,1,0,0,1,0,0,0,1,0,1,0,1,0,1,1,0,1,0,1,0,0.4926544,False
92069,33.162624,-117.170863,32,36.25,1151.05,1,0,1,1,0,1,0,0,0,0,0,0,0,0,1,0,1,0,0,0,0,1,0,1,0,0,1,0.2247467,False
92070,33.174725,-116.743329,5,49.4,232.55,0,0,1,1,1,0,0,0,0,0,1,0,0,0,0,0,0,0,0,0,0,0,0,1,0,0,1,0.53464925,False
92071,32.847336,-116.997605,49,19.9,1022.6,1,0,0,0,1,0,0,0,1,1,0,1,0,1,0,1,0,1,0,1,0,0,1,1,1,0,0,0.1522232,False
92082,33.25283,-116.986079,15,19.8,309.4,1,0,0,0,1,0,0,0,1,1,0,1,0,1,0,1,0,1,0,1,0,0,0,1,0,0,1,0.32572824,False
92083,33.17494,-117.242761,12,45.05,523.1,0,0,0,0,1,0,0,0,0,0,0,0,0,0,0,0,0,0,0,0,0,0,0,1,0,1,0,0.64425033,False
92084,33.22784,-117.200024,67,64.55,4250.1,1,1,0,0,1,0,1,0,0,0,1,0,1,0,0,0,1,0,0,0,0,0,1,1,0,0,0,0.18874504,False
92086,33.323705,-116.626907,9,86.25,770.5,1,0,0,0,1,0,0,1,0,0,0,0,0,0,0,0,1,0,1,0,0,0,0,0,0,1,0,0.73165053,True
92091,32.99356,-117.207121,13,19.75,246.7,0,0,1,1,1,0,0,0,1,1,0,1,0,1,0,1,0,1,0,1,0,0,1,1,0,0,0,0.16807222,False
92101,32.72523,-117.171346,38,89.1,3342.0,0,0,0,0,1,0,0,1,0,0,0,0,0,0,0,0,0,0,1,0,1,1,0,1,0,0,1,0.42380568,False
92102,32.716007,-117.117462,42,95.55,3930.6,0,1,1,0,1,0,1,1,0,0,0,0,1,0,1,0,0,0,1,0,0,0,0,1,0,1,0,0.71054083,True
92105,32.741859,-117.090353,9,102.6,897.75,1,0,1,1,1,0,1,1,0,0,0,0,1,0,1,0,0,0,1,0,1,0,0,1,1,0,0,0.5746352,False
92106,32.71346,-117.236378,49,56.3,2780.6,0,0,1,0,0,1,0,0,0,0,0,0,1,0,0,0,1,0,1,0,1,1,0,1,1,0,0,0.36056492,False
92107,32.741852,-117.243453,61,94.2,5895.45,0,1,1,0,1,0,1,1,0,0,1,0,1,0,1,0,1,0,0,0,0,0,0,1,1,0,0,0.41803554,False
92108,32.774046,-117.142454,50,43.05,2208.05,1,0,0,1,0,1,0,0,0,0,1,0,1,0,0,0,0,0,1,0,0,1,0,1,0,0,0,0.21144573,False
92116,32.765299,-117.122565,53,94.0,4871.45,0,1,1,0,1,0,0,1,0,0,0,0,1,0,1,0,1,0,1,0,0,1,0,1,0,1,0,0.44546682,False
92117,32.825086,-117.199424,51,98.85,4947.55,0,0,1,0,1,0,1,1,0,0,0,0,0,0,1,0,0,0,1,0,1,1,0,1,0,1,0,0.5578524,False
92118,32.68674,-117.186612,24,64.35,1558.65,0,0,1,1,1,0,1,0,0,0,1,0,1,0,1,0,0,0,0,0,0,0,1,0,0,1,0,0.18646021,False
92119,32.802959,-117.027095,62,72.0,4284.2,0,0,1,0,1,0,0,0,0,0,1,0,1,0,1,0,0,0,1,0,0,0,1,1,1,0,0,0.20615292,False
92120,32.807867,-117.060993,24,49.7,1218.25,1,0,0,0,1,0,0,0,0,0,0,0,1,0,0,0,0,0,0,0,0,0,0,1,0,0,1,0.49648085,False
92121,32.898613,-117.202937,70,80.7,5617.95,0,0,1,1,1,0,1,0,0,0,1,0,1,0,1,0,1,0,1,0,0,0,1,0,0,1,0,0.15354633,False
92122,32.85723,-117.209774,1,24.2,24.2,1,0,0,1,0,1,0,0,0,0,0,0,0,0,0,0,0,0,0,0,0,0,0,0,0,0,1,0.61187035,False
92124,32.827238,-117.089287,8,65.45,554.45,0,0,0,0,1,0,0,0,0,0,0,0,1,0,0,0,1,0,1,0,0,0,0,1,0,1,0,0.5688425,False
92126,32.886925,-117.152162,72,74.35,5237.4,0,0,1,1,1,0,0,0,0,0,1,0,1,0,1,0,1,0,0,0,1,0,1,1,0,1,0,0.15354633,False
92127,33.017518,-117.118456,23,83.2,2032.3,0,0,0,0,1,0,0,1,0,0,0,0,1,0,1,0,1,0,0,0,0,0,0,0,0,0,0,0.52037716,False
92128,33.000269,-117.072093,31,25.0,789.2,1,0,0,1,0,1,0,0,0,0,0,0,0,0,0,0,0,0,0,0,0,0,0,0,1,0,0,0.34932318,False
92129,32.961064,-117.134917,37,40.2,1525.35,1,0,1,1,0,1,0,0,0,0,1,0,0,0,1,0,1,0,0,0,0,1,0,1,0,1,0,0.20946054,False
92131,32.89325,-117.087091,35,108.35,3726.15,0,1,0,0,1,0,1,1,0,0,1,0,1,0,1,0,0,0,1,0,1,1,0,1,0,1,0,0.49065933,False
92139,32.677716,-117.047666,23,69.5,1652.1,0,0,1,1,1,0,1,0,0,0,0,0,1,0,0,0,1,0,1,0,0,0,0,1,1,0,0,0.24016157,False
92154,32.578103,-117.012975,20,76.0,1588.75,0,0,1,1,1,0,1,0,0,0,1,0,0,0,0,0,0,0,1,0,1,1,0,0,0,0,0,0.27806047,False
92173,32.555828,-117.040073,36,93.6,3366.05,1,0,1,0,1,0,0,1,0,0,1,0,0,0,0,0,0,0,1,0,1,0,0,1,0,1,0,0.6132601,False
92203,33.752938,-116.230055,71,100.55,7113.75,1,0,1,1,1,0,1,1,0,0,0,0,1,0,0,0,0,0,1,0,1,1,0,0,0,0,0,0.257797,False
92211,33.762759,-116.324817,43,24.45,993.15,0,0,1,1,1,0,1,0,1,1,0,1,0,1,0,1,0,1,0,1,0,1,0,1,0,0,0,0.15519892,False
92220,33.936298,-116.849577,57,89.55,5012.35,1,0,0,1,1,0,1,0,0,0,1,0,1,0,1,0,1,0,1,0,1,0,1,0,0,0,1,0.13851902,False
92225,33.674583,-114.71612,27,76.1,2093.4,0,0,1,0,1,0,0,1,0,0,0,0,1,0,0,0,0,0,0,0,0,0,0,1,0,1,0,0.6758497,False
92227,33.03933,-115.191857,13,80.5,1011.8,0,0,0,0,1,0,0,1,0,0,0,0,0,0,0,0,0,0,0,0,1,0,0,1,0,1,0,0.7555712,True
92231,32.690654,-115.431225,67,20.55,1343.4,0,0,0,0,1,0,0,0,1,1,0,1,0,1,0,1,0,1,0,1,0,1,0,0,0,1,0,0.23327123,False
92234,33.829583,-116.474131,64,105.4,6794.75,0,0,1,0,1,0,1,1,0,0,0,0,1,0,0,0,1,0,1,0,1,0,1,1,0,0,0,0.34927723,False
92236,33.680031,-116.171678,26,35.75,1022.5,1,0,0,0,0,1,0,0,0,0,0,0,0,0,1,0,1,0,0,0,0,0,0,0,0,1,0,0.5054531,False
92239,33.889605,-115.257009,38,95.1,3691.2,1,0,0,0,1,0,1,1,0,0,0,0,1,0,1,0,0,0,0,0,1,0,0,1,1,0,0,0.60962117,False
92240,33.948558,-116.516976,23,19.3,486.2,1,0,1,0,1,0,0,0,1,1,0,1,0,1,0,1,0,1,0,1,0,1,0,0,1,0,0,0.1819803,False
92242,34.137742,-114.36514,72,63.1,4685.55,1,1,1,0,0,1,0,0,0,0,1,0,1,0,1,0,1,0,1,0,1,0,1,1,0,0,0,0.1639868,False
92252,34.167236,-116.281511,62,84.95,5150.55,0,0,1,0,1,0,1,0,0,0,1,0,1,0,0,0,1,0,1,0,1,0,1,1,0,1,0,0.21098994,False
92253,33.695532,-116.310571,40,93.4,3756.4,0,0,0,0,1,0,1,1,0,0,0,0,1,0,1,0,0,0,1,0,0,0,0,1,0,0,0,0.62258065,False
92254,33.543835,-115.993906,41,89.2,3645.75,1,0,0,0,1,0,1,1,0,0,0,0,1,0,0,0,0,0,1,0,0,0,0,1,0,1,0,0.67743176,False
92256,34.097863,-116.594561,34,85.2,2874.45,1,1,1,0,1,0,0,1,0,0,0,0,0,0,1,0,0,0,1,0,0,0,0,1,1,0,0,0.6009125,False
92257,33.345825,-115.596574,1,49.95,49.95,0,0,0,0,1,0,0,0,0,0,0,0,1,0,0,0,0,0,0,0,0,0,0,0,0,1,0,0.6424044,False
92258,33.906496,-116.569499,51,20.65,1020.75,0,0,0,0,1,0,0,0,1,1,0,1,0,1,0,1,0,1,0,1,0,0,1,0,0,0,0,0.1522232,False
92260,33.694501,-116.412711,39,20.15,826.0,0,0,0,0,1,0,0,0,1,1,0,1,0,1,0,1,0,1,0,1,0,0,1,0,0,0,1,0.15556149,False
92262,33.839989,-116.659215,12,19.2,239.0,1,0,1,1,1,0,0,0,1,1,0,1,0,1,0,1,0,1,0,1,0,0,0,1,0,1,0,0.36296555,False
92266,33.3249,-114.758334,72,104.95,7544.3,1,0,0,0,1,0,1,1,0,0,0,0,1,0,1,0,0,0,1,0,1,1,0,1,0,1,0,0.45543495,False
92267,34.273872,-114.192901,63,103.5,6479.4,0,1,1,0,1,0,1,1,0,0,0,0,1,0,1,0,0,0,1,0,1,0,0,1,0,1,0,0.6145219,False
92268,34.201108,-116.593456,44,84.8,3626.35,1,0,1,0,1,0,1,1,0,0,1,0,0,0,1,0,0,0,0,0,0,0,0,1,1,0,0,0.5898211,False
92270,33.763678,-116.429928,18,95.05,1679.4,0,0,0,0,1,0,1,1,0,0,0,0,0,0,1,0,1,0,0,0,1,0,0,1,0,0,0,0.66102266,False
92274,33.53604,-116.119222,13,73.35,931.55,1,0,0,0,1,0,0,0,0,0,0,0,1,0,0,0,1,0,1,0,1,0,0,0,0,0,1,0.46078375,False
92275,33.28156,-115.955541,68,64.1,4326.25,0,0,1,0,1,0,0,0,0,0,0,0,1,0,0,0,1,0,1,0,0,0,1,0,0,0,0,0.19414729,False
92276,33.849263,-116.382778,6,44.4,263.05,0,1,0,0,0,1,0,0,0,0,0,0,0,0,0,0,0,0,1,0,1,0,0,1,0,1,0,0.67186886,False
92277,34.17211,-115.769773,2,20.05,39.25,0,0,0,0,1,0,0,0,1,1,0,1,0,1,0,1,0,1,0,1,0,0,0,1,0,0,1,0.387093,False
92278,34.457829,-116.139589,55,60.0,3316.1,1,1,1,0,1,0,1,0,0,0,1,0,1,0,0,0,0,0,0,0,0,1,0,0,1,0,0,0.23740116,False
92281,33.03679,-115.60503,38,69.5,2625.25,1,0,0,0,1,0,0,1,0,0,0,0,0,0,0,0,0,0,0,0,0,0,0,1,1,0,0,0.61272526,False
92283,32.852947,-114.850784,19,78.7,1495.1,1,0,0,0,1,0,0,1,0,0,0,0,0,0,0,0,0,0,1,0,0,0,0,1,0,0,0,0.6631231,False
92284,34.159534,-116.425984,12,60.65,743.3,0,0,0,0,0,1,0,0,0,0,0,0,1,0,1,0,1,0,1,0,1,1,0,0,0,1,0,0.43508357,False
92285,34.341737,-116.539416,72,21.15,1419.4,0,0,0,0,1,0,0,0,1,1,0,1,0,1,0,1,0,1,0,1,0,0,1,1,0,0,0,0.14561512,False
92301,34.667815,-117.536183,24,84.8,1990.5,1,0,1,1,1,0,1,0,0,0,1,0,0,0,1,0,1,0,1,0,1,1,0,1,0,0,1,0.19807677,False
92304,34.559882,-115.637164,72,103.2,7362.9,0,0,1,1,1,0,1,1,0,0,0,0,1,0,1,0,0,0,1,0,1,1,0,1,1,0,0,0.2802065,False
92305,34.1678,-116.86433,11,29.6,346.45,0,0,1,1,0,1,0,0,0,0,1,0,0,0,0,0,0,0,0,0,0,0,0,1,0,1,0,0.43615204,False
92308,34.424926,-117.184503,66,105.65,6844.5,1,0,0,0,1,0,0,1,0,0,1,0,0,0,1,0,1,0,1,0,1,0,1,1,0,0,0,0.3182539,False
